Sl No.,Date,Startup Name,Industry Category,Sub-Category,City  Location,Investors Name,Investment Type,Amount in USD,Remarks
1,9/1/2020,BYJU’S,E-Tech,E-learning,Bengaluru,Tiger Global Management,Private Equity Funding,"20,00,00,000",N/A
2,1/13/2020,Shuttl,Transportation,App based shuttle service,Gurgaon,Susquehanna Growth Equity,Series C,"80,48,394",N/A
3,9/1/2020,Mamaearth,E-commerce,Retailer of baby and toddler products,Bengaluru,Sequoia Capital India,Series B,"1,83,58,860",N/A
4,2/1/2020,Wealth Bucket,FinTech,Online Investment,New Delhi,Vinod Khatumal,Pre-series A,"30,00,000",N/A
5,2/1/2020,Fashor,Fashion and Apparel,Embroiled Clothes For Women,Mumbai,Sprout Venture Partners,Seed Funding,"18,00,000",N/A
6,1/13/2020,Pando,Logistics,"Open-market, freight management platform",Chennai,Chiratae Ventures,Series A,"90,00,000",N/A
7,10/1/2020,Zomato,Hospitality,Online Food Delivery Platform,Gurgaon,Ant Financial,Private Equity Funding,"15,00,00,000",N/A
8,12/12/2019,Ecozen,Technology,Agritech,Pune,Sathguru Catalyzer Advisors,Series A,"60,00,000",N/A
9,6/12/2019,CarDekho,E-Commerce,Automobile,Gurgaon,Ping An Global Voyager Fund,Series D,"7,00,00,000",N/A
10,3/12/2019,Dhruva Space,Aerospace,Satellite Communication,Bengaluru,"Mumbai Angels, Ravikanth Reddy",Seed Funding,"5,00,00,000",N/A
11,12/13/2019,Rivigo,Technology,Logistics Services and Solutions,Gurgaon,"SAIF Partners, Spring Canter Investment Ltd.",Series F,"2,00,00,000",N/A
12,12/17/2019,Healthians,B2B-focused foodtech startup,Food Solutions For Corporate,Bengaluru,"Paytm, NPTK, Sabre Partners and Neoplux",Series C,"1,20,00,000",N/A
13,12/16/2019,Licious,E-Commerce,Online Meat And Seafood Ordering Startup,Bengaluru,Vertex Growth Fund,Series E,"3,00,00,000",N/A
14,12/16/2019,InCred,Finance,Non-Banking Financial Company,Mumbai,N/A,Debt Funding,"59,00,000",N/A
15,12/14/2019,Trell,Video,Experience Discovery Platform,Bengaluru,Ruizheng Investment,Seed Funding,"20,00,000",N/A
16,11/12/2019,Rein Games,Gaming,Real money based gaming startup,Noida,Manipal Education and Medical Group (MEMG),Seed Funding,"5,00,00,000",N/A
17,12/20/2019,Lenskart.com,E-Commerce,Online Eyewear Shopping Portal,Faridabad,SoftBank Vision Fund,Series G,"23,10,00,000",N/A
18,11/13/2019,Freshworks,Software,Business and customer engagement tools,San Francisco,"Sequoia, CapitalG, Accel",Series H,"15,00,00,000",N/A
19,11/14/2019,Misters,Health and wellness,Men's Health and Wellness brand,Gurgaon,"Sauce.vc, Rainforest Ventures",Series B,"4,86,000",N/A
20,11/13/2019,Sunstone Eduversity Pvt. Ltd,Education,Elearning,Gurgaon,"Prime Venture Partners, LetsVenture, PS1 Venture and GlobalLogic co-founder Rajul Garg",Seed Funding,"15,00,000",N/A
21,11/17/2019,Burger Singh,Food and Beverage,Indian Burger Brand,Gurgaon,RB Investments,Venture,,N/A
22,11/18/2019,Healthians,Health and Wellness,Healthcare services,Gurgaon,"DG Daiwa Ventures, DG Incubation",Series B,"1,20,00,000",N/A
23,11/15/2019,Ninjacart,B2B Marketing,Agritech,Bengaluru,Trifecta Capital Advisors,Debt Funding,"2,60,00,000",N/A
24,11/20/2019,Aye Finance,FinTech,Financial Services To MSMEs,Gurgaon,FinTech,Debt Funding,"1,74,11,265",N/A
25,12/11/2019,SuperGaming,Video Games,Social gaming platform,Pune,Dream Incubator,Seed Funding,"13,00,000",N/A
26,11/20/2019,Clumio,SaaS,Recovery software,"San Jose,","Altimeter Capital, Sutter Hill Ventures",Series C,"13,50,00,000",N/A
27,11/11/2019,eBikeGo,Last Mile Transportation,Electric bike rental,Amritsar,Startup Buddy,Seed Funding,"3,00,000",N/A
28,11/19/2019,Digital Mall Asia,E-Commerce,Virtual e-commerce platform,Delhi,Amour Infrastructure,Seed Funding,"22,00,00,000",N/A
29,11/18/2019,Medikabazaar,Healthcare,B2B platform for medical supplies,Mumbai,"Ackermans & van Haaren, HealthQuad, Rebright Partners, Toppan Printing",Series B,"1,58,00,000",N/A
30,11/15/2019,Vogo Automotive,Last Mile Transportation,Scooter sharing app,Kormangala,"Matrix Partners, Stellaris Venture Partners, Kalaari Capital",Series B,"28,30,00,000",N/A
31,11/19/2019,Furtados School of Music,Education,Music Education,Tulangan,IAN Fund and DSG Consumer Partners,N/A,"20,00,00,000",N/A
32,11/25/2019,Paytm,FinTech,Mobile Wallet,Noida,Vijay Shekhar Sharma,Funding Round,"1,00,00,00,000",N/A
33,4/10/2019,Dunzo,Customer Service,Delivery Service,Bengaluru,Lightbox,Series D,"4,50,00,000",N/A
34,2/10/2019,Udaan,B2B,Business development,Bengaluru,"Altimeter Capital, DST Global",Series D,"58,50,00,000",N/A
35,10/21/2019,The Man Company,Consumer Goods,Beauty and Grooming,Gurgaon,Ayushmann Khurana,Corporate Round,,N/A
36,5/9/2019,FPL Technologies,FinTech,Financial Services,Pune,"Matrix Partners India, Sequoia India",Maiden Round,"45,00,000",N/A
37,4/9/2019,Cashflo,FinTech,Invoice discounting platform and SME lending marketplace,Mumbai,SAIF Partners,Series A,"33,00,000",N/A
38,4/9/2019,Digital F5,"Advertising, Marketing",Digital marketing firm,Mumbai,TIW Private Equity,Private Equity Funding,"60,00,000",N/A
39,4/9/2019,3rdFlix,SaaS,Education Technology,Hyderabad,Exfinity Venture Partners,pre-series A,"50,00,000",N/A
40,4/9/2019,75F,IoT,Building automation system,Burnsville,Breakthrough Energy Ventures,Series A,"1,80,00,000",N/A
41,4/9/2019,Myelin Foundry,Information Technology,Deep-technology,Bengaluru,Endiya Partners,Seed Funding,"10,00,000",N/A
42,4/9/2019,Atomberg Technology,Consumer Technology,"Consumer Electronics, Home Appliances",Mumbai,A91 Partners,Series A,"1,00,00,000",N/A
43,4/9/2019,GOQii,Health and Wellness,Wearable Fitness Bands,Menlo Park,Bennett Coleman and Company Ltd (BCCL),Series C,"45,00,00,000",N/A
44,3/9/2019,Vyapar App,Accounting,Mobile-based Accounting Software,Bengaluru,"India Quotient, Axilor Ventures",Series A,"50,00,000",N/A
45,1/8/2019,CarDekho,E-Commerce,Automotive,Gurgaon,SC GG India Mobility Holdings LLC,Series C,"2,00,00,000",N/A
46,1/8/2019,Progcap,Finance,Supply Chain Management,New Delhi,Sequoia India,Series A,"50,00,000",N/A
47,1/8/2019,MyPetrolPump,Retail,Fuel Delivery,Bengaluru,N/A,Seed Funding,"16,00,000",N/A
48,1/8/2019,Alteria Capital,Finance,VC Funds,Mumbai,"Azim Premji, Binny Bansal",Single Venture,"14,00,00,000",N/A
49,1/8/2019,Pine Labs,Information Technology,Last-mile retail transaction technology,Noida,Pine Labs Pte Ltd,Corporate Round,"3,80,80,000",N/A
50,12/8/2019,Meesho,E-Commerce,Social Commerce,Bengaluru,Naspers,Series D,"12,50,00,000",N/A
51,8/13/2019,Cars24,E-Commerce,Car Retail,Gurugram,MS Dhoni,Series D,"1,10,00,000",N/A
52,8/13/2019,Uniphore,Customer Service Platform,Conversational AI,Palo Alto,March Capital Partners,Series C,"5,10,00,000",N/A
53,8/23/2019,Zendrive,Automotive,Road Safety Analytics,San Francisco,XL Innovate,Series B,"3,70,00,000",N/A
54,8/23/2019,Lo! Foods,Consumer Goods,Low carb food for Diabetics,Bengaluru,"Rashmi Daga (founder, FreshMenu), Raveen Sastry (co-founder, Myntra) and Mitesh Shah (finance chief, BookMyShow)",Seed Funding,"5,00,000",N/A
55,8/23/2019,Tala,FinTech,Digital Lending Platform,Santa Monica,RPS Ventures,Series D,"11,00,00,000",N/A
56,8/22/2019,INDwealth,FinTech,Wealth Management,Gurgaon,Tiger Global Management,Venture ,"1,50,00,000",N/A
57,8/21/2019,HungerBox,Food and Beverage,B2B Foodtech,Bengaluru,One97 Communications Ltd.,Series C,"65,90,000",N/A
58,8/23/2019,AdmitKard,EdTech,University Admissions,Noida,Growth DNA,Seed Funding,"10,00,000",N/A
59,8/19/2019,Mishry Reviews,Services,Product Review,Gurgaon,Vir Sanghvi,Series A,,N/A
60,8/19/2019,Grofers,E-Commerce,Grocery Delivery,Gurgaon,Softbank Vision Fund,Series F,"7,00,00,000",N/A
61,8/27/2019,Rapido Bike Taxi,Transportation,Bike Taxi,Bengaluru,Westbridge Capital,Series B,"3,90,00,00,000",N/A
62,2/7/2019,RenewBuy,Finance,Auto Insurance,Gurgaon,"Lok Capital, IIFL Wealth",Series B,"1,90,00,000",N/A
63,2/7/2019,Atlan,Information Technology,Big Data,Singapore,WaterBridge Ventures,Pre-Series A,"25,00,000",N/A
64,1/7/2019,WizCounsel,Compliance,Consulting,New Delhi,Kapil Dev,Angel Funding,"1,45,000",N/A
65,3/7/2019,Ola Cabs,Transport,Cabs,Kormangala,"DIG Investment Ab, Deshe Holdings, Samih Toukan and Hussam Khoury",Series J,"10,00,000",N/A
66,1/7/2019,Uniphore,Artificial Intelligence,Speech Recognition,Taramani,March Capital Partners,Series C,"3,80,80,000",N/A
67,4/7/2019,Daalchini Technologies,Food and Beverage,Digital Vending Machine,New Delhi,Artha Venture,Seed Funding,"5,00,000",N/A
68,10/7/2019,"""BYJU\\'S""",EdTech,Education,Bengaluru,Qatar Investment Authority,Private Equity Funding,"15,00,00,000",N/A
69,11/7/2019,Moglix,E-Commerce,Industrial Tools and Equipments,Singapore,"Composite Capital Management, Sequoia Capital India, Tiger Global Management",Series D,"6,00,00,000",N/A
70,10/7/2019,Ezyhaul,Tech,Logistics,Singapore,Undisclosed,Series B,"1,60,00,000",N/A
71,10/7/2019,Indus OS,Tech,Smartphone Operating System,Andheri,Ventureast,Series B,"57,50,000",N/A
72,10/7/2019,HealthAssure,Health Care,Primary care medical network,Mumbai,Blume Ventures,Series A,"25,00,000",N/A
73,9/7/2019,House of Msasaba,Luxury Label,Clothes and Apparel,Mumbai,Binny Bansal,Series A,"10,00,000",N/A
74,8/7/2019,Board Infinity,EdTech,Full-stack career platform,Chembur,Multiple Angel Investors,Angel Funding,"3,19,605",N/A
75,5/6/2019,NoBroker,E-Commerce,Real Estate,Bengaluru,General Atlantic,Series C,"5,10,00,000",N/A
76,4/6/2019,Bira91,Food and Beverage,Brewery,New Delhi,Anicut Capital,Debt Funding,"1,00,00,000",N/A
77,3/6/2019,FabHotels,E-Commerce,Hospitality,Gurgaon,"Goldman Sachs, Accel Partners and Qualcomm",N/A,"48,89,975.54",N/A
78,3/6/2019,Avail Finance,Finance,FinTech,Bengaluru,Matrix Partners,Series A,"90,00,000",N/A
79,4/6/2019,BharatPe,Finance,FinTech,New Delhi,Insight Partners,Series B,"7,50,00,000",N/A
80,4/6/2019,Recykal,Waste Management Service,Optimization,Hyderabad,"Triton Investment Advisors, Pidilite Industries director Ajay Parekh",pre-Series A,"2,60,00,000",N/A
81,3/6/2019,Agara Labs,Deep-Tech,Artificial Intelligence,Bengaluru,Blume Ventures and RTP Global,pre-Series A,"25,00,000",N/A
82,6/6/2019,Sistema.bio,Agriculture,Hybrid Reactor Biodigestor,Nairobi,"Shell Foundation, DILA CAPITAL, Engie RDE Fund, EcoEnterprise Fund, EDFIMC (ElectriFI), Endeavor Catalyst Fund, CoCapital, Triodos, Alpha Mundi, and Lendahand",N/A,"27,39,034.68",N/A
83,6/6/2019,Chakr Innovation,Energy,Renewable Energy,New Delhi,IAN Fund,Series A,"2,60,00,000",N/A
84,6/6/2019,Pratilipi,Digital Media,E-Books,Bengaluru,Qiming Venture Partners,Series B,"1,51,09,500.00",N/A
85,10/6/2019,Bolo App,Digital Media,Video Platform,Bengaluru,Nexus Venture Partners,Seed Funding,"4,30,200",N/A
86,10/6/2019,OkCredit,FinTech,Financial Services,Haryana,Tiger Global Management,Series A,"1,55,00,000",N/A
87,6/6/2019,Biz2Credit,FinTech,Online Lending Platform,New York,WestBridge Capital,Series B,"5,20,00,000",N/A
88,8/6/2019,Vogo Automotive Pvt. Ltd.,Transportation,Dockless Scooter Rental Company,Karnataka,Alteria Capital,Debt Funding,"35,84,000",N/A
89,4/6/2019,Leegality,Services,Digital Documentation,Mumbai/Bengaluru,Mumbai Angels,Series A,"34,00,000",N/A
90,6/5/2019,Ola Electric,Transport,Cabs,Bengaluru,Tata Sons,Series A,,N/A
91,6/5/2019,Saahas Zero Waste,Waste Management Service,Optimization,Bengaluru,C4D Partners,Venture - Series Unknown,"8,68,600",N/A
92,5/5/2019,StyleDotMe,E-commerce,Fashion and Shopping,Delhi,"Indian Angel Network and other angel investors, Innov8 founder Ritesh Malik, Josh Talks founders Supriya Paul and Shobha Banga, and former Hero Corporate president Rohit Chanana",Bridge Round,,N/A
93,1/5/2019,BlackBuck,Transport,Logistics,Bengaluru,"Goldman Sachs Investment Partners and Silicon Valley-based Accel, Wellington, Sequoia Capital, B Capital, LightStreet, Sands Capital and International Finance Corporation,",Series D,"15,00,00,000",N/A
94,2/5/2019,Zenoti,Saas,Beauty and Wellness Industry,Hyderabad,Tiger Global Management,Series C,"5,00,00,000",N/A
95,5/28/2019,Ather Energy,Automobile,Electric Vehicle,Bengaluru,Sachin Bansal,Series C,"5,10,00,000",N/A
96,5/28/2019,FreshVnF,Agtech,Fresh Agriculture Produces,Mumbai,Equanimity Ventures,Seed Funding,"14,00,00,000",N/A
97,5/30/2019,GlowRoad,E-commerce,Retail,Bengaluru,"Korea Investment Partners, Vertex Ventures",Series B,"1,15,00,000",N/A
98,5/31/2019,Bira91,Food and Beverage,Brewery,New Delhi,Sixth Sense Ventures,Series B,"56,00,000",N/A
99,4/16/2019,Kuvera,Finance,Wealth Management,Bengaluru,Eight Roads,Series A,"4,50,00,000",N/A
100,12/4/2019,Medlife,E-commerce,Online Medicine,Bengaluru,Prasid Uno Family Trust,Private Equity Funding,"1,70,00,000",N/A
101,10/4/2019,Kabadiwala,E-commerce,Waste Management,Bhopal,"Unilever, Beehive Capital Advisor, ABCOM Investments, Parekh Marine Transport,",Private Equity Funding,"4,30,665",N/A
102,4/13/2019,Tripoto,Social Media,Travel,New Delhi,"Orchid India, Hornbill Orchid India Fund, Chiratae Ventures (formerly IDG Ventures), 3one4 Capital, Lasmer NV",Series B,"35,91,375",N/A
103,12/4/2019,Azah,Health and Wellness,Organic wellness,Gurugram,Unnamed angel investors,Seed Funding,"2,00,000",N/A
104,11/4/2019,Setu,Fintech,Banking,Bengaluru,Lightspeed India Partners,Seed Funding,"35,00,000",N/A
105,10/4/2019,Toppr,Edtech,E-learning,Mumbai,Milestone,Debt Funding,"63,20,820",N/A
106,10/4/2019,Craftsvilla,E-commerce,Fashion and Apparel,Mumbai,Supera Pte Ltd,Inhouse Funding,"24,43,495",N/A
107,10/4/2019,Unacademy,Edtech,E-learning,Bengaluru,Kalyan Krishnamurthy,Angel / Seed Funding,"3,07,000",N/A
108,11/4/2019,CleverTap,SaaS,Mobile analytics and marketing,Mumbai,"Sequoia India, Tiger Global Management, Accel Partners",Series B,"2,60,00,000",N/A
109,4/19/2019,My Healthcare,E-commerce,Software Solutions,Bengaluru and Gurugram,Sixth Sense Ventures,Series A,"30,00,000",N/A
110,4/19/2019,KrazyBee,E-commerce,Lending Platform,Bengaluru,"BAC Acquisitions, Unifi AIF, BRD Securities, Northern R Capital",Debt Funding,"14,342,000+",N/A
111,4/17/2019,Shuttl,Transportation,Bus Aggregation,Gurugram,New Atlantic Ventures,Venture ,"50,00,000",N/A
112,4/17/2019,Increff,Technology,Supply-chain technology solutions,Bengaluru,"021 Capita, Binny Bansal",Series A,"30,00,000",N/A
113,1/2/2019,FleetX,AI,Logistics,Gurgaon,India Quotient and LetsVenture\\xe2\\x80\\x99s Angel Fund,Pre Series A,,N/A
114,8/2/2019,Zilingo,Ecommerce,Fashion & Apparel,India/Singapore,"Sequoia Capital and Temasek Holdings, EDBI, Burda Principal Investments, and Sofina",Series D,"22,60,00,000",N/A
115,2/13/2019,NanoClean Global,Nanotechnology,Anti-Pollution,New Delhi,"LetsVenture, PitchRight Venture, 91SpringBoard, AL Nour International Holdings and Mark V Investments",Series A,"6,00,000",N/A
116,2/14/2018,OyoRooms,Hospitality,Budget Rooms,Gurgaon,DiDi Chuxing,Equity,"10,00,00,000",N/A
117,3/1/2019,CarDekho,Automobile,Online Marketplace,Jaipur,"Sequoia India, Hillhouse Capital, Alphabet\\xe2\\x80\\x99s growth investment arm Capital G and Axis Bank",Series C,"11,00,00,000",N/A
118,4/1/2019,Vyome Therapeutics Inc.,Health and Wellness,Specialty pharmaceutical,India/US,"Iron Pillar, Perceptive Advisors, Romulus Capital and Kalaari Capital",Series D,"2,20,00,000",N/A
119,4/1/2019,Samunnati Financial Intermediation & Services Pvt. Ltd,Finance,Non-banking financial company,Chennai,"MASSIF, a Dutch government fund",Debt Funding,"50,00,000",N/A
120,4/12/2018,Manch,Social Media,Hyperlocal Content,Delhi,Stellaris Venture Partners,Seed Funding,"7,00,000",N/A
121,1/12/2018,UrbanClap Technologies Pvt. Ltd,Services Platform,Home services marketplace,New Delhi,Steadview Capital and Vy Capital.,Series D,"5,00,00,000",N/A
122,2/12/2018,Guiddoo,Travel Tech,Platform for travel agents,Mumbai,Individual Investors,Pre-Series A,"8,00,000",N/A
123,2/12/2018,Career Anna,Online Education,"Video-based certification, trainings",Gurugram,Individual Investors,Pre-Series A,"5,72,000",N/A
124,4/12/2018,Nagpur Wholesale,Online Marketplace,eCommerce,Nagpur,Omphalos Ventures India LLP,Seed Funding,"1,43,000",N/A
125,6/12/2018,ShopKirana,B2B,eCommerce,Indore,"Info Edge, AET Fund, Akatsuki and Incubate Fund from Japan and Better Capital AngelList syndicate.",Seed Funding,"20,00,000",N/A
126,6/12/2018,BuildSupply,"SaaS, Ecommerce","Real Estate, ERP",Gurugram,"Venture Highway, GREE Ventures, Space Matrix, Individual Investors",Series A,"35,00,000",N/A
127,1/11/2018,GoDesi,Food and Beverage,Regional Flavours,Bengaluru,Lead Angels Network,Angel / Seed Funding,"1,38,995",N/A
128,3/11/2018,Veritas Finance Ltd.,NBFC,MSME Finance,Chennai,"Norwest Venture Partners, CDC Group, the UK\\xe2\\x80\\x99s Development Finance Institution and P Surendra Pai",Series D,"2,77,99,000",N/A
129,6/11/2018,Meesho,Ecommerce,Social Commerce,Bengaluru,"Shunwei Capital, DST Partners and RPS Ventures",Series C,"5,00,00,000",N/A
130,8/11/2018,Mobile Premier League,Gaming,Mobile e-Sports,Bengaluru,Undisclosed,Series A,"5,00,000",N/A
131,8/11/2018,A&R Bon Vivants,Food,Meat Retail Chain,Jaipur,"RB Investments, Singapore",Equity,"10,00,000",N/A
132,12/11/2018,Blackbuck,Food Tech,POS For Online Ordering,"New York, Bengaluru",Tiger Global,Series A,"10,00,000",N/A
133,12/11/2018,MilkBAsket,Food,Micro-delivery grocery service,New Delhi,Mayfield Fund,Series B,"13,00,000",N/A
134,11/13/2018,DriveU,Transport,On-Demand Drivers,Bengaluru,Stevens Creek Ventures,Mezzanine,"10,00,000",N/A
135,11/14/2018,CleanseCar,Services,Car Wash,Bengaluru,Venture Catalysts,Angel / Seed Funding,"5,00,000",N/A
136,11/19/2018,Automation Anywhere,Automation,Robotics,California,SoftBank Vision Fund,Series B,"30,00,00,000",N/A
137,11/20/2018,HealthifyMe,Health and Wellness,Wellness Coach,Bengaluru,"Sistema Asia Fund, VC Samsung NEXT, Chiratae Ventures, Inventus Capital, Blume Ventures and Innoven Capital.",Series B (Extension),"60,00,000",N/A
138,11/21/2018,Genius Corner,Education,Personalized Learning,Noida,Individual investors,Seed Funding,"2,78,000",N/A
139,11/22/2018,Aavishkaar-Intellecap Group,Investment,SME Funding,Mumbai,Teachers Insurance and Annuity Association (TIAA),Equity,"3,10,00,000",N/A
140,11/22/2018,Skillbox,Social Network,Art,Gurugram,Individual investors,Seed Funding,,N/A
141,11/23/2018,Signzy,Financial Tech,Digital Onboarding Solution,Mumbai/Bengaluru,"Stellaris Venture Partners and Kalaari Capital, Rajan Anandan from Google, Dilip Khandwelwal from SAP Labs India, and Amrish Rau from PayU India",Series A,"34,00,000",N/A
142,11/24/2018,Engineer.ai,Software,AI Platform,India/US,"Lakestar and Jungle Ventures, Softbank\\xe2\\x80\\x99s DeepCore.",Series A,"2,95,00,000",N/A
143,11/25/2018,InCred Finance,Finance,SME Lending,India,"Paragon Partners, Individual Investors",Private Equity Funding,"4,20,00,000",N/A
144,11/25/2018,Roposo,Social Media,Video Sharing,Delhi,Bertelsmann India Investments,Series B,"17,00,000",N/A
145,1/10/2018,Northmist,Fashion,Mens Wear,Delhi,Prashant Jaiswal,Angel / Seed Funding,,N/A
146,2/10/2018,Origo Commodities India Pvt. Ltd,Logistics,Supply Chain,Hyderabad,"Cooperative Oikocredit, Caspian and Hivos-Triodos Fund",Angel / Seed Funding,"1,10,00,000",N/A
147,4/10/2018,Grover Zampa,Food,Wine,Mumbai,Ravi Viswanathan,Private Equity Funding,"82,00,000",N/A
148,5/10/2018,Droom,Automobile,New and Used Cars Platform,Gurgaon,ZigExN,Series E,"30,00,000",N/A
149,11/10/2018,Innov8,Real Estate,Co-Working,New Delhi,Credence Family Office,Pre-Series A,"40,00,000",N/A
150,12/10/2018,Blackbuck,Logistics Tech,Largest Trucking Platform,Bengaluru,Sequoia Capital India,Private Equity Funding,"1,46,80,000",N/A
151,12/10/2018,LetsTransport,Logistics Tech,Book Trucks Online,Bengaluru,Fosun International,Series C,"1,20,00,000",N/A
152,1/9/2018,Netmeds,Consumer Internet,Online Pharmacy Chain,Chennai,"Sistema Asia Fund, Sistema JSFC and Tanncam Investment",Private Equity Funding,"3,50,00,000",N/A
153,3/9/2018,Udaan,B2B Platform,Logistics and Shipping,Bengaluru,DST Global and Lightspeed Venture Partners\\xe2\\x80\\x99 global fund.,Private Equity Funding,"22,50,00,000",N/A
154,3/9/2018,Daily hunt,Consumer Internet,News and ebooks Mobile App,Bengaluru,Falcon Edge,Private Equity Funding,"63,90,000",N/A
155,4/9/2018,3HCare,Healthcare,Healthcare Service Provider,Delhi,N/A,Angel / Seed Funding,"10,00,000",N/A
156,4/9/2018,HappyGoEasy,Consumer Internet,Online Travel Agecy,Gurugram,"Korea Investment Partners (KIP), Samsung and China-based CITIC Capital and others",Private Equity Funding,,N/A
157,5/9/2018,Nykaa,Consumer Internet,Online Marketplace For Multi-brand Beauty Cosmetic and Wellness Products,Mumbai,Lighthouse,Private Equity Funding,"15,72,00,000",N/A
158,5/9/2018,Mad Street Den,Technology,Computer Vision And Artificial Intelligence (Ai) Platform,Chennai,KDDI,Private Equity Funding,,N/A
159,6/9/2018,Dream11,Consumer Internet,Online Gaming Platform,Mumbai,"Tencent, Kalaari Capital and Private equity firm Multiples Alternate Asset Management",Private Equity Funding,"10,00,00,000",N/A
160,10/9/2018,MamaEarth,Healthcare,Online Marketplace For Mother and Babycare Products,Gurugram,Stellaris Ventures & Others,Private Equity Funding,"40,00,000",N/A
161,11/9/2018,AutoGrid,Technology,AI-Based Energy Optimisation and Control Provider,Bengaluru,"CLP Holdings Group, Innogy, \\xc3\\x98rstead, and Tenaska",Private Equity Funding,"3,20,00,000",N/A
162,11/9/2018,Pharmeasy,Consumer Internet,Online Marketplace For Pharmaceutical Products,Mumbai,InnoVen Capital,Debt Funding,"55,00,000",N/A
163,11/9/2018,Upwards,Fin-Tech,Online Micro Lending Marketplace,Mumbai,"Shunwei Capital,Quotient, Mayfield & Others",Private Equity Funding,"50,00,000",N/A
164,12/9/2018,Kissht,Fin-Tech,Online lending Platform,Mumbai,"Vertex Ventures Southeast Asia (SEA) and India and Sistema Asia Fund, Fosun RZ Capital, Ventureast, and Endiya Partners.\\n\\n",Private Equity Funding,"3,00,00,000",N/A
165,1/8/2018,dishq,Food-Tech,Personalisation Technology Firm Focusing On The Food And Beverage Industry,Bengaluru,"Farm To Fork, Arts Alliance, The Syndicate Fund, Sven Hensen, Zeroth and Artesian Venture Partners",Angel / Seed Funding,"4,00,000",N/A
166,1/8/2018,HealthFin,Finance,Patient Financing Platform,Pune,"Axilor, Sprout Venture Partners and others",Angel / Seed Funding,,N/A
167,2/8/2018,Samosa Labs,Consumer Internet,Social Media and Chat Entertainment Platform,Hyderabad,Xiaomi and Sequoia Capital India,Private Equity Funding,"70,00,000",N/A
168,3/8/2018,ZiffyHomes,Consumer Internet,Online Home Rental Marketplace,Gurugram,Y Combinator,Private Equity Funding,"1,20,000",N/A
169,7/8/2018,My OmNamo,Consumer Internet,Holy Platform Offering Customised Puja Packages To Individuals and Corporates,Mumbai,N/A,Angel / Seed Funding,"10,00,000",N/A
170,7/8/2018,ShopX,Consumer Internet,Assisted E-commerce Platform,Bengaluru,Fung Strategic Holdings,Private Equity Funding,"3,50,00,000",N/A
171,7/8/2018,MakeMyTrip,Consumer Internet,Online Travel Aggregator,Gurugram,MakeMyTrip Limited,Private Equity Funding,"1,00,00,000",N/A
172,8/8/2018,Hansel io,Consumer Internet,Real-time Mobile App Management,Bengaluru,Vertex Ventures,Angel / Seed Funding,"40,00,000",N/A
173,8/8/2018,Metro Bikes,Consumer Internet,Online Bike Rental Marketplace,Bengaluru,"Sequoia Capital India Advisors, Accel Partners and G Raghunandan",Private Equity Funding,"1,22,00,000",N/A
174,8/8/2018,Phone Pe,Consumer Internet,UPI Payments App,Bengaluru,Flipkart,Private Equity Funding,"6,60,00,000",N/A
175,9/8/2018,quizizz,Ed-Tech,e-learning Platform,Bengaluru,"Nexus Venture Partners, Prime Venture Partners and Others",Angel / Seed Funding,"30,00,000",N/A
176,9/8/2018,Happy EMI,Fin-Tech,Consumer Financing Platform,Bengaluru,AJ Ventures and Jain International Trade Organisation (JITO),Angel / Seed Funding,"10,00,000",N/A
177,8/13/2018,Inthree,Consumer Internet,Rural E-commerce Platform,Chennai,"Ventureast, Orios Venture Partners and the IAN Fund",Angel / Seed Funding,"40,00,000",N/A
178,8/13/2018,Observe AI,Technology,AI Based Solutions Platform,Bengaluru,"Nexus Venture Partners, MGV, Liquid 2 Ventures, Hack VC, Emergent Ventures and Y Combinator",Private Equity Funding,"80,00,000",N/A
179,8/16/2018,Enakshi,Consumer Internet,AI Based Solutions Platform,Ahemadabad,N/A,Angel / Seed Funding,"1,14,811",N/A
180,8/17/2018,EazyDiner,Consumer Internet,Online Restaurant Table Reservation Platform,Gurugram,Denlow Investment Trust and Beenext,Private Equity Funding,"58,50,000",N/A
181,8/20/2018,Finzy,Finance,Online Loan Matchmaking Platform,Bengaluru,N/A,Angel / Seed Funding,"10,00,000",N/A
182,8/20/2018,RawPressery,Consumer Internet,Online Organic Juice Delivery Service,Mumbai,Alteria Capital,Debt Funding,"48,00,000",N/A
183,8/22/2018,Pi Ventures,Technology,Applied Artificial Intelligence and IoT focusedPlatform,Bengaluru,CDC Group plc,Private Equity Funding,"60,00,000",N/A
184,8/22/2018,Revv,Consumer Internet,Online Indian Car Rental Platform,Gurugram,"Hyundai, Edelweiss and Beenext, Dream Incubator, Sunjay Kapoor and Telama Investment",Private Equity Funding,"1,42,70,000",N/A
185,8/26/2018,ZestMoney,Consumer Internet,Online Lending Platform,Bengaluru,"Xiaomi,PayU, Ribbit Capital and Omidyar Network",Private Equity Funding,"1,34,00,000",N/A
186,8/26/2018,Shubh Loans,Fin-Tech,Customer Sourcing Platform,Bengaluru,"Saama Capital, SRI Capital, Beenext, and Pravega Ventures",Private Equity Funding,"42,00,000",N/A
187,8/27/2018,MyUpchar,Healthcare,Local Language Health Content App,Delhi,"Nexus Venture Partners, Omidyar Network and Shunwei Capital",Private Equity Funding,"50,00,000",N/A
188,8/28/2018,Narvar,IT,Post-Purchase Customer Engagement Platform,Bengaluru,Accel (formerly known as Accel Partners),Private Equity Funding,"30,00,000",N/A
189,8/30/2018,True North,Finance,Private Equity Firm,Mumbai,N/A,Private Equity Funding,"60,00,00,000",N/A
190,1/7/2018,Leena AI,Technology,HR Virtual Agent For Employees,Gurugram,Y Combinator,Angel / Seed Funding,,N/A
191,2/7/2018,Biryani By Kilo,Consumer Internet,Online Food Delivery,Gurugram,Ajay Relan and Vinay Mittal,Angel / Seed Funding,"10,00,000",N/A
192,4/7/2018,Anchanto,IT,E-commerce Fulfilment Platform,Pune,MDI Ventures & Telkom Indonesia,Private Equity Funding,"40,00,000",N/A
193,5/7/2018,Loan Tap,Consumer Internet,Online Lending Platform For Salaried Professionals,Mumbai,"Shunwei Capital, Tuscan Ventures, Ashish Goenka, VC firms India Quotient and Kae Capital",Private Equity Funding,"62,50,000",N/A
194,6/7/2018,PolicyBazaar,Consumer Internet,Online Insurance Selling Platform,Gurugram,Info Edge (India) Ltd and Temasek,Private Equity Funding,"2,77,00,000",N/A
195,9/7/2018,zippserv,Consumer Internet,Online Platform For Risk-Assessment Services For Real Estate Investments,Bengaluru,Info Edge (India) Ltd,Angel / Seed Funding,"4,40,000",N/A
196,9/7/2018,Groww,Consumer Internet,Online Platform That Sells Direct Plans Of Mutual Funds,Bengaluru,"Insignia Ventures Partners, Lightbridge Partners & Kairos",Angel / Seed Funding,"11,00,000",N/A
197,10/7/2018,Avenue Growth,Consumer Internet,Online Platform That Connects Brands With Freelance Sales Professionals,Gurugram,"Avtar Monga, chief operating office at IDFC Bank, Aditya Malik & Others",Angel / Seed Funding,"4,37,000",N/A
198,10/7/2018,iNICU,Healthcare,Med-tech Platform Providing Care For Newborns,Delhi,Venture Catalysts,Angel / Seed Funding,,N/A
199,10/7/2018,Kinara Capital,Finance,Lending Platform For Micro and Small Enterprises,Bengaluru,ResponsAbility,Private Equity Funding,"50,00,000",N/A
200,10/7/2018,Shop 101,Consumer Internet,Mobile Storefront And Commerce Platform For Sellers,Mumbai,"Stellaris Venture Partners, Vy Capital, Raghunandan G, and Ramakant Sharma",Private Equity Funding,"50,00,000",N/A
201,11/7/2018,Sambandh,Consumer Internet,Online Micro Lending Platform,Rourkela,Base of Pyramid Asia (BOPA) Pte Ltd,Private Equity Funding,"25,00,000",N/A
202,12/7/2018,19th mile,IT,Artificial intelligence-based sales acceleration software platform,Gurugram,"Rishi Vasudev, Excelsior Investments, Ritesh Vohra, Praveer Kumar, Prashant Gupta and Others",Angel / Seed Funding,"1,80,000",N/A
203,12/7/2018,5th Vital,Healthcare,Home diagnostics services provider,Bengaluru,Brand Capital and Others,Angel / Seed Funding,"5,00,000",N/A
204,7/13/2018,MEngage,Healthcare,A Doctor-Patient Engagement Platform,Jaipur,"Siddharth Agarwal, Mahavir Sharma, Amit Singal, 100 Co-founders Lab and others.",Angel / Seed Funding,"1,75,000",N/A
205,7/17/2018,Ofbusiness,Finance,Online Lending Platform For SME,Gurugram,"Creation Investments, Falcon Edge, Matrix Partners India and Zodius Capital",Private Equity Funding,"2,90,00,000",N/A
206,7/17/2018,Cars24,Consumer Internet,Online Used Car Marketplace,Gurugram,"Kingsway FCI Fund, KCK Global & Others",Private Equity Funding,"4,97,00,000",N/A
207,7/18/2018,The Ken,Consumer Internet,Subscription-Only News Website,Bengaluru,Omidyar Network & Others,Angel / Seed Funding,"15,00,000",N/A
208,7/19/2018,Book My Show,Consumer Internet,Online Ticketing Platform,Mumbai,"TPG Growth, The Rise Fund & Others",Private Equity Funding,"10,00,00,000",N/A
209,7/20/2018,HousingMan,Consumer Internet,Property Discovery Platform,Bengaluru,N/A,Angel / Seed Funding,"15,00,000",N/A
210,7/21/2018,PaySense,Consumer Internet,Online Consumer Lending Platform,Mumbai,PayU & Others,Private Equity Funding,"1,80,00,000",N/A
211,7/23/2018,Yulu Bikes,Technology,Bicycle-Sharing Platform,Bengaluru,N/A,Angel / Seed Funding,,N/A
212,7/23/2018,VTION,Technology,Media Analytics,Gurugram,"AngelList, Rahul Khanna, Rajeev Arora and Ram Ramsundar.",Angel / Seed Funding,"2,80,000",N/A
213,7/23/2018,Log9 Materials,Technology,Nanotechnology Company Specializing In Graphene,Bengaluru,"Metaform Ventures, Hemant Luthra, Micro venture capital firm GEMS Partners and Others",Angel / Seed Funding,"4,36,000",N/A
214,7/24/2018,kidovators,Ed-Tech,Skill Learning Platform,Bengaluru,Gray Matters,Angel / Seed Funding,"1,80,000",N/A
215,7/24/2018,Digit,Consumer Internet,Online Insurance Startup,Pune,Fairfax,Private Equity Funding,"4,50,00,000",N/A
216,7/25/2018,Black Soil,Finance,Non-Banking Financial Company,Mumbai,"Allcargo Logistics, Navneet Education and Mahavir Agency",Private Equity Funding,"1,70,00,000",N/A
217,7/25/2018,Trell,Consumer Internet,Mobile-First Video Blogging App,Bengaluru,"BeeNext , WEH Ventures and Sprout Ventures",Angel / Seed Funding,"12,50,000",N/A
218,7/25/2018,iqlect,Technology,Data Analytics Firm,Bengaluru,Ventureast and Exfinity,Angel / Seed Funding,"25,00,000",N/A
219,7/26/2018,Entropik,IT,Software-As-A-Service Platform,Bengaluru,"Bharat Innovation, IDFC-Parampara Capital, Arthavida Ventures, Jitendra Gupta & Others",Angel / Seed Funding,"11,00,000",N/A
220,7/26/2018,Bitla Software,Technology,Travel-Focused Tech Startup,Bengaluru,MakeMyTrip,Private Equity Funding,,N/A
221,7/26/2018,TheCapitalNet,Fin-Tech,Unified Global Investments Ecosystem,Hyderabad,Lindwall Family Investments LLC (LFI),Private Equity Funding,"5,00,000",N/A
222,7/30/2018,Shuttl,Consumer Internet,Bus Aggregation Platform,Gurugram,Amazon Alexa Fund & Dentsu Ventures,Private Equity Funding,"1,10,00,000",N/A
223,7/30/2018,Cure Fit,Consumer Internet,Health and fitness Platform,Bengaluru,"IDG Ventures, Accel Partners, Kalaari Capital and Others",Private Equity Funding,"12,00,00,000",N/A
224,7/31/2018,Five Star Group,Fin-Tech,Non-Bank Lending Platform For SME,Chennai,"TPG, Norwest Venture Partners, Sequoia Capital & Matrix Partners",Private Equity Funding,"10,00,00,000",N/A
225,7/31/2018,Healthsignz,Healthcare,Health and Well being Platform,Hyderabad,Kantilal Patel,Angel / Seed Funding,"50,00,000",N/A
226,1/6/2018,CoinTribe,Finance,Credit-Based Lending Marketplace For Small And Medium Enterprises,Gurugram,"Sabre Partners, Puneet Dalmia & Others",Private Equity Funding,"1,00,00,000",N/A
227,4/6/2018,Digiconectt,Technology,Sales Analytics and Enablement Platform,Bengaluru,Aspire Logistics LLC,Angel / Seed Funding,"1,25,000",N/A
228,4/6/2018,Kashmir Box,E-Commerce,"Online Marketplace For Handicrafts, Handlooms And Local Produce",Srinagar,"Bhairavi Jani, Alok Divatia, Namrata Kaul, Sohail Hashemi, Aijaz Saleem",Angel / Seed Funding,,N/A
229,5/6/2018,Crowdera,Finance,Online Crowdfunding Platform,Nagpur,"Anil Advani, Pramod Jain, Amrendra Reddy and Manish Satnaliwala.",Angel / Seed Funding,,N/A
230,5/6/2018,Zoctr,Healthcare,Online Healthcare Aggregator,Mumbai,NB Ventures and Others,Angel / Seed Funding,,N/A
231,7/6/2018,Annapurna Finance,Finance,Non-Banking Financial Company,Bhubneswar,Oman India Joint Investment Fund (OIJIF),Private Equity Funding,"2,30,00,000",N/A
232,7/6/2018,Meesho,Consumer Internet,Online Marketplace For Resellers,Bengaluru,"Sequoia Capital India, SAIF Partners, Y Combinator and Venture Highway",Private Equity Funding,"1,15,00,000",N/A
233,10/6/2018,AyeFinance,Finance,Online Lending Platform,Gurugram,"CapitalG, SAIF Partners and LGT Impact Ventures",Private Equity Funding,"2,15,00,000",N/A
234,11/6/2018,Theranosis,Healthcare,Specialised diagnostics Platform,Hyderabad,Mumbai Angels Network,Angel / Seed Funding,,N/A
235,12/6/2018,Alpha Capital,Finance,Supplychain Finance,Mumbai,Alpha Capital,Private Equity Funding,"1,48,00,000",N/A
236,12/6/2018,eshakti,E-Commerce,Fashion e-tailer,Chennai,Paragon Partners,Private Equity Funding,"1,01,00,000",N/A
237,12/6/2018,Daily Ninja,Consumer Internet,Hyperlocal Delivery Platform,Bengaluru,Saama Capital and Sequoia Capital,Angel / Seed Funding,"30,00,000",N/A
238,6/13/2018,NirogStreet,Healthcare,An Online Platform That Connects Ayurveda Doctors With Patients,Gurugram,"Spiral Ventures, Subho Ray and Samir Kumar",Angel / Seed Funding,"3,000,00",N/A
239,6/13/2018,Nivesh,Finance,Mass Market Mutual Fund Investment Platform,Noida,"LetsVenture, Rajan Anandan, Basab Pradhan, Vivek Khare and Bijoy George",Angel / Seed Funding,"4,50,000",N/A
240,6/13/2018,What\\xe2\\x80\\x99s Up Life,Consumer Internet,"A Local Discovery App For Dining-Out, Party, Leisure and Events",Gurugram,Rannvijay Singha,Angel / Seed Funding,,N/A
241,6/14/2018,HomeLane,Consumer Internet,Online Home Furnishing Solutions,Bengaluru,Brand Capital,Angel / Seed Funding,"34,50,000",N/A
242,6/14/2018,Network Intelligence,Technology,Cybersecurity Specialist,Mumbai,Helix Investments,Private Equity Funding,"48,00,000",N/A
243,6/18/2018,Tynor Othontics,Healthcare,Prosthetics Manufacturers,Chandigarh,Lighthouse Funds & Thuasne Participations,Private Equity Funding,"2,10,00,000",N/A
244,6/18/2018,Elucidata,IT,Data Analytics (SaaS),Delhi & Cambridge,Hyperplane Venture Capital and several angel investors,Angel / Seed Funding,"17,00,000",N/A
245,6/19/2018,Chrysalis,Ed-Tech,Education Services Provider,Pune,Menterra Venture & Artha Initiatives,Angel / Seed Funding,,N/A
246,6/19/2018,RentSher,Consumer Internet,Online Rental Marketplace,Bengaluru,"Shorooq Investments, LetsVenture & Others",Angel / Seed Funding,"11,00,000",N/A
247,6/20/2018,Drip capital,Finance,Trade Finance Firm,Mumbai,"Accel Partners, Sequoia India, Y Combinator and others.",Private Equity Funding,"1,50,00,000",N/A
248,6/22/2018,WickedRide,Consumer Internet,Online Motorbike And Scooter Rental Platforms,Bengaluru,"Sequoia Capital, Accel Partners & Raghunandan Gangappa",Private Equity Funding,"91,00,000",N/A
249,6/25/2018,PolicyBazaar,Consumer Internet,Online Insurance Selling Platform,Gurugram,SoftBank Vision Fund & Info Edge (India) Ltd,Private Equity Funding,"20,00,00,000",N/A
250,6/25/2018,HipBar,Consumer Internet,Digital Payment Platform For Beverage Delivery,Bengaluru,Diageo India,Private Equity Funding,"40,00,000",N/A
251,6/25/2018,Sqqrl,Finance,App-based investment platform,Gurugram,Equanimity Venture Fund,Angel / Seed Funding,"10,00,000",N/A
252,6/26/2018,Paytm,Technology,Digital Payment Platform,Noida,One 97 Communications,Private Equity Funding,"89,50,000",N/A
253,6/26/2018,Sigtuple,Healthcare,Data Driven Intelligence Solutions Platform,Bengaluru,"Accel Partners, IDG Venture, Endiya Partners, pi Ventures, VH Capital, Axilor Ventures and Binny Bansal",Private Equity Funding,"1,90,00,000",N/A
254,6/27/2018,Wow Express,Technology,E-commerce Logistics Platform,Mumbai,Undisclosed Existing Investors As Well As The Tamarind Family Trust,Private Equity Funding,"45,00,000",N/A
255,6/28/2018,Front Desk AI,Technology,An AI Platform Offering Automated Customer Service Software,Bengaluru,Speciale Invest & Others,Angel / Seed Funding,"11,00,000",N/A
256,6/28/2018,Edureka,Ed-Tech,Online Education Platform,Bengaluru,Leo Capital,Angel / Seed Funding,"20,00,000",N/A
257,6/29/2018,Numeroseven,Technology,An Artificial Intelligence-Based Recruitment Platform,Kolkatta,Shiva Gunapu & Others,Angel / Seed Funding,,N/A
258,2/5/2018,OpenTap,Finance,Online Lending Platform,Chennai,Unknown High Net-Worth Individuals,Angel / Seed Funding,"4,50,000",N/A
259,2/5/2018,Bizongo,Consumer Internet,Aggregator For Packaging Material,Mumbai,"B Capital, International Finance Corporation (IFC), Accel Partners and IDG Ventures",Private Equity Funding,"2,20,00,000",N/A
260,3/5/2018,Disprz,IT,SaaS,Chennai,"IL&FS Private Equity, Kae Capital & Others",Angel / Seed Funding,"25,00,000",N/A
261,7/5/2018,PaisaDukan,Consumer Internet,P2P Lending Platform,Mumbai,N/A,Angel / Seed Funding,"2,25,000",N/A
262,9/5/2018,i3sysytems,Technology,AI product company For Health and Life Insurane Companies,Mumbai,"Unitus Ventures, Behram Vakil and Jerxis Vandrevala",Angel / Seed Funding,"10,00,000",N/A
263,11/5/2018,Earth Food,Consumer Internet,Agri-tech,Pune,Rairah Corporation,Angel / Seed Funding,"9,49,000",N/A
264,5/14/2018,Nykaa,Consumer Internet,Beauty e-tailer,Mumbai,"Sunil Munjal, Harsh Mariwala, Dalip Pathak and Others",Private Equity Funding,"2,40,00,000",N/A
265,5/16/2018,mfine,Healthcare,Doctor-Consultation App,Bengaluru,"Prime Venture Partners, Stellaris Venture Partners and Mayur Abhaya Srisrimal",Private Equity Funding,"$4,200,000.00",N/A
266,5/21/2018,Rocketium,Technology,Online Video Creation Platform,Bengaluru,Blume ventures,Angel / Seed Funding,"3,00,000",N/A
267,5/21/2018,MilkBasket,Technology,Micro-Delivery Grocery Startup,Gurugram,"Kalaari Capital, Unilever Ventures and Blume Ventures",Private Equity Funding,"70,00,000",N/A
268,5/22/2018,Vola,Finance,Micro Lending Platform,Bengaluru,Credika and unnamed angel investors,Angel / Seed Funding,"5,00,000",N/A
269,5/22/2018,Cashkumar,Consumer Internet,P2P Lending Platform,Bengaluru,LetsVenture,Angel / Seed Funding,"7,35,000",N/A
270,5/23/2018,Edyoo,E-Commerce,Products For Shoolgoing Children,Bengaluru,RS Shanbag,Angel / Seed Funding,"7,35,000",N/A
271,5/23/2018,Aashiyaan,Finance,Housing Finance For Low-Income Families,Kolkata,"Insistor, Oikocredit",Angel / Seed Funding,"20,00,000",N/A
272,5/24/2018,Smartivity,Ed-tech,Designer Of Toys and Learning Projects For Kids,Delhi,"Ashish Kacholi, S Chand Group",Angel / Seed Funding,"20,00,000",N/A
273,5/24/2018,Bonphulapl,Clean-tech,Oxygen Optimiser Manufacturer,Delhi,Atul Gupta and Saurabh Rastogi,Angel / Seed Funding,"2,93,000",N/A
274,5/27/2018,Acko,Consumer Internet,Online Insurance Platform,Mumbai,"Amazon, Ashish Dhawan, Catamaran Ventures, NR Narayana Murthy.",Angel / Seed Funding,"1,20,00,000",N/A
275,5/28/2018,HWell24,Healthcare,Home Healthcare Aggregator,Mumbai,"Prashant Mehta, Mitali Pawar, Nikhil G and Bhavesh P, R Ranganathan, ONCOTRUST and Medintel Services Pvt. Ltd",Angel / Seed Funding,"2,00,000",N/A
276,5/29/2018,Toffee,Consumer Internet,Online Insurance Platform,Gurugram,"Kalaari Capital, Omidyar Network and Accion Venture Labs",Angel / Seed Funding,"15,00,000",N/A
277,5/29/2018,Tonetag,Technology,Mobile Payments Technology Platform,Bengaluru,Amazon Inc. and Mastercard,Private Equity Funding,"80,00,000",N/A
278,5/30/2018,Events High,Consumer Internet,Events and Activities Discovery Platform,Bengaluru,Treebo,Private Equity Funding,,N/A
279,5/30/2018,Stellaps,Technology,Iot Application Platform In Agriculture,Bengaluru,"IndusAge Partners, Bill & Melinda Gates Foundation, Qualcomm Venture, ABB Technology Ventures, Omnivore, Blume Ventures, Venture Highway and BEENEXT",Private Equity Funding,"1,40,00,000",N/A
280,5/31/2018,Credright,Consumer Internet,Lending Platform For SMEs,Hyderabad,"Accion Venture Lab, YourNest Venture Capital And Other Angel Investors",Angel / Seed Funding,"13,000,00",N/A
281,2/4/2018,Fitternity,Consumer Internet,Online Fitness Discovey Platform,Mumbai,"Exfinity Venture, Saha fund Partners, Arihant Patni of Patni Family Office, Anjali Bansal, Shardul Amarchand Mangaldas, Satish Khanna and Taparia family office.",Private Equity Funding,"20,00,000",N/A
282,2/4/2018,Synctag,Technology,Social Media Anlaytics Platform,Coimbatore,Subhkam Ventures and Mohit Khadaria,Angel / Seed Funding,"3,07,600",N/A
283,2/4/2018,Benepik,Technology,Enhanced Employee Engagement Platform,Gurugram,"Vishal Bali, Yogesh Misra, Thomas Assessments and others",Angel / Seed Funding,,N/A
284,2/4/2018,Finzy,Consumer Internet,Online Loan Matchmaking Platform,Bengaluru,N/A,Angel / Seed Funding,"13,00,000",N/A
285,4/4/2018,Varthana,Finance,Loans and Services To Affordable Private Schools in India,Bengaluru,"ChrysCapital, Existing investors, Elevar Equity, LGT Impact, Omidyar Network and Kaizen Private Equity also participated in the round",Private Equity Funding,"5,50,00,000",N/A
286,5/4/2018,IndigoLearn,Ed-Tech,Online Education Platform,Hyderabad,"Maheshwar Peri, founder and chairman of career information portal Careers360, and Jamshed Jeejeebhoy, director at Byramjee Jeejeebhoy Pvt. Ltd were among the angels",Angel / Seed Funding,"1,50,000",N/A
287,5/4/2018,Vedantu,Ed-Tech,Interactive Online Tutoring Platform,Bangalore,"Accel Partners, Tiger Global And Others",Private Equity Funding,"1,00,00,000",N/A
288,9/4/2018,Kaleidofin,Fiinance,Digital Financial Services Platform,Chennai,Omidyar Network. Blume Ventures and Professor Shlomo Ben-Haim,Angel / Seed Funding,"28,00,000",N/A
289,9/4/2018,Pipabella,Consumer Internet,Fashion Accessories Etailer,Mumbai,Fireside Ventures,Angel / Seed Funding,"1,000,000,",N/A
290,9/4/2018,Elemential,Technology,Blockchain Platform,Mumbai,"Matrix Partner, Amrish Rau, Investopad, Digital Currency Group, Hinduja Group, Lightspeed India, Eight Innovate, Amit Ranjan, Prashant Malik and others",Angel / Seed Funding,,N/A
291,9/4/2018,Kriger Campus,Ed-Tech,Mobile-Based Education Network,Delhi,N/A,Angel / Seed Funding,"$46,140.00",N/A
292,10/4/2018,Loanzen,Finance,Digital Lending Platform In Logistics,Bengaluru,Kae Capital Management,Angel / Seed Funding,,N/A
293,10/4/2018,TravelTriangle,Consumer Internet,Online Travel Marketplace,Gurugram,"Fundamentum, SAIF Partners, Bessemer Venture Partners, RB investments & Others",Private Equity Funding,"1,20,00,000",N/A
294,12/4/2018,Letsmd,Healthcare,Platform To Discover Healthcare Financing Options,Delhi,"SRI Capital, Waterbridge Ventures and ThinKuvate",Angel / Seed Funding,"10,00,000",N/A
295,12/4/2018,AyeFinance,Finance,Online Lending Platform,Gurugram,"BlueOrchard Finance Ltd, Hinduja Leyland Finance and IntelleGrow",Debt Funding,"46,000,00",N/A
296,4/13/2018,mintifi,Finance,Online Lending Platform,Mumbai,Lok Capital,Angel / Seed Funding,"20,00,000",N/A
297,4/16/2018,icanstay,Consumer Internet,Online Platform For Luxury Hotel Stay For Business Travelers,Delhi,Mr. Manoj Prasad,Angel / Seed Funding,"5,00,000",N/A
298,4/16/2018,Pregbuddy,Healthcare,Connected Care App For Pregnant Women,Bengaluru,"Rajan Anandan, Madhusudhan Kannan, Jayant Kadambi, Puneet Gupta and Pradeep K Jaisingh",Angel / Seed Funding,,N/A
299,4/18/2018,Coverfox,Consumer Internet,Online Insurance Aggregator,Mumbai,"International Finance Corporation, Transamerica and others.",Private Equity Funding,"2,20,00,000",N/A
300,4/19/2018,Lenskart,Consumer Internet,Online Eyewear Retailer,Faridabad,TR Capital,Private Equity Funding,,N/A
301,4/19/2018,mamaearth,Healthcare,Online Baby care Products,Gurugram,Shilpa Shetty Kundra,Private Equity Funding,,N/A
302,4/19/2018,Fyle Technologies,Technology,AI Based Expense Management Platform,Bengaluru,Pravega Ventures and Beenext,Angel / Seed Funding,"11,000,00",N/A
303,4/19/2018,True Balance,Technology,Mobile Balance Checking App,Gurugram,"Line Ventures Corporation, Line Corp, Naver, Shinhan Bank and TS Investment",Private Equity Funding,"2,30,00,000",N/A
304,4/22/2018,Visit,Healthcare,AI Driven Health tech Platform,Delhi,"Biz Stone, Kunal Bahl, Rohit Bansal, Alagu Periyannan and Karthee Madasamy",Private Equity Funding,,N/A
305,4/22/2018,Doxper,Healthcare,Digitized Health-Tech Solutions For Practitioners,Mumbai,Vidal Healthcare,Angel / Seed Funding,"19,00,000",N/A
306,4/22/2018,Nykaa,Consumer Internet,Beauty e-tailer,Mumbai,"Sunil Munjal, Harsh Mariwala, Dalip Pathak and Others",Private Equity Funding,"1,10,00,000",N/A
307,4/23/2018,Mihuru,Finance,Online Platform Providing Micro Loans For Air Travel,Mumbai,N/A,Angel / Seed Funding,"1,50,000",N/A
308,4/23/2018,Capital Float,Finance,Online Lending Platform,Bengaluru,Amazon,Private Equity Funding,"2,20,00,000",N/A
309,4/25/2018,Trip shelf,Consumer Internet,Online Travel Marketplace,Delhi,"GEMS Advisory, Alok Mittal and Sachin Bhatia",Angel / Seed Funding,"2,46,000",N/A
310,4/26/2018,POPxo,Technology,Women Focussed Digital Media Platform,Delhi,"Neoplux, OPPO, IDG Ventures India, Kalaari Capital, GREE Ventures and Summit Media",Private Equity Funding,"55,00,000",N/A
311,4/26/2018,RailYatri,Consumer Internet,Online Travel Ticketing Platform,Noida,"Omidyar Network, Nandan Nilekani, Blume Ventures, Helion Venture Partners",Private Equity Funding,,N/A
312,4/27/2018,1mg,Consumer Internet,Online Pharmacy Store,Gurugram,"Sequoia Capital, Maverick Capital Ltd and HBM Healthcare Investments Ltd",Private Equity Funding,"1,00,00,000",N/A
313,4/29/2018,Rubique,Consumer Internet,Online Lending MarketPlace,Mumbai,"Emery Capital, Blacksoil and Kalaari Capital",Private Equity Funding,,N/A
314,4/30/2018,Samco,Consumer Internet,Online Stock Broker,Mumbai,Bay Capital Investments and Others,Private Equity Funding,"75,00,000",N/A
315,4/30/2018,MyLoanCare,Finance,B2C Online Loans Marketplace,Gurgaon,SAR Group,Angel / Seed Funding,"9,78,000",N/A
316,1/3/2018,PharmEasy,Consumer Internet,Online Pharmacy Store,Mumbai,"Bessemer Venture Partners and Orios Venture Partners, JM Financials and MEMG",Private Equity Funding,,N/A
317,1/3/2018,Buddy4studdy,Consumer Internet,Online Scholarship Portal,Noida,CBA Capital and others,Private Equity Funding,"30,00,000",N/A
318,1/3/2018,Urban Ladder,E-Commerce,Online Furniture Store,Bengaluru,"Sequoia Capital, SAIF Partners and Kalaari capital",Private Equity Funding,"1,20,00,000",N/A
319,3/3/2018,Kuvera,Consumer Internet,Online Financial Planning,Bengaluru,"Baskar Subramanian, Saket Kumar, Gaurav Suri and Ankit Kesarwani",Angel / Seed Funding,"2,50,000",N/A
320,4/3/2018,Gramophone,Technology,Agri-tech,Indore,InfoEdge,Angel / Seed Funding,"10,00,000",N/A
321,5/3/2018,Wellthy,Healthcare,Therapeutics,Mumbai,"Ranjan Pai, Apoorva Patni, Beenext Ventures,GrowX Ventures",Private Equity Funding,"21,00,000",N/A
322,5/3/2018,MedGenome,Healthcare,"Genetic Screening, DNA Diagnostics Labs & Research Centers",Bengaluru,"HDFC Life, HDFC Asset Management",Private Equity Funding,"1,00,00,000",N/A
323,5/3/2018,Finova Capital,Consumer Internet,Online Lending,Jaipur,Sequoia Capital,Private Equity Funding,"60,00,000",N/A
324,5/3/2018,Hotelogix,Technology,Cloud based Online Hotel Management Software,Noida,"Vertex Ventures, Accel Partners and Saama Capital",Private Equity Funding,"50,00,000",N/A
325,4/3/2018,Livehealth,Consumer Internet,Health Service Aggregator Platform,Pune,Nexus Venture Partners,Angel / Seed Funding,"11,00,000",N/A
326,6/3/2018,Ad2pro,Technology,"Creative Design, Brand, Media and Technology Platform Solutions",Chennai,Avendus Finance Pvt. Ltd,Debt Funding,"97,00,000",N/A
327,6/3/2018,Coverfox,Consumer Internet,Online Insurance Aggregator,Mumbai,Aegon NV,Private Equity Funding,"76,00,000",N/A
328,8/3/2018,Pepperfry,Consumer Internet,Online Furniture Shopping Store,Mumbai,State Street Global Advisors,Private Equity Funding,"3,84,00,000",N/A
329,8/3/2018,Magicpin,Consumer Internet,Hyperlocal Discovery,Gurugram,Trifecta Capital,Debt Funding,"10,00,000",N/A
330,12/3/2018,HealthCare,Consumer Internet,Healthcare Aggregator,Mumbai,HR Fund,Angel / Seed Funding,"10,00,000",N/A
331,3/13/2018,PineLabs,Technology,Digital Payment Platform,Mumbai,"Actis, Altimeter Capital",Private Equity Funding,"8,20,00,000",N/A
332,3/14/2018,Stumagz,Consumer Internet,Online Communication and Collaboration Platform For Educational Institutions,Hyderabad,"Venkat Subramanian, Sudhakar Pennam, and other tech investors from Silicon Valley",Angel / Seed Funding,,N/A
333,3/14/2018,AvailFinance,Consumer Internet,Online Lending Platform,Bengaluru,"Matrix Partners, Bhavish Aggarwal, Ankit Bhati, Binny Bansal, Kunal Shah and Manish Patel.",Private Equity Funding,"1,72,00,000",N/A
334,3/15/2018,Grofers,Consumer Internet,Online Grocery Shop,Gurugram,"SoftBank, Tiger Global and Apoletto Managers.",Private Equity Funding,"6,20,00,000",N/A
335,3/19/2018,Fingerlix,Consumer Internet,Ready To cook Food Solution,Mumbai,Alteria Capital,Debt Funding,"13,10,000",N/A
336,3/19/2018,Karma Healthcare,Healthcare,Technology enabled equitable healthcare for India,Udaipur,"1Crowd, Ankur Capital",Angel / Seed Funding,"5,00,000",N/A
337,3/19/2018,Zappfresh,Food & Beverages,Online Raw Meat E-tailer,Gurugram,"Amit Burman, SIDBI Venture Capital",Angel / Seed Funding,"30,00,000",N/A
338,3/19/2018,CustomerSucessBox,Technology,Customer Success Software for B2B SaaS,Gurugram,"Pi Ventures, Axilor Ventures",Angel / Seed Funding,"10,00,000",N/A
339,3/20/2018,One Labs,Consumer Internet,Consumer Technology and Artificial Intelligence Based Aggregator App,N/A,Micromax Informatics Ltd,Private Equity Funding,,N/A
340,3/21/2018,GigIndia,Consumer Internet,Micro Jobs Provider For Students,Pune,"Jessica Wong, Hiro Mashita, Xue Manzi and Yiyun Zhang.",Angel / Seed Funding,,N/A
341,3/22/2018,Chargebee,Technology,Subscription Billing & Recurring Payments Software,Chennai,"Insight Venture Partners, Accel Partners and Tiger Global Management.",Private Equity Funding,"1,80,00,000",N/A
342,3/22/2018,i2i Funding,Consumer Internet,Online loan platform,Noida,SucSEED Venture Partners,Angel / Seed Funding,"7,68,000",N/A
343,3/22/2018,Slang Labs,Technology,Voice-based assistant platform,Bengaluru,Endiya Partners,Angel / Seed Funding,"12,40,000",N/A
344,3/22/2018,UrbanPiper,Technology,Online ordering solution for restaurants and food chains,Bengaluru,"Kumar Vembu, Axilor Ventures",Angel / Seed Funding,,N/A
345,3/26/2018,Cash Suvidha,Consumer Internet,Online loan platform,Delhi,"Initia Holdings,Vipin Agarwal and others.",Angel / Seed Funding,"10,00,000",N/A
346,3/28/2018,Roadcast,Technology,Fleet management and asset monitoring platform,Delhi,N/A,Private Equity Funding,"2,50,000",N/A
347,3/28/2018,Smartcoin,Finance,Micro lending company,Bengaluru,"Accion Venture Lab, Unicorn India Ventures and ISME ACE.",Angel / Seed Funding,"20,00,000",N/A
348,3/27/2018,The Print,Media,News portal,Delhi,Ratan Tata,Angel / Seed Funding,"5,35,000",N/A
349,3/27/2018,DriveU,Technology,Professional Car Drivers Hiring App,Bengaluru,Amit Singhal and Unitus Seed Fund,Private Equity Funding,"30,00,000",N/A
350,3/29/2018,Fynd,Consumer Internet,O2O fashion ecommerce platform,Mumbai,"Google, Kae Capital, IIFL, Singularity Ventures, GrowX, Tracxn Labs, Venture Catalyst, Patni family office and Axis Capital.",Angel / Seed Funding,,N/A
351,1/2/2018,BigBasket,Consumer Internet,Online Grocery & Food Store,Bengaluru,"Alibaba, Helion Venture Partners, Bessemer Venture Partners, Ascent Capital",Private Equity Funding,"30,00,00,000",N/A
352,1/2/2018,Zomato,Food and Beverages,Food Ordering and Restaurant Discovery,Gurugram,Ant Financials,Private Equity Funding,"20,00,00,000",N/A
353,5/2/2018,Pratilipi,Publishing,E-Publishing,Bengaluru,Omidyar Network,Private Equity Funding,"43,00,000",N/A
354,5/2/2018,Asia Institute Of Medical Science,Healthcare,Super-specialty Hospital,Faridabad,CDC Group Plc,Private Equity Funding,"2,10,00,000",N/A
355,5/2/2018,CollegeDekho,Consumer Internet,Online platform for Higher Education Services,Gurugram,"Man Capital LLP, Girnar Software, Others",Private Equity Funding,"20,00,000",N/A
356,6/2/2018,Foodmemories,Consumer Internet,Online Food Marketplace,Ahemdabad,"Bhavesh Manglani, Suraj Saharan, Darshan Upadhyay, Sanjay Notani & Others",Seed funding,,N/A
357,6/2/2018,Healthi,Healthcare,Preventive Health Checkup,Bengaluru,Montane Ventures,Private Equity Funding,"31,00,000",N/A
358,7/2/2018,Swiggy,Food and Beverages,Online Food Delivery,Bengaluru,Naspers,Private Equity Funding,"10,00,00,000",N/A
359,8/2/2018,Shape,Healthcare,"Online Portal for Diet,fitness and Beauty",Pune,Sandeep Mathur,Angel / Seed Funding,"10,00,00,000",N/A
360,8/2/2018,Icertis,Consumer Internet,Enterprise Contract Management Platform,Pune,Meritech Capital Partners,Private Equity Funding,"5,00,00,000",N/A
361,9/2/2018,healthifyme,Healthcare,Mobile Weight Loss Coach,Bengaluru,Sistema Asia Fund,Private Equity Funding,"1,20,00,000",N/A
362,9/2/2018,MedTel,Healthcare,Virtual health clinics,Bhubaneswar,British and Indian Governments,Private Equity Funding,,N/A
363,9/2/2018,Rupeek,Consumer Internet,Online Gold Loan,Bengaluru,"Accel Partners, Sequoia Capital",Private Equity Funding,"68,30,000",N/A
364,9/2/2018,WebEngage,Technology,Marketing Cloud for consumer businesses,Mumbai,Social Capital,Private Equity Funding,,N/A
365,12/2/2018,Lendingkart,Finance,Online Lending Platform,Bengaluru,Fullerton Financial Holdings Pte Ltd & Others,Private Equity Funding,"8,70,00,000",N/A
366,12/2/2018,Wydr,Consumer Internet,B2B Marketplace,Gurugram,"Bessemer Venture Partners, Stellaris Venture Partners, Axis Capital, Singapore, Jungle Venture Partners",Private Equity Funding,,N/A
367,12/2/2018,Cashify,E-Commerce,Online Selling,Gurugram,Trifecta Capital,Debt Funding,"9,35,089",N/A
368,2/13/2018,holachef,Food and Beverages,Online Food Delivery,Mumbai,Ashok Kumar Gajera,Angel / Seed Funding,"3,11,200",N/A
369,2/13/2018,Awaaz De,Technology,Mobile Solutions for Social Impact,Ahmedabad,Tribe Impact Capital LLP,Angel / Seed Funding,,N/A
370,2/13/2018,IMAX Program,Ed-Tech,Individualised Progressive Learning Program,Bengaluru,"Michael & Susan Dell Foundation, LGT Impact Ventures",Private Equity Funding,"1,35,00,000",N/A
371,2/14/2018,Littlemore,Ed-Tech,Online Education Platform,Chennai,Kalpavriksh,Private Equity Funding,"30,00,000",N/A
372,2/14/2018,Toppr,Ed-Tech,Online Education Platform,Mumbai,Axis Capital Partners,Private Equity Funding,"1,00,000",N/A
373,2/14/2018,Shirsa Labs,Ed-Tech,Integrated Kids Engagement Company,Mumbai,"Dewang Neralla, Mahesh Kothurkar,Atul Agarwal",Private Equity Funding,"5,00,000",N/A
374,2/14/2018,MoneyOnMobile,Technology,mobile payment platform,Mumbai,S7 Group,Private Equity Funding,"50,00,000",N/A
375,2/15/2018,PetSutra,Consumer Internet,Online Pet Care Products,Gurugram,Michael Patrick Hickey,Angel / Seed Funding,"1,48,434",N/A
376,2/15/2018,Infibeam,E-Commerce,Online Retailing,Ahemadabad,Network 18,Private Equity Funding,"62,30,000",N/A
377,2/16/2018,happay,Finance,Expense Management,Bengaluru,Sequoia and Jerry Yang,Angel / Seed Funding,"2,50,000",N/A
378,2/16/2018,Fincash,Finance,Fin-Tech,Mumbai,"Mohammed Khan, Sameer Narayan & Others",Angel / Seed Funding,"1,50,000",N/A
379,2/19/2018,AyeFinance,Finance,Online Lending,Gurugram,"Hinduja Leyland Finance, IntelleGrow",Private Equity Funding,"38,00,000",N/A
380,2/20/2018,Agricxlab,Agriculture,Agri-tech,Mumbai,Ankur Capital,Angel / Seed Funding,"5,00,000",N/A
381,2/21/2018,Udaan,E-Commerce,B2B Marketplace,Bengaluru,Lightspeed & Yuri Milner,Private Equity Funding,"5,00,00,000",N/A
382,2/21/2018,Capillary,IT,SaaS,Bengaluru,"Wargburg Pincus, Sequoia",Private Equity Funding,"2,00,00,000",N/A
383,2/21/2018,The Healthy Billions,Healthcare,Analytics,Gurugram,"Blume Ventures, HealthQuad and Fireside Ventures",Private Equity Funding,"21,00,000",N/A
384,2/21/2018,HighRadius,Technology,Cloud-based Software,Hyderabad,"PNC, Citi Ventures",Private Equity Funding,,N/A
385,2/26/2018,Avishkaar Box,Ed-Tech,Education,Delhi,Auxano Deals,Private Equity Funding,"7,72,500",N/A
386,2/26/2018,Planys Technologies,Technology,Robotic InspectionStartup,Chennai,"Kris Gopalakrishnan, Pratithi Investment Trust, MEMG Family Office, S Gopal",Private Equity Funding,"10,40,000",N/A
387,2/27/2018,Lollypop,Technology,Digital Design,Bengaluru,Dr Devi Shetty,Angel / Seed Funding,,N/A
388,2/27/2018,Trilyo,Technology,AI platform for hospitality industry,Mumbai,"Startup Buddy,Amit Manocha and others",Angel / Seed Funding,"2,50,000",N/A
389,2/28/2018,Gaana,Technology,Online Music Streaming,Gurugram,"Tencent Holdings Ltd, Times Internet",Private Equity Funding,"11,50,00,000",N/A
390,2/28/2018,Credy,IT,SaaS,Bengaluru,"Y Combinator, Khosla Ventures, Vy Capital and others",Angel / Seed Funding,"14,00,000",N/A
391,2/28/2018,Predible Health,Healthcare,Cancer radiology,Bengaluru,Unitus Seed Fund,Angel / Seed Funding,,N/A
392,2/1/2018,CleverTap,Technology,Mobile App Analytics,Mumbai,"Recruit Holdings, Sequoia Capital India, Accel Partners",Angel / Seed Funding,,N/A
393,4/1/2018,EarlySalary,Finance,Online Lending,Pune,Eight Roads Ventures India,Private Equity Funding,"1,57,00,000",N/A
394,5/1/2018,WOTU,E-commerce,Food and Beverages,Bengaluru,"Claris Capital, Mumbai Angels Network",Angel / Seed Funding,,N/A
395,8/1/2018,DAAKI,E-commerce,Sports Nutrition Supplement etailer,Bengaluru,Rohan Agila,Angel / Seed Funding,,N/A
396,9/1/2018,Lendingkart,Finance,Online Lending,Ahmedabad,Nederlandse Financierings-Maatschappij voor Ontwikkelingslanden N.V.,Debt Funding,"47,00,000",N/A
397,9/1/2018,Kinsane Entertainment Inc,Entertainment,Digital Entertainment for Children,Mumbai,N/A,Angel / Seed Funding,"25,00,000",N/A
398,10/1/2018,Tapzo,Technology,Personal Assistant,Bengaluru,RuNet & Other,Private Equity Funding,"19,30,000",N/A
399,10/1/2018,Appario Retail Pvt Ltd.,E-commerce,Retail,Delhi,Amazon-Patni JV,Private Equity Funding,"1,88,40,000",N/A
400,10/1/2018,Samunnati,Finance,Agricultural Loan,Chennai,"responsAbility, Elevar Equity and Accel Partners",Private Equity Funding,"2,35,00,000",N/A
401,10/1/2018,Sahajanand Medical Technologies,Technology,Medical Devices,Surat,Morgan Stanley Private Equity Asia,Private Equity Funding,"3,62,30,000",N/A
402,12/1/2018,Kuants,Technology,Algorithmic Trading,Gurgaon,"Pankaj Chopra, Ankush Gupta",Angel / Seed Funding,"$80,000.00",N/A
403,12/1/2018,Razorpay,Technology,Payment Gateway,Bengaluru,"Tiger Global, Y Combinator",Private Equity Funding,"2,00,00,000",N/A
404,1/15/2018,Streak,Technology,Algorithmic Trading,Bengaluru,"Indian fintech fund, Rainmatter",Angel / Seed Funding,"3,54,600",N/A
405,1/15/2018,pi Ventures,Finance,Venture Capital,Bengaluru,"Sunil Kant Munjal, Hero Electronix\\xe2\\x80\\x99s corporate financing arm, Electronic Development Fund",Private Equity Funding,"2,50,00,000",N/A
406,1/15/2018,Newgen Software,Technology,IT,New Delhi,"Goldman Sachs, hedge fund & Others",Private Equity Funding,"2,00,00,000",N/A
407,1/17/2018,Rubix,Technology,Education,Pune,Polaris Fund,Private Equity Funding,"10,00,000",N/A
408,1/18/2018,ShareChat,Technology,Social,Bengaluru,"Xiaomi Singapore, Shunwei Capital",Private Equity Funding,"1,82,00,000",N/A
409,1/22/2018,Paperflite,Technology,IT,Chennai,The Chennai Angels,Angel / Seed Funding,"4,00,000",N/A
410,1/22/2018,HungerBox,Consumer Internet,Food and Beverages,Bangalore,Lionrock Capital,Private Equity Funding,"25,00,000",N/A
411,1/22/2018,Skillate,Technology,Artificial Intellegence,Bengaluru,"Incubate Fund India, Anuj Agrawal",Private Equity Funding,,N/A
412,1/22/2018,OptaCredit,Finance,Alternative Lending,Chennai,DMI Finance,Private Equity Funding,"40,00,000",N/A
413,1/22/2018,AEON Learning,Technology,Education,Bengaluru,Dr. Ranjan Pai,Private Equity Funding,"32,00,000",N/A
414,1/23/2018,Milkbasket,E-commerce,Online Grocery,Gurugram,Unilever Ventures,Private Equity Funding,"30,00,000",N/A
415,1/24/2018,NeoGrowth Credit,Finance,Digital Lending,Mumbai,"LeapFrog Investments, Aspada Investment, Quona Capital",Private Equity Funding,"4,70,00,000",N/A
416,1/24/2018,Rao IIT Academy,Education,Coaching Services,Mumbai,Avendus Finance,Structured Debt,"86,00,000",N/A
417,1/24/2018,Aye Finance,Finance,Online Lending,Gurugram,IFMR Capital,Term Loan,"62,40,000",N/A
418,1/25/2018,Glassic,Ecommerce,Eyewear,Bengaluru,"Chennai Angels, Lead Angels, LetsVenture",Angel / Seed Funding,,N/A
419,1/25/2018,GreyAtom,Technology,Education,Mumbai,Pravega Ventures,Private Equity Funding,"10,00,000",N/A
420,1/26/2018,Axio,Healthcare,Hemostatic Dressing Solutions,Bengaluru,RNT Capital,Private Equity Funding,"74,00,000",N/A
421,1/29/2018,eKincare,Healthcare,Technology,Hyderabad,"Ventureast, Endiya Partners, Eight Roads Ventures, Touchstone Equities, BVR Mohan Reddy",Private Equity Funding,"15,00,000",N/A
422,1/29/2018,The Wedding Brigade,Consumer internet,Online Services,Mumbai,Blume Ventures,Private Equity Funding,"10,00,000",N/A
423,1/30/2018,PeeSafe,Healthcare,Hygiene,Gurugram,"Shivani Singh, Rahul Maroli, Mitesh Shah, Venture Catalysts, Alfa Capital, Green Shots Capital, Real Time Ventures.",Private Equity Funding,"10,00,000",N/A
424,1/30/2018,BrowserStack,Technology,Browser Testing,Mumbai,Accel Partners,Private Equity Funding,"5,00,00,000",N/A
425,1/30/2018,Scapic,Technology,Virtual Reality,Bengaluru,"Axilor Ventures, Newfort Capital",Angel / Seed Funding,"5,00,000",N/A
426,1/30/2018,MoneyOnMobile,Technology,Mobile Payment Platform,Mumbai,Undisclosed Investors,Private Equity Funding,"76,00,000",N/A
427,1/30/2018,CureFit,Healthcare,Fitness,Bengaluru,"HDFC Bank, Axis Bank",Debt Funding,"1,00,00,000",N/A
428,1/31/2018,iNurture,Technology,Education Solutions,Bengaluru,Ventureast,Private Equity Funding,"44,00,000",N/A
429,1/12/2017,Strata Enviro,Technology,IoT based air pollution controller,Mumbai,Scale Minds,Private Equity Funding,,N/A
430,5/12/2017,Dunzo,Technology,Daily Task Management Mobile App,Bangalore,Google,Private Equity Funding,"1,23,00,000",N/A
431,5/12/2017,Tata Housing,Real Estate,Residential Project,Mumbai,Hines,Private Equity Funding,"2,30,00,000",N/A
432,5/12/2017,HandyTrain,Technology,Mobile Learning Management Platform,Goa,NB Ventures,Private Equity Funding,"10,00,000",N/A
433,5/12/2017,Mobycy,Technology,Bicycle sharing Platform,Gurgaon,Undisclosed Investors,Angel / Seed Funding,"5,00,000",N/A
434,6/12/2017,Greenlight Planet,Technology,Off-grid solar products platform,Mumbai,"Apis Partner, Eight Roads Ventures, Bamboo Capital Partners",Private Equity Funding,"6,00,00,000",N/A
435,6/12/2017,Fintobox,Technology,Child Learning & Development Platform,Chennai,Lightbox,Private Equity Funding,"70,00,000",N/A
436,7/12/2017,Mswipe,Technology,Mobile point of sale services provider,Mumbai,Eduardo Saverin,Private Equity Funding,"1,00,00,000",N/A
437,7/12/2017,The Label Life,E-Commerce,Home Decor and Online Fashion Portal,Mumbai,Kalpvriksh,Private Equity Funding,"31,00,000",N/A
438,7/12/2017,Cygnus Hospitals,Healthcare,Super speciality Hospitals,Gurgaon,Somerset Indus Capital Ventures,Angel / Seed Funding,"7,50,000",N/A
439,7/12/2017,eShakti,Ecommerce,"""Women\\'s Fashion Clothing Online Platform""",Chennai,IDG Ventures,Debt Funding,"23,00,000",N/A
440,8/12/2017,Inshorts,Technology,Mobile News Curation App,Noida,Tiger Global,Private Equity Funding,"50,00,000",N/A
441,11/12/2017,Vahdam Tea,E-Commerce,Online Platform Selling Indian Tea Globally,Delhi,"Singapore Angel Network, Mumbai Angel",Private Equity Funding,"15,00,000",N/A
442,11/12/2017,Logic Roots,Technology,Educational Platform to Learn Mathematics,Mumbai,Village Capital,Angel / Seed Funding,"$50,000.00",N/A
443,11/12/2017,Project Mudra,Technology,Assisting Visually Impaired to learn through Braille,Bengaluru,Village Capital,Angel / Seed Funding,"$50,000.00",N/A
444,11/12/2017,Furlenco,Technology,Furniture Rental Platform,Bengaluru,Aamir Khan,Debt Funding,"12,00,000",N/A
445,12/12/2017,I Can Stay,Technology,Hotel Aggregator Platform,Delhi,HT Media,Private Equity Funding,"18,00,000",N/A
446,12/12/2017,Fracktal Works,Technology,Platform based on 3D printing and Digital Manufacturing,Bengaluru,Hyderabad Angels,Angel / Seed Funding,,N/A
447,12/12/2017,Simility,Technology,Adaptive Fraud Intelligence Platform,Hyderabad,Accel Partners,Private Equity Funding,"1,75,00,000",N/A
448,12/12/2017,Shopholix,E-Commerce,Fashion and Lifestyle Coupon Platform,Gurgaon,Munesh Khanna,Angel / Seed Funding,"2,33,000",N/A
449,12/13/2017,MindTickle,Technology,Gamification Platform to train Sales People,Pune,Canaan Partners,Private Equity Funding,"2,70,00,000",N/A
450,12/13/2017,Nazara Technologies,Technology,Mobile Games Development Firm,Mumbai,Rakesh Jhunjhunwala,Private Equity Funding,"2,70,00,000",N/A
451,12/13/2017,DocsApp,Technology,Mobile Application for Doctor Consultation,Bengaluru,Bessemer Venture Partners,Private Equity Funding,"72,00,000",N/A
452,12/13/2017,Capita World,Technology,Artificial Intelligence Platform to Raise Funds,Mumbai,"Mohan Tanksale, Kiran Shetty, Darshak Shah, Mandar Mhatre",Private Equity Funding,,N/A
453,12/14/2017,Tea Box,E-Commerce,Fresh Indian Tea Selling Platform across 112 countries,Bengaluru,RB Investments,Private Equity Funding,"70,00,000",N/A
454,12/14/2017,Transversal Technologies,Technology,Hyperlocal Video Information Sharing Platform,Bengaluru,Matrix Partners,Private Equity Funding,"60,00,000",N/A
455,12/14/2017,Curofy,Technology,Mobile App for Network of Doctors,Gurgaon,RoundGlass Partners LLC,Angel / Seed Funding,"2,50,000",N/A
456,12/14/2017,HomeLane,E-Commerce,Online Furniture Marketplace,Bengaluru,"Accel Partners, Sequoia Capital, RB Investments",Private Equity Funding,"1,00,00,000",N/A
457,12/14/2017,WeDoSky,Technology,Provides Business Insights using Drone Imaginary,Delhi,Mumbai Angels Network,Private Equity Funding,,N/A
458,12/15/2017,Purplle,E-Commerce,Beauty Products Online Marketplace,Mumbai,"Mountain Pain Capital, Suncoast Investments",Angel / Seed Funding,"5,37,000",N/A
459,12/15/2017,Cash Suvidha,E-Commerce,Online Micro-Lending Platform,Delhi,N/A,Debt Funding,"27,00,000",N/A
460,12/18/2017,Sky Met Weather,Technology,Weather Forecast Platform,Noida,InsuResillience Investment Fund,Private Equity Funding,,N/A
461,12/19/2017,Springboard,Technology,Online Courses and Mentoring from Experts,Bengaluru,"Costanoa, Learn Capital, Jyoti Bansal",Private Equity Funding,"95,00,000",N/A
462,12/19/2017,Peel Works,Technology,SaaS based Big Data Analytics Platform,Mumbai,Unilever Ventures,Private Equity Funding,,N/A
463,12/19/2017,9Stacks,Technology,Online Poker Platform,Delhi,"Swati Gupta, Purnima Khandelwal, Maheshwar Peri, Sanjay Singh",Private Equity Funding,"15,00,000",N/A
464,12/20/2017,Your Quote,Technology,Vernacular and Video Content Platform,Bengaluru,"Axilor Ventures, E-City VEntures Atul Goel",Private Equity Funding,"10,00,000",N/A
465,12/20/2017,Spandana Sphoorty,Finance,Micro finance institution providing small ticket unsecured loans to women,Hyderabad,"""Kedaraa Capital, Ontario Teachers\\'""",Private Equity Funding,"1,95,00,000",N/A
466,12/21/2017,Indus OS,Technology,Regional Operating System for Smartphones,Mumbai,Omidyar Network,Private Equity Funding,"40,00,000",N/A
467,12/21/2017,EasyEcom,E-Commerce,Ecommerce enabler platform,Bengaluru,"Ambarish Gupta, Aneesh Reddy, Bold Ventures, Vona Investments",Angel / Seed Funding,"1,50,000",N/A
468,12/21/2017,IGP.com,E-Commerce,Online Gifting Platform,Uttar Pradesh,Venture Catalysts,Private Equity Funding,,N/A
469,12/26/2017,Specsmakers,E-Commerce,Online Spects Platform for Men and Women,Chennai,Eight Roads Ventures India,Private Equity Funding,"1,00,00,000",N/A
470,12/27/2017,Garage On Road,E-Commerce,Online vehicle service booking platform,Noida,Gaurav Gupta,Private Equity Funding,,N/A
471,12/27/2017,Foyr.com,Technology,Realty Tech Startup solving real life Interior Designing problems,Hyderabad,Jones Lang LaSalle,Private Equity Funding,"38,00,000",N/A
472,2/11/2017,Prest Loans,Finance,Business & SME Loans provider,New Delhi,"Manish Poddar, Arun Garg, Parmeshwar Sharma",Seed Funding,"5,70,000",N/A
473,2/11/2017,AadharAPI.com,Technology,Aadhaar-based API provider,Pune,CIO Angel Network,Seed Funding,,N/A
474,2/11/2017,FreshBoxx,ECommerce,Online Grocery Store,Bangalore,Jayant Humbarwadi,Seed Funding,,N/A
475,3/11/2017,Vagupu,Technology,Online Tutorial Marketplace,Bangalore,Undisclosed Investors,Seed Funding,"10,00,000",N/A
476,3/11/2017,HalaPlay,Consumer Internet,Online Fantasy Games,Mumbai,"Kae Capital Management, Nazara Technologies",Seed Funding,,N/A
477,3/11/2017,Kalpnik Technologies,Technology,VR based Spiritual platform,Bangalore,Venture Catalysts,Seed Funding,"5,00,000",N/A
478,4/11/2017,Hevo Data,Technology,Real time data analytics & reporting,Bangalore,IDG Ventures India,Private Equity Funding,"10,00,000",N/A
479,6/11/2017,Smart Karma,Technology,Financial Technology Research Platform,Bangalore,IDG Ventures India,Private Equity Funding,,N/A
480,6/11/2017,Leverage Edu,ECommerce,Online platform for Higher Education Services,New Delhi,"Alok Mittal, Deepak Jain, Ritesh Malik, Jim Schimdktke",Seed Funding,,N/A
481,7/11/2017,Crayon Data,Technology,Customer Engagement Platform,New Delhi,Infosys co-founder Kris Gopalakrishnan,Seed Funding,,N/A
482,7/11/2017,DocTalk,Technology,Doctor Patient Communication platform,Mumbai,"Matrix Partners India, Khosla Ventures",Private Equity Funding,"50,00,000",N/A
483,7/11/2017,CoveIoT,Technology,Wearable tech and Internet of Things platform,Bangalore,"Titan Co Ltd, Tata Group\\xe2\\x80\\x99s watch and jewellery retailing firm",Private Equity Funding,"50,00,000",N/A
484,8/11/2017,TalentEdge,Technology,Distance Education Learning Platform,Bangalore,Lumis Partners,Private Equity Funding,"76,00,000",N/A
485,8/11/2017,Fisdom,Finance,Mutual Fund Investment App,Bangalore,Quona Capital Management,Private Equity Funding,"30,00,000",N/A
486,8/11/2017,FarmLink,eCommerce,Online platform for Agricultural products,Mumbai,"Pioneering Ventures, Syngenta AG",Private Equity Funding,"30,00,000",N/A
487,8/11/2017,OpenApp,Technology,IoT based Tech Startup,Bangalore,"Axilor Ventures, Kumar Vembu",Private Equity Funding,"36,00,000",N/A
488,9/11/2017,NoPaperForms,Technology,Enrolment Management Platform,Delhi,Info Edge,Seed Funding,"8,72,000",N/A
489,9/11/2017,Tilite Technologies Pvt. Ltd,Technology,Saas based Corporate Travel Management Solution,Bangalore,Matrix Partners,Seed Funding,,N/A
490,9/11/2017,Mobiliz AR,Technology,Augmented Reality based Tech platform,Bangalore,"IDG Ventures, IDFC-Parampara Fund",Private Equity Funding,,N/A
491,10/11/2017,Qubole,Technology,Big Data based analytics platform,Bangalore,"Singtel, Innov8, Harmony Partners",Private Equity Funding,"2,50,00,000",N/A
492,10/11/2017,Happily Unmarried,ECommerce,Online Gifting platform,Nw Delhi,Wipro Consumer Care,Private Equity Funding,,N/A
493,11/13/2017,Universal Sportsbiz Pvt. Ltd,ECommerce,Celebrity fashion accessories and merchandise,Mumbai,Accel Partners,Private Equity Funding,"1,50,00,000",N/A
494,11/14/2017,Hungry Foal,Ecommerce,Healthy & Nutrition based snacks online platform,Gurgaon,GAIL India Ltd,Seed Funding,,N/A
495,11/14/2017,Active AI,Technology,AI based FinTech platform,Bangalore,Vertex Ventures,Private Equity Funding,"82,50,000",N/A
496,11/15/2017,Sumeru,Technology,Banking Software License Platform,Bangalore,Undisclosed Investors,Seed Funding,"9,00,000",N/A
497,11/15/2017,ElderAid Wellness,Health Care,Social Healthcare Enterprise,Bangalore,Rugmini Menon,Angel Funding,,N/A
498,11/15/2017,Omnia Information,Technology,WiFi Analytics Platform,Delhi,Omidyar Network,Private Equity Funding,"30,00,000",N/A
499,11/15/2017,Josh Talks,Inspiration,Storytelling platform,Gurgaon,"Girish Mathrubootham, Apurva Chamaria, Rohit Chanana",Private Equity Funding,,N/A
500,11/15/2017,Reniso,Technology,End-to-End property management for landlords living away,New Delhi,"Nishit Sharma, Alok Srivastava",Seed Funding,,N/A
501,11/17/2017,Kanhaiya,Inspiration,Storytelling platform,Hyderabad,Undisclosed Investors,Angel / Seed Funding,"2,00,000",N/A
502,11/17/2017,Perspectico,Technology,Placement preparation and career growth training platform,Delhi,"SSCBS Innovation, Incubation Foundation (SIIF)",Angel / Seed Funding,,N/A
503,11/20/2017,ONN Bikes,Technology,Self riding bike rental program,Mumbai,Z Nation Lab,Angel / Seed Funding,"6,92,000",N/A
504,11/21/2017,Rapido,Technology,Bike and Taxi pooling online platform,Hyderabad,"Skycatcher Fund, Aravind Sanka",Angel / Seed Funding,"3,29,230",N/A
505,11/21/2017,Heckyl,Technology,Big Data Analytics Platform,Mumbai,"Notion Capital, IDG Ventures",Private Equity Funding,"27,00,000",N/A
506,11/21/2017,Nuvepro,Technology,Managed Cloud Environment Solutions,Mumbai,1Crowd,Angel / Seed Funding,"4,00,000",N/A
507,11/21/2017,RedBook,Technology,AI based pharmacy drugs insights platform,Mumbai,"Vida Ventures, Dr. Aniruddha Malpani",Angel / Seed Funding,"2,50,000",N/A
508,11/21/2017,Portea,Healthcare,Healthcare facilities at doorstep,Bangalore,"Sabre Partners, MEMG CDC",Private Equity Funding,"2,60,00,000",N/A
509,11/21/2017,Credit Mate,Technology,Vehicle loan approval platform,Mumbai,Paytm,Private Equity Funding,,N/A
510,11/21/2017,Epiq Capital,Finance,Tech based investor firm,Mumbai,Global Institutional Investors,Private Equity Funding,"20,00,00,000",N/A
511,11/22/2017,MiStay,Technology,Online Hotel Reservation Platform,Bangalore,Axilor Ventures,Angel / Seed Funding,,N/A
512,11/23/2017,WittyFeed,Storytelling,Viral Content and storytelling platform,Indore,Sandeep Aggarwal,Angel / Seed Funding,,N/A
513,11/24/2017,IDG Ventures,Finance,Venture Capitalist,Bangalore,Uniliver Ventures,Private Equity Funding,"1,00,00,000",N/A
514,11/24/2017,TempGo,Technology,IoT and SaaS based transportation platform,Goa,Javelin StartupO Victory Fund,Angel / Seed Funding,"2,50,000",N/A
515,11/27/2017,Edelweiss,Finance,Diversified Financial,Mumbai,Undisclosed investors,Private Equity Funding,"27,00,00,000",N/A
516,11/27/2017,ERA,Technology,Identity management platform,Mumbai,Amit Patni,Angel / Seed Funding,"$39,000.00",N/A
517,11/27/2017,Smaaash,Technology,Virtual Reality based gaming platform,Mumbai,Sixth Sense Ventures,Private Equity Funding,"38,00,000",N/A
518,11/28/2017,Chumbak,Lifestyle,Designer-led consumer products,Bangalore,Gaja Capital,Private Equity Funding,"1,30,00,000",N/A
519,11/28/2017,FR8,Technology,Online Truck aggregator platform,Chennai,IFMR Capital,Debt Funding,"15,00,000",N/A
520,11/28/2017,MobieFit,Healthcare,Health and fitness based mobile App,Goa,"NB Ventures, MediAssist",Angel / Seed Funding,"13,50,000",N/A
521,11/28/2017,Stanza Living,Technology,Student accommodation platform,Delhi,"Matrix PArtners, Accel",Private Equity Funding,"20,00,000",N/A
522,3/10/2017,ChqBook,Consumer Internet,Home Loans Aggregation platform,Gurgaon,"Startup Buddy, Apurva Chamaria,Sachin Arora, Bharat Gupta, Amit Manocha",Seed Funding,,N/A
523,3/10/2017,HomeCapital,Consumer Internet,Home Loan Down payment assistance program,Mumbai,Venture Catalysts,Seed Funding,,N/A
524,3/10/2017,Ola Cabs,Consumer Internet,App based cab hailing services,Bangalore,"Tencent, Softbank Group",Private Equity Funding,"11,00,00,000",N/A
525,4/10/2017,Elanic,Consumer Internet,P2P platform for Fashion sales,Bangalore,Digital Garage,Seed Funding,,N/A
526,4/10/2017,CollPoll,Consumer Internet,Education collaboration platform,Bangalore,Sprout Angels,Seed Funding,"3,06,000",N/A
527,4/10/2017,PhonePe,Consumer Internet,Digital Wallet,Bangalore,Flipkart,Private Equity Funding,"3,87,00,000",N/A
528,5/10/2017,Little Black Book,Consumer Internet,Local Recommendations and Discoveries Platform,New Delhi,"Blume Ventures, IDG Ventures & Indian Angel Network",Private Equity Funding,"10,00,000",N/A
529,5/10/2017,Oorjan,Technology,rooftop solar platform,Mumbai,Globevestor,Seed Funding,"4,50,000",N/A
530,5/10/2017,Zefo,ECommerce,Ecommerce Portal for Used Goods,Bangalore,"Sequoia India, Helion Venture Partners, Beenext",Private Equity Funding,"92,00,000",N/A
531,6/10/2017,Yaantra,ECommerce,Mobile repair and Refurbishment platform,New Delhi,Carpediem Capital,Private Equity Funding,"31,00,000",N/A
532,6/10/2017,Farm Taaza,Technology,Fresh Produce SCM company,Bangalore,"Epsilon Venture Partners, Tara India Fund IV and others",Private Equity Funding,"80,00,000",N/A
533,6/10/2017,Drivezy,Consumer Internet,Self Drive car and bike rental platform,Bangalore,"Das Capital, Axan Partners, Das Capital and IT Farm",Private Equity Funding,"1,00,00,000",N/A
534,6/10/2017,Slice Pay,Consumer Internet,Student Micro-financing platform,Bangalore,"Das Capital, Simile Ventures",Private Equity Funding,"20,00,000",N/A
535,9/10/2017,Agrowave,Technology,Agriculture Supply Chain management solutions,Gurgaon,Daffodil Software,Seed Funding,,N/A
536,9/10/2017,MyGubbi,eCommerce,Home Interior Designing Seller,Bangalore,"Firoze Irani, Vipul Parekh, Ananda Kallugadde, Rajesh K Murthy",Private Equity Funding,"27,00,000",N/A
537,9/10/2017,IBSFintech,Technology,Treasury Risk Management Solution,Bangalore,Shailesh Haribhakti,Seed Funding,,N/A
538,9/10/2017,Letsservice,Consumer Internet,Auto Service Logistics & SAAS platform,Bangalore,Aequs Group,Private Equity Funding,,N/A
539,9/10/2017,OneStepUp,Technology,Education Technology platform,New Delhi,Orient BlackSwan,Seed Funding,"3,36,000",N/A
540,9/10/2017,ThirdWatch,Technology,AI-powered anti-fraud solutions,Gurgaon,"Rahul Agarwalla, Keshav Sanghi, Batlivala & Karani Securities",Seed Funding,,N/A
541,10/10/2017,Parallel Dots,Technology,AI-powered deep learning solutions,Gurgaon,"Multipoint Capital,",Private Equity Funding,"14,00,000",N/A
542,10/10/2017,Easy Diner,Consumer Internet,online restaurant reservation platform,Gurgaon,Saama Capital and DSG Consumer Partners,Private Equity Funding,"45,00,000",N/A
543,11/10/2017,Meesho,ECommerce,Online Reseller Network,Bangalore,"SAIF Partners, YCombinator, Venture Highway",Private Equity Funding,"31,00,000",N/A
544,11/10/2017,StanPlus,Logistics,Medical Transportation Services,Hyderabad,KStart Capital,Private Equity Funding,"11,00,000",N/A
545,12/10/2017,UCLID,Technology,"Education Network for Institutions, teachers & Students",Hyderabad,Undisclosed investors,Seed Funding,"2,35,000",N/A
546,10/13/2017,Policy Bazaar,Consumer Internet,Online insurance policy aggregator,Gurgaon,"Wellington Management, DG Ventures India, True North",Private Equity Funding,"7,70,00,000",N/A
547,10/13/2017,Gapoon,Consumer Internet,home maintenance services platform,Bangalore,"Vida Ventures, Snehal Mantri, Anshu Bahadur",Seed Funding,"2,50,000",N/A
548,10/13/2017,Chaayos,eCommerce,Online Chai ordering platform,Gurgaon,Tiger Global Management,Private Equity Funding,"20,00,000",N/A
549,10/16/2017,KrazyBee,Consumer Internet,Micro-lending platform,Bangalore,"Xiaomi Technologies, Shunwei Capital",Private Equity Funding,"80,00,000",N/A
550,10/16/2017,Renew Buy,Consumer Internet,Online Insurance Aggregator,New Delhi,Amicus Capital,Private Equity Funding,"92,00,000",N/A
551,10/17/2017,Fingerlix,Consumer Internet,Food Ordering Portal,Bangalore,"Accel Partners, Zephyr Peacock",Private Equity Funding,"70,00,000",N/A
552,10/18/2017,Bank Bazaar,Consumer Internet,Online Financial Marketplace,Chennai,Experian,Private Equity Funding,"70,00,000",N/A
553,10/18/2017,Hasura,Technology,App building platform,Chennai,"Nexus, GREE Ventures",Private Equity Funding,,N/A
554,10/18/2017,BlackBuck,Logistics,B2B Logistics provider,Bangalore,Innoven Capital,Private Equity Funding,"77,00,000",N/A
555,10/18/2017,LenDen Club,Consumer Internet,Online peer-to-peer lending platform,Mumbai,Undisclosed Investor,Seed Funding,"5,00,000",N/A
556,10/23/2017,Toppr,Consumer Internet,Mobile based learning app,Mumbai,"SAIF Partners, Helion Ventures, FIL Capital Management",Private Equity Funding,"70,00,000",N/A
557,10/23/2017,RAW Pressery,Food & Beverage,Cold pressed Juice maker,Mumbai,"DSG Consumer Partners, Sequoia Capital, Saama Capital",Private Equity Funding,"60,00,000",N/A
558,10/23/2017,Cashe,Consumer Internet,app-only lending platform,Mumbai,IFMR Capital,Debt Funding,"31,00,000",N/A
559,10/23/2017,Park Easy,Consumer Internet,Machine learning based parking discovery,Kolkata,Rockstart Accelerator,Seed Funding,"1,18,000",N/A
560,10/24/2017,TagBox,Technology,Cold Chain monitoring solution,Bangalore,"Indian Angel network, IAN Fund",Seed Funding,,N/A
561,10/24/2017,FYRE,Food & Beverage,Herbal energy shot maker,Mumbai,Venture Catalysts,Seed Funding,"5,00,000",N/A
562,10/24/2017,ZipLoan,Consumer Internet,SME lending platform,New Delhi,"Matrix Partners India, WaterBridge Ventures, Whiteboard Capital, Sarbvir Singh",Private Equity Funding,"30,00,000",N/A
563,10/24/2017,Skillenza,Consumer Internet,Online Learning Platform,Bangalore,"Blume Ventures, Indian Angel Network",Seed Funding,"7,22,000",N/A
564,10/24/2017,Chevon,Food & Beverage,Frozen Meat provider,Mumbai,Greenfield Advisory,Private Equity Funding,,N/A
565,10/25/2017,PropStory,Consumer Internet,Real Estate content portal,Gurgaon,"Abhishek Bhatewara, Vivek Shah, Haitong Securities, Suraj Saharan, Paras Arora",Seed Funding,,N/A
566,10/25/2017,SpotDraft,Consumer Internet,Contract Automation,Gurgaon,"Hunch Ventures, Spiral Ventures, 500 Startups, Singapore Angel Network, Citrus Payments",Seed Funding,"5,50,000",N/A
567,10/26/2017,Big Basket,eCommerce,Online Grocery portal,Bangalore,Helion Ventures Partners,Private Equity Funding,"50,00,000",N/A
568,10/27/2017,OfBusiness,Technology,B2B Finance & Fulfilment Network,Gurgaon,Kotak Mahindra Bank,Debt Funding,"38,00,000",N/A
569,10/27/2017,Olly Credit,Technology,Credit + payment mobile app,New Delhi,"Incubate Fund, Sandesh Kirkire, Anand Kumar, Yogesh Chaudhary",Seed Funding,,N/A
570,10/28/2017,CashFree,Technology,Payments Platform for Marketplaces and Fintechs,New Delhi,Y Combinator,Seed Funding,"1,20,000",N/A
571,10/28/2017,Ola Cabs,Consumer Internet,App based cab hailing services,Bangalore,ANI Technologies Pvt. Ltd,Private Equity Funding,"77,00,000",N/A
572,10/30/2017,GoldFarm,Food & Beverage,Agriculture Technology,Coimbatore,Mahindra & Mahindra and Infuse Ventures,Private Equity Funding,"20,00,000",N/A
573,10/31/2017,NetMeds,ECommerce,Online Pharmacy,Chennai,TannCam Investment & Sistema Asia Fund,Private Equity Funding,"1,40,00,000",N/A
574,10/31/2017,MSE,Finance,Equity Stock Exchange,Mumbai,"IL&FS, Trust Capital, Rosy Blue Securities, Radhakrishan Damani and Rakesh Jhunjhunwala",Private Equity Funding,"3,20,00,000",N/A
575,1/9/2017,Aahaa Stores,eCommece,Online B2B store for office supplies,Chennai,YourNest Angel Fund,Private Equity Funding,"10,00,000",N/A
576,1/9/2017,MFine,Consumer Internet,Online Doctor Discovery platform,Bangalore,"Stellaris Venture Partners, Mayur Abhaya, Rohit MA",Private Equity Funding,"15,00,000",N/A
577,1/9/2017,Canvera,Consumer Internet,Online Photography platform,Mumbai,InfoEdge,Private Equity Funding,"13,00,000",N/A
578,4/9/2017,PrimaryIO,Technology,Application Performance Acceleration,Pune,"Accel Partners, Exfinity Ventures, Partech Ventures",Private Equity Funding,"56,00,000",N/A
579,5/9/2017,Shubh Loans,Consumer Internet,online lending platform,Bangalore,"SRI Capital, BeeNext, Pravega Ventures",Private Equity Funding,"15,00,000",N/A
580,5/9/2017,Nest Education,Technology,EduTech Platform,Gurgaon,"Michael and Susan Dell Foundation, Anand Mahindra",Seed Funding,"6,00,000",N/A
581,6/9/2017,Lending Kart,Consumer Internet,Online Lending Platform,Ahmedabad,"Bertelsmann India, Mayfield Capital, Saama Capital, Darrin Capital",Private Equity Funding,"1,07,50,000",N/A
582,6/9/2017,GoFro,Consumer Internet,Online travel booking platform,New Delhi,"HIS Co. Ltd, MakeMyTrip",Private Equity Funding,"1,00,00,000",N/A
583,6/9/2017,OncoStem,Healthcare,Medical Diagnostic Solutions,Bangalore,"Sequoia Capital India, Artiman Ventures",Private Equity Funding,"60,00,000",N/A
584,6/9/2017,Power2SME,eCommerce,Buying Club for Small Businesses,Gurgaon,"International Finance Corporation (IFC), Inventus Capital Partners, Accel Partners, Kalaari Capital, and Nandan Nilekani,",Private Equity Funding,"2,60,00,000",N/A
585,7/9/2017,Credit Vidya,Consumer Internet,Online Credit scoring platform,Mumbai,Matrix Partners,Private Equity Funding,"50,00,000",N/A
586,7/9/2017,Tails Life,Consumer Internet,Pet care portal & mobile app,Bangalore,V Balakrishnan.,Private Equity Funding,,N/A
587,7/9/2017,OYO Rooms,Consumer Internet,Branded budget hotels marketplace,Gurgaon,"SoftBank Group, Sequoia Capital India, Lightspeed Venture Partners, Greenoaks Capital, Hero Enterprise",Private Equity Funding,"25,00,00,000",N/A
588,7/9/2017,Early Salary,Consumer Internet,Online Unsecured Lending platform,Pune,IFMR Capital,Debt Funding,"7,80,000",N/A
589,7/9/2017,MamaEarth,eCommerce,online babycare products marketplace,Gurgaon,Fireside Ventures,Seed Funding,,N/A
590,7/9/2017,Seniority,eCommerce,Ecommerce portal for senior citizens,Pune,RPG Enterprises,Private Equity Funding,"10,00,000",N/A
591,8/9/2017,AYE Finance,Consumer Internet,Micro Lending Platform,New Delhi,"Triodos Investment Management,",Debt Funding,"69,00,000",N/A
592,8/9/2017,Farmizen,Technology,Agre-Tech Mobile app,Bangalore,"Venture Highway, Alok Mittal, Mohit Agarwal, Anuj Gupta,",Seed Funding,,N/A
593,11/9/2017,Ecom Express,Logistics,Logistics Solutions provider,New Delhi,Warburg Pincus,Private Equity Funding,"3,00,00,000",N/A
594,11/9/2017,Call Health,Consumer Internet,Healthcare Services Aggregator,Hyderabad,"Sachin Tendulkar, P.V SIndhu, Pullela Gopichand",Private Equity Funding,"62,00,000",N/A
595,12/9/2017,Sattviko,eCommerce,Health Food etailer,New Delhi,"Raman Roy, Arvind Uppal, Sonu Bhasin, G Ravishankar",Seed Funding,,N/A
596,12/9/2017,3HCare,Consumer Internet,Healthcare services portal,New Delhi,Undisclosed Investor,Seed Funding,"1,00,000",N/A
597,12/9/2017,Tonbo Imaging,Technology,Imaging Technology for Armed Forces,Bangalore,"WRV Capital, Qualcomm Ventures, Edelweiss Private Equity, Artiman Ventures",Private Equity Funding,"1,70,00,000",N/A
598,12/9/2017,Get My Parking,Consumer Internet,Smart Parking Enabler,New Delhi,"IAN Fund, Beenext, Indian Angel Network",Private Equity Funding,"30,00,000",N/A
599,9/13/2017,WittyFeed,Technology,Content marketing platform,Indore,"Anand Chandrasekaran, Apurva Chamaria, Ritesh Malik, Ashish Toshniwal, Ajeet Khurana",Seed Funding,,N/A
600,9/13/2017,Glowroad,Consumer Internet,women focussed customer-to-customer reseller network,Bangalore,"Accel Partners,",Private Equity Funding,"20,00,000",N/A
601,9/13/2017,OYO Rooms,Consumer Internet,udget hotel marketplace,Gurgaon,China Lodging Group,Private Equity Funding,"1,00,00,000",N/A
602,9/13/2017,Unacademy,Consumer Internet,Online learning platform,Mumbai,"Sequoia Capital India, SAIF Partners, Nexus Venture Partners and Blume Ventures,",Private Equity Funding,"1,15,00,000",N/A
603,9/13/2017,Heterogenous,Technology,Telecom & IoT platform,Chennai,"Chennai Angels, Keiretsu Forum & Others",Seed Funding,"7,80,000",N/A
604,9/14/2017,Gurukul,Consumer Internet,co-working space provider,New Delhi,"Rohit Nanda, Rajit Nanda, Smarak Bhuyan, Sashwat Brahma,",Seed Funding,,N/A
605,9/14/2017,Smaaash,Technology,Virtual Reality gaming and entertainment platform,Mumbai,ECL Finance,Private Equity Funding,"4,40,00,000",N/A
606,9/14/2017,WheelStreet,Consumer Portal,Bike Rental Platform,Bangalore,Y Combinator,Seed Funding,"1,20,000",N/A
607,9/14/2017,Xprep,Consumer Internet,Online Tutoring Platform,New Delhi,"Rising Stars, Manish Amin, Pallav Pandey, Chavi Jafa",Private Equity Funding,,N/A
608,9/18/2017,The Moms Co,eCommerce,Pregnancy & Baby Care product etailer,Gurgaon,"DSG Consumer Partners, Saama Capital",Private Equity Funding,"10,00,000",N/A
609,9/19/2017,Noticeboard,Technology,"mobile-first communication platform for on-field staff,",Bangalore,"Shamik Sharma, Aprameya Radhakrishna",Seed Funding,,N/A
610,9/19/2017,High Radius,Technology,Integrated receivables software solutions,Hyderabad,Susquehanna Growth Equity LLC,Private Equity Funding,"5,00,00,000",N/A
611,9/20/2017,HWell24 Plus,Healthcare,Technology-Empowered Healthcare Solutions,Mumbai,Undisclosed Investors,Seed Funding,,N/A
612,9/21/2017,SaveBC,Finance,financial services firm,Gaya,Incofin Investment Management.,Private Equity Funding,"60,00,000",N/A
613,9/21/2017,Gaming Monk,Consumer Internet,E-sports platform,New Delhi,AdvantEdge,Private Equity Funding,,N/A
614,9/21/2017,91SpringBoard,Consumer Internet,Co-working spaces,New Delhi,"Sandway Investment Ltd, Pearl Brook Holdings, Silo Holdings and Al Nour",Private Equity Funding,,N/A
615,9/21/2017,Homergize,eCommerce,Home Furnishing & Building material marketplace,Bangalore,LG Chandrasekhar,Private Equity Funding,"10,00,000",N/A
616,9/22/2017,Yatra.com,eCommerce,Online Travel Agency,Gurgaon,InnoVen Capital India,Debt Funding,"1,54,00,000",N/A
617,9/22/2017,Ace Turtle,Technology,Omni-channel web commerce solutions provider,Bangalore,InnoVen Capital,Private Equity Funding,,N/A
618,9/25/2017,Vogo,Consumer Internet,Scooter Rental Platform,Bangalore,AV Thomas Group,Seed Funding,,N/A
619,9/25/2017,Synup,Technology,SME Marketing Management Solution,Bangalore,"Vertex Ventures, Prime Venture Partners.",Private Equity Funding,"60,00,000",N/A
620,9/25/2017,Tinmen,Consumer Internet,Food Delivery platform,Hyderabad,Zomato Media Pvt. Ltd,Private Equity Funding,,N/A
621,9/25/2017,Cropin,Technology,Crop Technology Solutions,Bangalore,Beenext,Private Equity Funding,,N/A
622,9/25/2017,Rapido,Consumer Internet,Bike Aggregator Mobile App,Bangalore,Battery Road Digital Holdings LLC,Seed Funding,"4,22,000",N/A
623,9/25/2017,Sportobuddy,Consumer Internet,Sports & Sport related equipment portal,Mumbai,Mehul Shah,Seed Funding,"1,50,000",N/A
624,9/26/2017,Credifiable,Consumer Internet,Online consumer lending platform,Bangalore,Kae Capital,Private Equity Funding,,N/A
625,9/26/2017,Inclov,Consumer Internet,Matchmaking app for the differently abled,Gurgaon,"Rajan Anandan, Jamil Khatri, Ravi Iyer, Raghav Bahl",Seed Funding,,N/A
626,9/26/2017,Multibhashi,Consumer Internet,Language learning Mobile App,Bangalore,"Aniruddha Malpani, Startup Oasis",Seed Funding,,N/A
627,9/27/2017,Transerve,Technology,Geospatial Technology-based SaaS solutions,Mumbai,"IL&FS Investment Managers, Omidyar Network.",Private Equity Funding,"16,00,000",N/A
628,9/27/2017,Fashalot,Consumer Internet,O2O fashion discovery platform,Gurgaon,"Capillary Technologies, Whiteboard Capital, YourNest Angel Fund, Rajul Garg",Private Equity Funding,,N/A
629,9/27/2017,Pitstop,Consumer Internet,Car repair and Servicing Platform,Bangalore,"Blume Ventures, Goldbell Group, Anurag Srivastava, Shailesh Rao, Amiya Pathak, Rajesh Yohanan and Rahul Garg",Private Equity Funding,"10,00,000",N/A
630,9/27/2017,GoChoppers,Consumer Internet,Luxury Helicopter Tourism Services portal,Gurgaon,"Rivergate Capital,",Seed Funding,,N/A
631,9/27/2017,MyUpchar,Consumer Internet,Local Language Health Information portal,New Delhi,LetsVenture,Seed Funding,"3,00,000",N/A
632,9/28/2017,Aadyah,Technology,Defense Tech & Aerospace startup,Bangalore,Keiretsu Forum,Private Equity Funding,"10,00,000",N/A
633,1/8/2017,TouchKin,Technology,Predictive Care Platform,Bangalore,Kae Capital,Private Equity Funding,"13,00,000",N/A
634,2/8/2017,Ethinos,Technology,Digital Marketing Agency,Mumbai,Triton Investment Advisors,Private Equity Funding,,N/A
635,2/8/2017,Leverage Edu,Consumer Internet,Online platform for Higher Education Services,New Delhi,"Kashyap Deorah, Anand Sankeshwar, Deepak Jain, Sadashiva NT, Arjun Mehta, Satish Kaul, Anindya Ghose",Seed Funding,,N/A
636,2/8/2017,Zepo,Consumer Internet,DIY Ecommerce platform,Mumbai,"Kunal Shah, LetsVenture, Anupam Mittal, Hetal Sonpal",Seed Funding,"5,00,000",N/A
637,2/8/2017,Click2Clinic,Consumer Internet,healthcare service aggregator,Hyderabad,"Narottam Thudi, Shireesh Palle",Seed Funding,"8,50,000",N/A
638,3/8/2017,SpeedBox,Logistics,On-Demand Logistics Service provider,Mumbai,Cismat Cargo Services Pvt. Ltd.,Seed Funding,"3,00,000",N/A
639,3/8/2017,Skill Connect,Consumer Internet,Recruitment Portal,Jaipur,Rajasthan Angel Investor Network,Seed Funding,,N/A
640,3/8/2017,Chai Point,Consumer Internet,Tea Delivery Portal & offline stores,Bangalore,"DSG Consumer Partners, Eight Roads Ventures India",Private Equity Funding,,N/A
641,3/8/2017,Zoctr,Consumer Internet,Health Products & Services Aggregator,Mumbai,SIDBI,Private Equity Funding,,N/A
642,4/8/2017,Lime Tray,Technology,Restaurant Management Solutions,New Delhi,JSW Ventures,Private Equity Funding,,N/A
643,4/8/2017,CoutLoot,eCommerce,Fashion Resale Marketplace,Mumbai,"Anuj Puri, Redcliffe Capital, Artha India Ventures, Siddharth Kothari, Apoorv Ranjan Sharma,",Seed Funding,,N/A
644,4/8/2017,Box My Space,Logistics,Warehouse Aggregator,Mumbai,"R. Jayakumar, Vaibhav Vohra, Aditya Vazirani, Rhea Vazirani, AVN Business Solutions, Dreamweaver Investments",Seed Funding,,N/A
645,5/8/2017,Curatio,Healthcare,Skincare Speciality services,Chennai,Anicut Capital,Private Equity Funding,,N/A
646,8/8/2017,New Castle Technologies,Technology,Hospital Management Software,Chennai,Undisclosed investors,Seed Funding,"2,43,000",N/A
647,8/8/2017,My Forex Eye,Consumer Internet,foreign exchange services,New Delhi,"Rahul Dev Kumar, Rajesh Mahajan, Ankit Sharma and others",Seed Funding,"2,20,000",N/A
648,9/8/2017,TruxApp,Logistics,Mobile based Logistics Service,New Delhi,"Venugopal Dhoot, Ajay Bhatia, Tarun Khandelwal, Ganpat Singhvi, Mandhian family & Others",Seed Funding,"31,00,000",N/A
649,9/8/2017,CroFarm,Technology,Agriculture Supply Chain solutions,Gurgaon,Factor[e] Ventures,Seed Funding,"7,83,000",N/A
650,9/8/2017,DoodhWala,Consumer Internet,Online milk delivery,Bangalore,Tom Varkey,Seed Funding,,N/A
651,10/8/2017,Stayabode,Consumer Internet,Co-Living space aggregator,Bangalore,"Incubate Fund, Sanjay Shenoy, Mridul Upreti,",Private Equity Funding,,N/A
652,11/8/2017,Flipkart,eCommerce,Online Marketplace,Bangalore,Softbank,Private Equity Funding,"2,50,00,00,000",N/A
653,11/8/2017,Moong Labs,Technology,Mobile games developer,New Delhi,Nazara Games,Private Equity Funding,,N/A
654,11/8/2017,Ola Cabs,Consumer Internet,App based cab aggregation Service,Gurgaon,Tekne Capital Management,Private Equity Funding,"3,60,00,000",N/A
655,8/14/2017,Sports Flashes,Consumer Internet,Sports Content Mobile App,New Delhi,"Bennett, Coleman and Company Ltd (BCCL),",Private Equity Funding,,N/A
656,8/14/2017,Digilend,Technology,Personal Loans & EMI solutions platform,Mumbai,"InCred Finance, Fullerton India Credit Company Ltd",Seed Funding,"3,12,000",N/A
657,8/15/2017,KNAB Finance,Consumer Internet,Unsecured Small Business Loans,Bangalore,"InCred, Krishnakumar Natarajan, Ravi Bhardwaj",Seed Funding,"3,85,000",N/A
658,8/17/2017,Get Simpl,Consumer Internet,Payment Solution Mobile app,Mumbai,"Green Visor Capital LP II, IA Venture Strategies Fund II LP, Boillot Family Trust, Russell M Byrne, The Oliver R. Grace, Jr. Millennium Trust, SF Capital Investments LP",Seed Funding,,N/A
659,8/20/2017,Rootefy,eCommerce,Building material online store,New Delhi,"Abhinav Gupta,",Seed Funding,"1,87,000",N/A
660,8/21/2017,Uniphore,Technology,speech recognition startup,Chennai,IDG Ventures,Private Equity Funding,"68,00,000",N/A
661,8/21/2017,Cerebroz,Consumer Internet,E-Tech platform,Vadodara,Undisclosed HNI\\xe2\\x80\\x99s,Seed Funding,"7,34,000",N/A
662,8/22/2017,Flochat,Consumer Internet,instant messaging platform,Mumbai,"iSquare Global,",Seed Funding,,N/A
663,8/22/2017,EasyGov,Consumer Internet,Govt service application portal,Noida,"Social Alpha, Rajan Anandan, Rajeev Ahuja, Kshitij Arora",Seed Funding,,N/A
664,8/23/2017,Milk Basket,Consumer Internet,Online Grocery platform,Gurgaon,Blume Ventures. Lenovo Capital and Incubator Group (LCIG),Seed Funding,,N/A
665,8/23/2017,Dhruva,Technology,Cloud data protection and management solutions,Pune,"Riverwood Capital, Sequoia Capital India, Nexus Venture Partners, Tenaya Capital",Private Equity Funding,"8,00,00,000",N/A
666,8/23/2017,Bombay Shaving Company,eCommerce,Men Grooming product etailer,New Delhi,Fireside Ventures,Private Equity Funding,"23,00,000",N/A
667,8/23/2017,Awign,Technology,Operations and manpower outsourcing,Bangalore,"IIT Ropar, Imanpreet Singh Arora, Sidharth Rozario, Saurabh Abichandani, Shikhar Gupta,",Seed Funding,,N/A
668,8/23/2017,Indiez,Technology,Software & Mobile app development platform,Bangalore,Haresh Chawla,Seed Funding,"5,00,000",N/A
669,8/24/2017,Ezetap,Technology,mPOS solutions provider,Bangalore,"JS Capital Management, Social Capital, Horizons Ventures,",Private Equity Funding,"1,60,00,000",N/A
670,8/25/2017,Ink Monk,Consumer Internet,Online printing marketplace,Chennai,"VAMM Ventures, Raksul, Dena",Seed Funding,"7,50,000",N/A
671,8/25/2017,Medinfi,Consumer Internet,Online Doctor Discovery Platform,Bangalore,"PBS Srinivas, Vinod Martin,",Seed Funding,"1,25,000",N/A
672,8/28/2017,Mobikon,Technology,Restaurant & Hotel CRM platform,Pune,"Sistema Asia Fund, C31 Ventures, Qualgro.",Private Equity Funding,"70,00,000",N/A
673,8/29/2017,CureFit,Consumer Internet,End to End health and wellness platform.,Bangalore,"Accel Partners, IDG Ventures, Kalaari Capital, UC-RNT fund",Private Equity Funding,"2,50,00,000",N/A
674,8/29/2017,Doxper,Technology,Healthtech IoT platform,Mumbai,"idal Health, growx ventures, Capier Investments, Globevestor & others",Seed Funding,"7,50,000",N/A
675,8/29/2017,Fieldassist,Technology,SAAS based sales force automation services,Gurgaon,Small Industries Development Bank of India (SIDBI),Debt Funding,,N/A
676,8/30/2017,Treebo,Consumer Internet,Budget Hotel Aggregator platform,Bangalore,"Ward Ferry Management and Karst Peak Capital,",Private Equity Funding,"3,40,00,000",N/A
677,8/30/2017,MedGenome,Technology,Genomics Research and Diagnostics Solutions,Bangalore,"Sequoia India, Sofina s.a., Zodius Capital, Kris Gopalakrishnan, Lakshmi Narayanan,",Private Equity Funding,"3,00,00,000",N/A
678,1/7/2017,Billion Loans,Consumer Internet,Peer to Peer Lending platform,Bangalore,Reliance Corporate Advisory Services Ltd,Seed Funding,"10,00,000",N/A
679,3/7/2017,Ecolibriumenergy,Technology,Energy management solutions provider,Ahmedabad,"Infuse Ventures, JLL",Private Equity Funding,"26,00,000",N/A
680,4/7/2017,Droom,eCommerce,Online marketplace for automobiles,Gurgaon,"Asset Management (Asia) Ltd, Digital Garage Inc",Private Equity Funding,"2,00,00,000",N/A
681,5/7/2017,Jumbotail,eCommerce,online marketplace for food and grocery,Bangalore,"Kalaari Capital, Nexus India Capital Advisors",Private Equity Funding,"85,00,000",N/A
682,5/7/2017,Moglix,eCommerce,B2B marketplace for Industrial products,Noida,"International Finance Corporation, Rocketship, Accel Partners, Jungle Ventures, Shailesh Rao, Venture Highway",Private Equity Funding,"1,20,00,000",N/A
683,5/7/2017,Timesaverz,Consumer Internet,Hyperlocal home services provider,Mumbai,BCCL,Private Equity Funding,"10,00,000",N/A
684,6/7/2017,Minjar,Technology,Cloud Solutions provider,Bangalore,"Blume Ventures, Contrarian Capital India Partners, Emergent Ventures India, Pallav Nadhani, Ashish Gupta, Sharad Sharma, Sirion Labs",Seed Funding,,N/A
685,6/7/2017,MyCity4kids,Consumer Internet,parenting blog and kids\\xe2\\x80\\x99 events discovery platform,Gurgaon,N/A,Seed Funding,,N/A
686,7/7/2017,Clip App,Consumer Internet,Digital Media Video platform,Bangalore,"India Quotient, Shunwei Capital",Seed Funding,"10,00,000",N/A
687,7/7/2017,Upwardly.in,Consumer Internet,MF investment platform,Bangalore,"Sreeram Iyer, Suvo Sarkar, Anita Gupta, Likemind Ventures",Seed Funding,,N/A
688,10/7/2017,Autorox.co,Technology,Workshop Management Software Platform,Hyderabad,Mitsui & Co.,Private Equity Funding,"30,00,000",N/A
689,11/7/2017,Fabogo,Consumer Internet,Salon & Spa Aggregation & Discovery platform,Pune,Dunamis Ventures Pte Ltd,Private Equity Funding,"22,50,000",N/A
690,11/7/2017,Flickstree,Consumer Internet,Video Content Discovery Platform,Mumbai,"Venture Catalysts, Sourav Ganguly, Ankit Aditya, Moksh Sports Ventures",Seed Funding,"4,64,000",N/A
691,11/7/2017,Design Cafe,Consumer Internet,Online Interior Design platform,Bangalore,"Fireside Ventures, Apurva Salarpuria, Sidharth Pansari, Sprout Capital",Seed Funding,,N/A
692,12/7/2017,Innoviti,Technology,Digital payments solutions,Bangalore,"SBI-FMO Fund, Bessemer Venture Partners, Catamaran Ventures",Private Equity Funding,"1,85,00,000",N/A
693,12/7/2017,VDeliver,Logistics,Door Step Delivery platform,Hyderabad,"Corvus Ventures, MAPE Advisory Group",Private Equity Funding,,N/A
694,12/7/2017,Bottr.me,Technology,Chatbot creation tool,Bangalore,"500 Startups, Purvi Capital, Rajan Anandan, Abhishek Gupta",Seed Funding,,N/A
695,12/7/2017,Arcatron,Technology,Next Gen Mobility device manufacturer,Pune,Indian Angel Network,Seed Funding,,N/A
696,7/14/2017,QwikSpec,Technology,Construction site operations and analytics platform,Bangalore,"Brigade Innovations LLP, TV Mohandas Pai, Suhail Rahman, Bobby Reddy, M George Oommen",Seed Funding,"5,40,000",N/A
697,7/14/2017,Chumbak,eCommerce,Designer consumer products Marketplace,Bangalore,Blacksoil Capital Pvt. Ltd,Private Equity Funding,"17,00,000",N/A
698,7/17/2017,Increff,Technology,Sales Solutions for Fashion Brands,Bangalore,"Sequoia Capital, Grey Orange, Rajesh Ramaiah, Anshuman Das, Rishi Das",Seed Funding,"20,00,000",N/A
699,7/17/2017,Vayana,Technology,Enterprise Banking Solutions,Pune,"IDG Ventures India Advisors, Jungle Ventures",Private Equity Funding,"40,00,000",N/A
700,7/18/2017,MObiquest,Technology,Mobile Services & Solutions,Noida,One97 Communication Ltd,Private Equity Funding,,N/A
701,7/18/2017,Ambee,Consumer Internet,Ambulance Aggregation Services,Hyderabad,"Uber Technologies Inc, Amaya Capital LLP",Seed Funding,,N/A
702,7/18/2017,Ideal Insurance,Consumer Internet,Online Insurance platform,Kolkata,Xelpmoc,Seed Funding,,N/A
703,7/18/2017,Hypernova Interactive,Technology,Mobile games creator,Bangalore,Kae Capital,Seed Funding,,N/A
704,7/19/2017,Rentomojo,Consumer Internet,Consumer Leasing Platform,Bangalore,"ain Capital Ventures, Renaud Laplanche",Private Equity Funding,"1,00,00,000",N/A
705,7/19/2017,AirCTO,Consumer Internet,AI powered recruitment platform,Bangalore,Francesco Cara,Seed Funding,,N/A
706,7/19/2017,Playablo,Technology,Gamified Learning App,Bangalore,ABI-Showatech (India) Ltd,Seed Funding,"6,00,000",N/A
707,7/20/2017,Trupay,Technology,Online payments platform,Gurgaon,"Kae Capital, M&S Partners,",Seed Funding,"7,00,000",N/A
708,7/21/2017,Brick2Wall,eCommerce,Online Marketplace for Construction Material,Gurgaon,"Subramani Somasundaram, Sundeep Sahni, Mayank Mittal & Others",Seed Funding,"2,00,000",N/A
709,7/21/2017,FableStreet,eCommerce,Women Work wear etailer,New Delhi,"Harmeet Bajaj, Pameela P, Fusiontech Ventures & Others",Seed Funding,,N/A
710,7/21/2017,Monsoon Fintech,Technology,Machine Learning Access platform,New Delhi,"Sunil Kalra, Aditya Singh, Rishi Srivastava, Rajan Anandan",Seed Funding,,N/A
711,7/21/2017,MonkeyBox,Consumer Internet,Healthy Food Delivery Platform,Bangalore,"Blume Ventures, NB Ventures, Nspira",Seed Funding,,N/A
712,7/25/2017,Noticeboard,Consumer Internet,Mobile-first Enterprise communication platform,Bangalore,"Stellaris Venture Partners,",Private Equity Funding,"12,00,000",N/A
713,7/25/2017,Byju\\xe2\\x80\\x99s,Consumer Internet,Mobile Learning App,Bangalore,Tencent Holdings,Private Equity Funding,"3,50,00,000",N/A
714,7/26/2017,Creator\\xe2\\x80\\x99s Gurukul,Others,Co-Working Space Provider,New Delhi,Yuvraj Singh,Seed Funding,,N/A
715,7/26/2017,Fab Hotels,Consumer Internet,Budget hotels brand & Aggregator Platform,New Delhi,Goldman Sachs,Private Equity Funding,"2,50,00,000",N/A
716,7/26/2017,ThinkerBell,Consumer Internet,Assisted Learning Startup,Bangalore,"Indian Angel Network, Anand Mahindra",Seed Funding,"2,00,000",N/A
717,7/27/2017,1mg,eCommerce,Online Pharmacy,Gurgaon,"HBM Healthcare Investments, Maverick Capital Ventures, Sequoia India, Omidyar Network and Kae Capital",Private Equity Funding,"1,50,00,000",N/A
718,7/28/2017,Jhakaas,Consumer Internet,App-based Aggregator of Offline Businesses,Mumbai,Amen Dhyllon,Seed Funding,,N/A
719,7/28/2017,BigStylist,Consumer Internet,Beauty Services Marketplace,Mumbai,Info Edge (India) Ltd,Private Equity Funding,"12,50,000",N/A
720,7/28/2017,Gympik.com,Consumer Internet,online marketplace for discovering fitness centres,Bangalore,RoundGlass Partners,Seed Funding,,N/A
721,1/6/2017,Tripeur,Technology,Mobile based travel ERP platform,Bangalore,"Grace Grace Techno Ventures LLP, Rajul Garg & Other undisclosed investors",Seed Funding,,N/A
722,2/6/2017,RentOnGo,eCommerce,"Online Marketplace for Renting Bikes, Electronics & Appliances",Bangalore,TVS Motor Company,Seed Funding,"2,34,000",N/A
723,5/6/2017,Goomo,Consumer Internet,Online Travel & Holiday Booking platform,Mumbai,Emerging India,Private Equity Funding,"5,00,00,000",N/A
724,5/6/2017,MaxMyWealth,Consumer Internet,Online Wealth Management & Savings platform,Mumbai,"lockchain ecosystem Global Advisors, Horseferry",Private Equity Funding,,N/A
725,6/6/2017,Spinny,eCommerce,Online Used Car marketplace,Gurgaon,"Blume Ventures, Indian Angel Network, Kunal Shah, Sandeep Tandon",Private Equity Funding,"10,00,000",N/A
726,6/6/2017,Healthbuds,Consumer Internet,Healthcare Discovery & booking platform,Kolkata,"Arun Patodia, Bharat Kedia",Seed Funding,,N/A
727,6/6/2017,Ftcash,Consumer Internet,Mobile Payments platform,Mumbai,"500 Startups, IvyCap Ventures",Private Equity Funding,,N/A
728,6/6/2017,BHIVE Workspace,Consumer Internet,co-working spaces,Bangalore,Blume Ventures,Private Equity Funding,"12,00,000",N/A
729,6/6/2017,wayForward,Consumer Internet,Mobile app for Mental Health,New Delhi,"Harsh Mahajan, Farhan Naqvi, Sreepathy Viswanathan",Seed Funding,"10,00,000",N/A
730,6/6/2017,GyanDhan,Consumer Internet,Education Marketplace,New Delhi,Sundaram Finance Holdings,Private Equity Funding,,N/A
731,6/6/2017,Hungry Foal,Consumer Internet,For profit Social Venture,Gurgaon,SBI (Stand Up India Scheme),Private Equity Funding,,N/A
732,7/6/2017,ZipLoan,Consumer Internet,Online lending platform,New Delhi,WaterBridge Ventures,Seed Funding,"6,50,000",N/A
733,7/6/2017,GrowFitter,Consumer Internet,health and fitness discovery platform,Mumbai,SQue Capital,Seed Funding,"6,00,000",N/A
734,8/6/2017,Stratfit,Consumer Internet,Health coaching programs,Hyderabad,Bodhtree Consulting Limited,Seed Funding,"2,32,000",N/A
735,8/6/2017,Multiplier Solutions,Technology,CRM Software for Healthcare space,Hyderabad,Norwest Venture Partners,Private Equity Funding,"15,00,000",N/A
736,8/6/2017,ABI Health,Technology,Unified Digital Health Platform,Bangalore,Norwest Venture Partners,Private Equity Funding,"15,00,000",N/A
737,8/6/2017,Stockal,Consumer Internet,App-based Investment advisory Services,Bangalore,"Mohan Alexander, R. Natarajan, Vikrant Varshney, Amit Sinha",Seed Funding,"3,50,000",N/A
738,9/6/2017,Guidoo,Consumer Internet,Travel & adventure planning platform,Mumbai,"Pawan Borle, Nirmal Singh, Manish Prasad, Vineet Varma, Nick Haulkoury, Abhai S. Rao",Seed Funding,"3,00,000",N/A
739,9/6/2017,eSahai.in,Consumer Internet,ambulance aggregator and medical taxi provider,Hyderabad,"Dr Ramesh Ayyala, Satya Muthyala",Seed Funding,"2,50,000",N/A
740,12/6/2017,Loanmeet,Consumer Internet,Online peer-to-peer lending platform,Bangalore,"Cao Yibin, Huang Wei, Madhusudan E,",Seed Funding,,N/A
741,12/6/2017,LendingKart,Consumer Internet,Online Lending platform,Ahmedabad,Yes Bank,Debt Funding,"78,00,000",N/A
742,12/6/2017,Boxx.ai,Technology,Artificial Intelligence,Bangalore,"Unicorn India Ventures, Venky Krishnakumar, Suresh Shankar, Vivek Bhargava",Private Equity Funding,"5,00,000",N/A
743,12/6/2017,PeeSafe.in,Healthcare,Hygiene care product manufacturer,New Delhi,"Venture Catalysts, Alfa Capital, Green Shots Capital, Real Time Ventures",Private Equity Funding,"10,00,000",N/A
744,12/6/2017,Vista Rooms,Consumer Internet,Online rooms aggregation platform,Mumbai,"Artha India Ventures, Singularity Holdings, Rajan Anandan, Girish Mathrubootham",Seed Funding,"7,76,000",N/A
745,12/6/2017,CoverFox,Consumer Internet,Online insurance brokerage platform,Mumbai,Transamerica,Private Equity Funding,"1,50,00,000",N/A
746,6/13/2017,HyperTrack,Technology,Location tracking solutions,New Delhi,"Nexus Venture Partners, Founders Fund",Private Equity Funding,,N/A
747,6/13/2017,Goodera,Technology,CSR and sustainability management platform,Bangalore,"Nexus Venture Partners, Omidyar Network",Private Equity Funding,"55,00,000",N/A
748,6/13/2017,Digit,Technology,Tech driven Insurance platform,Bangalore,Fairfax Holdings,Private Equity Funding,,N/A
749,6/14/2017,Ola,Consumer Internet,Cab Aggregation App,Bangalore,Tekne Capital Management LLC,Private Equity Funding,"5,00,00,000",N/A
750,6/14/2017,Vanitycask,Consumer Internet,Beauty products discovery platform,Mumbai,RB Investments,Seed Funding,,N/A
751,6/14/2017,MrNeeds,Consumer Internet,Micro Food Delivery platform,Noida,undisclosed investors,Seed Funding,"5,00,000",N/A
752,6/15/2017,MoneyTap,Consumer Internet,Money Lending platform,Bangalore,"Sequoia India, NEA, Prime Venture Partners",Private Equity Funding,"1,23,00,000",N/A
753,6/16/2017,Goodbox,eCommerce,Mobile SAAS ECommerce platform for SMEs,Bangalore,"Nexus Venture Partners, Mekin Maheshwari",Private Equity Funding,"10,00,000",N/A
754,6/16/2017,Fincash,Consumer Internet,Personal Finance platform,Mumbai,"Mohammed Khan, Sameer Narayan & Others",Seed Funding,"1,00,000",N/A
755,6/16/2017,PortDesk,Technology,Maritime Solutions,Noida,Alphard Maritime Group,Seed Funding,"20,00,000",N/A
756,6/16/2017,EdgeFx,eCommerce,DIY project Kits seller,Hyderabad,"Cross Border Angels & Experts, Rajasthan Angel Innovators Network, The Chennai Angels",Seed Funding,,N/A
757,6/16/2017,EazyDiner,Consumer Internet,Online Restaurant Reservation Platform,Gurgaon,YouWeCan Ventures,Seed Funding,,N/A
758,6/16/2017,HealthIntel,Healthcare,Online Pharmacy,New Delhi,BLIP Initiatives,Seed Funding,,N/A
759,6/19/2017,Unbxd,Technology,Cloud-based product discovery platform,Bangalore,Eight Roads Ventures,Private Equity Funding,"1,25,00,000",N/A
760,6/19/2017,DarwinBox,Technology,Enterprise human resources management platform,Hyderabad,"Lightspeed India Partners, Endiya Partners, 3one4 Capital Advisors LLP, Startupxseed Ventures LLP",Private Equity Funding,"40,00,000",N/A
761,6/20/2017,ForeverShop,Consumer Internet,Mobile based ecommerce platform,Bangalore,91maker.com,Seed Funding,"3,00,000",N/A
762,6/20/2017,Insider.in,Consumer Internet,Events Ticketing platform,Mumbai,Paytm,Private Equity Funding,"52,00,000",N/A
763,6/21/2017,Fynd,eCommerce,Fashion etailer,Mumbai,"IIFL Seed Ventures, Kae Capital, FJ Labs, Singularity Ventures, GrowX, Tracxn Labs, Axis Capital",Private Equity Funding,"24,00,000",N/A
764,6/21/2017,Grow Fit,Consumer Internet,Health-Tech platform,Bangalore,"Manipal Education and Medical Group (MEMG), SAR Group, The Grover Trust",Private Equity Funding,"45,00,000",N/A
765,6/21/2017,Fabulyst,Technology,Artificial Intelligence based platform,Hyderabad,iBhubs,Seed Funding,"2,15,000",N/A
766,6/21/2017,mSwipe,Technology,Point-of-Sale services,Mumbai,"UC-RNT Fund, Matrix Partners, alcon Edge Capital, DSG Consumer Partners",Private Equity Funding,"3,10,00,000",N/A
767,6/21/2017,OneAssist,Consumer Internet,Credit card fraud protection,Mumbai,Sequoia Capital,Private Equity Funding,,N/A
768,6/22/2017,Julia Computing,Technology,Open Source Language for Data Science and Machine Learning,Bangalore,"General Catalyst, Founder Collective",Private Equity Funding,"46,00,000",N/A
769,6/22/2017,Kissht,Consumer Internet,Consumer Lending platform,Mumbai,"Endiya Partners, Ventureast",Private Equity Funding,"20,00,000",N/A
770,6/22/2017,Explore Life traveling,Consumer Internet,Local homes booking platform,Bangalore,"Mekin Maheshwari, Bharat Vijay, Krish Seshadri, Amar Arsikere",Seed Funding,"5,00,000",N/A
771,6/23/2017,Loantap,Consumer Internet,Lending platform for salaried professionals,Mumbai,"Kae Capital, India Quotient, IFMR, and MAS Financial Services Ltd",Private Equity Funding,"40,00,000",N/A
772,6/23/2017,Voxweb,Consumer Internet,Mobile based social networking platform,Mumbai,Undisclosed investors,Seed Funding,"10,00,000",N/A
773,6/26/2017,HUG Innovations,Technology,Gesture based Smartwatch manufacturer,Hyderabad,"Mohit Srivastav, Kishore Ganji, Venkat Vallabhaneni, Rajeev Menon",Private Equity Funding,"50,00,000",N/A
774,6/26/2017,Flipkart,eCommerce,Online marketplace,Bangalore,Naspers,Private Equity Funding,"7,10,00,000",N/A
775,6/26/2017,V Resorts,Consumer Internet,Holiday & Vacation resort aggregator,Noida,"Seedfund, RB International",Private Equity Funding,"40,00,000",N/A
776,6/27/2017,Stashfin,Consumer Internet,Personal Finance App,New Delhi,"Snow Leopard Ventures, Alto Partners",Private Equity Funding,"50,00,000",N/A
777,6/27/2017,Formcept,Consumer Internet,Unified Data Analysis platform,Bangalore,Gujarat Venture Finance Ltd,Private Equity Funding,,N/A
778,6/27/2017,Spares Hub,eCommerce,Automobile parts marketplace,Pune,"The Chennai Angels, Anthill Scale Ventures, Esvee Technologies Inc, Inc95 Consulting",Seed Funding,"3,11,000",N/A
779,6/28/2017,FiTraQ,Consumer Internet,Fitness Centre Discovery Platform,New Delhi,"Aparup Sengupta, Devendra Reddy,",Seed Funding,,N/A
780,6/28/2017,Rubique,Consumer Internet,Online Marketplace for financial products,Mumbai,"Kalaari Capital, Udayan Goyal",Private Equity Funding,"30,00,000",N/A
781,6/28/2017,Niki.ai,Consumer Internet,AI Based Personal Assistant,Bangalore,"SAP.iO, Unilazer Ventures",Private Equity Funding,"20,00,000",N/A
782,6/29/2017,Fitpass,Consumer Internet,Online Fitness Marketplace,New Delhi,"Abhinav Bindra, Gaurav Marya",Private Equity Funding,"10,00,000",N/A
783,6/29/2017,ZingHR,Technology,"digital employee solutions,",Mumbai,Zeta,Private Equity Funding,,N/A
784,6/30/2017,Tagos Design,Technology,in-video discovery platform,Bangalore,Undisclosed Investors,Private Equity Funding,"50,00,000",N/A
785,6/30/2017,UrbanClap,Consumer Internet,Mobile Services Marketplace,Gurgaon,"Vy Capital, SAIF Partners, Accel Partner, Bessemer Venture Partners",Private Equity Funding,"2,10,00,000",N/A
786,1/5/2017,Ace2three,Consumer Internet,Online Rummy playing Website,Hyderabad,Clairvest Group,Private Equity Funding,"7,37,00,000",N/A
787,1/5/2017,Power2SME,eCommerce,Buying portal for SMEs,Gurgaon,International Finance Corporation,Private Equity Funding,"1,00,00,000",N/A
788,2/5/2017,Innovapptive,Technology,Enterprise Mobility Solutions,Hyderabad,Hyderabad Angels,Seed Funding,"15,00,000",N/A
789,2/5/2017,4tigo,Logistics,Truck Network company,Bangalore,"Accel Partners, Nandan Nilekani,",Private Equity Funding,"1,00,00,000",N/A
790,2/5/2017,SMECorner,Consumer Internet,Online Platform for small business loans,Mumbai,Dutch government fund,Private Equity Funding,,N/A
791,2/5/2017,ZippServe,Consumer Internet,Real estate risk assessment platform,Bangalore,undisclosed investors,Seed Funding,"3,90,000",N/A
792,3/5/2017,Ola,Consumer Internet,Cab Aggregation App,Bangalore,"Falcon Edge Capital, Capital Advisers",Private Equity Funding,"10,45,00,000",N/A
793,3/5/2017,Sumeru,Technology,Software & Mobile development services,Bangalore,undisclosed investors,Seed Funding,"10,00,000",N/A
794,4/5/2017,Healthians,Consumer Internet,Online Diagnostics and wellness platform,New Delhi,"Asuka Holdings, YouWeCan Ventures, Beenext, Beenos, M&S Partners",Private Equity Funding,,N/A
795,5/5/2017,HealthMir,Consumer Internet,AI-based health content platform,New Delhi,Nimit Panigrahi,Seed Funding,,N/A
796,5/5/2017,Uactive,Consumer Internet,Health-based social networking & discovery App,Mumbai,Hinduja family,Seed Funding,,N/A
797,5/5/2017,i-lend,Consumer Internet,Peer-to-peer lending platform,Hyderabad,50K Ventures,Seed Funding,,N/A
798,5/5/2017,Good Methods Global,Technology,Cloud Based Practice Management Software,Trivandrum,Accel Partners,Private Equity Funding,,N/A
799,5/5/2017,Balance App,Consumer Internet,Money Savings & Management App,Bangalore,Rainmatter,Seed Funding,"2,33,000",N/A
800,8/5/2017,YepMe,eCommerce,Private Label Fashion etailer,Gurgaon,"Rainbow Digital Services Pvt. Ltd, ILearnFinance Academy Pvt. Ltd.",Private Equity Funding,"7,00,000",N/A
801,8/5/2017,Nightstay,Consumer Internet,Last minute hotel booking mobile app,New Delhi,"Indian Angels Network, LetsVenture",Seed Funding,,N/A
802,8/5/2017,Devourin,Technology,Restaurant Automation Solution,Pune,Deepak Nathani,Seed Funding,,N/A
803,8/5/2017,MyGreens,Food & Beverage,Cold-press Juices manufacturer,New Delhi,"Ajay Relan, LetsVenture",Seed Funding,"10,00,000",N/A
804,8/5/2017,Ace Turtle,Technology,Omni-Channel Platform,Bangalore,"Vertex Ventures, C31 Ventures",Private Equity Funding,"50,00,000",N/A
805,8/5/2017,CureFit,Technology,Health-Tech Platform,Bangalore,"Trifecta Capital Advisors LLP, Prathithi Investment Trust, RNT Capital, Gokul Rajaram, Aditya Agarwal, Ruchi Sanghvi & others",Private Equity Funding,"32,00,000",N/A
806,9/5/2017,Curie Labs,Technology,Energy Analytics startup,New Delhi,Satoshi Studios,Seed Funding,"$50,000.00",N/A
807,9/5/2017,Uncanny Vision,Technology,Computer Vision on Embedded Systems,Bangalore,Anand Chandrasekaran,Seed Funding,,N/A
808,9/5/2017,Anchanto,Technology,Ecommerce Fulfilment and Technology Platform,Pune,Luxasia Group,Private Equity Funding,,N/A
809,9/5/2017,Sequretek,Technology,IT Security & Data Management Services,Mumbai,"GVFL, Unicorn India Ventures",Private Equity Funding,,N/A
810,10/5/2017,Lucideus,Technology,Cyber Security Startup,New Delhi,"Vellayan Subbiah, Jonathan Boutelle, Rajan Anandan, Rahul Chawla, Salil Donde, Amit Ranjan, Govind Rajan & Others",Seed Funding,,N/A
811,10/5/2017,Vidooly,Consumer Internet,Video Intelligence platform,Noida,"Times Internet, GVFL",Private Equity Funding,"14,00,000",N/A
812,10/5/2017,Shopclues,eCommerce,Online marketplace,Gurgaon,InnoVen Capital,Private Equity Funding,"77,00,000",N/A
813,10/5/2017,Fourth Ambit,Consumer Internet,Community Building platform,Bangalore,1Crowd,Seed Funding,"6,00,000",N/A
814,10/5/2017,Chymera VR,Technology,Advertising Platform for Virtual Reality,Bangalore,"Varsha Rao, Surojit Chatterjee, Nirav Choksi & Others",Seed Funding,,N/A
815,11/5/2017,Early Salary,Consumer Internet,Online lending platform,Pune,"DG Ventures India, Dewan Housing Finance Corp",Private Equity Funding,"40,00,000",N/A
816,11/5/2017,Book My Diamond,eCommerce,Diamond B2B eTailer,Mumbai,Chirag Nikunj Sheth & Others,Seed Funding,,N/A
817,11/5/2017,ION Energy,Technology,Clean Tech Startup,Mumbai,"Aakrit Vaish, Swapan Rajdev, Sushill Jiwarajka",Seed Funding,,N/A
818,12/5/2017,Legal Raasta,Consumer Internet,Legal Services to SMEs & Individuals,New Delhi,Impanix Capital,Private Equity Funding,"50,00,000",N/A
819,12/5/2017,Log 9 Materials,Technology,NanoTech product developer,Bangalore,GEMs,Seed Funding,,N/A
820,12/5/2017,Remit Guru,Consumer Internet,Digital money transfer platform,Mumbai,"Infibeam, CCavenue",Private Equity Funding,"4,66,000",N/A
821,12/5/2017,Aequm,eCommerce,Cloud ECommerce platform,Bangalore,undisclosed investors,Seed Funding,"10,00,000",N/A
822,5/15/2017,Zapty,Technology,Project Management tool,Bangalore,IdeaSpring Capital,Seed Funding,"5,00,000",N/A
823,5/15/2017,Vernacular.ai,Technology,Multi-lingual AI Platform for Businesses,Bangalore,Kstart Capital,Seed Funding,,N/A
824,5/16/2017,Niki.ai,Technology,AI-based chatbot,Bangalore,SAP,Private Equity Funding,,N/A
825,5/16/2017,Telr,Technology,Online Payment Gateway,Mumbai,Innovations East,Private Equity Funding,"30,00,000",N/A
826,5/16/2017,Fynd,eCommerce,Fashion ECommerce Portal,Mumbai,Rocketship,Private Equity Funding,"5,00,000",N/A
827,5/17/2017,Genie,Consumer Internet,hyperlocal delivery and logistics mobile app,Chennai,undisclosed investors,Seed Funding,"2,50,000",N/A
828,5/17/2017,Paysense,Consumer Internet,Online Lending platform,Mumbai,Jungle Ventures,Private Equity Funding,"53,00,000",N/A
829,5/18/2017,The Good Life,ECommerce,Online Luxury Tea etailer,Mumbai,"Ayesha Takia Azmi, Abu Farhan Azmi",Seed Funding,"10,00,000",N/A
830,5/18/2017,PumpKart,eCommerce,Online Water Pumps etailer,Chandigarh,Dr. Ritesh Malik,Seed Funding,,N/A
831,5/18/2017,Paytm,ECommerce,Mobile Wallet & ECommerce platform,Bangalore,SoftBank Group,Private Equity Funding,"1,40,00,00,000",N/A
832,5/19/2017,EzCred,Consumer Internet,Consumer Lending Platform,Bangalore,"Dheeraj Pandey, Rajesh Yohannan, Akash Garg",Seed Funding,"10,00,000",N/A
833,5/19/2017,HealthSutra,Food & Beverage,Health Food Maker,Hyderabad,"Ankur Capital, Hyderabad Angels",Seed Funding,,N/A
834,5/20/2017,YepMe,eCommerce,Private Fashion Brand etailer,New Delhi,Gokaldas Exports Ltd,Private Equity Funding,,N/A
835,5/22/2017,Delhivery,Logistics,ECommerce Logistics provider,New Delhi,Fosun International,Private Equity Funding,"3,00,00,000",N/A
836,5/22/2017,ZipGrid,Consumer Internet,"Cashless, paperless solutions for Housing societies",Mumbai,"JLL, 1Crowd",Seed Funding,"5,00,000",N/A
837,5/23/2017,TravelSpice,ECommerce,Travel ECommerce portal,Hyderabad,Eagle10 Ventures,Seed Funding,,N/A
838,5/23/2017,Magicpin,Consumer Internet,Hyperlocal discovery platform,Gurgaon,"Lightspeed Venture Partners, Vy Capital,",Private Equity Funding,"66,00,000",N/A
839,5/23/2017,The Print,Consumer Internet,News Portal,New Delhi,"Ratan Tata, Nandan Nilekani, Uday Kotak, Vijay Shekhar Sharma, Kiran Mazumdar-Shaw, Rajiv C Mody",Seed Funding,,N/A
840,5/23/2017,Box8,Consumer Internet,Food Delivery Platform,Mumbai,Trifecta Capital,Private Equity Funding,"10,00,000",N/A
841,5/24/2017,GenNext Students,Consumer Internet,Online Tutoring Services,Mumbai,Undisclosed Investors,Seed Funding,"5,80,000",N/A
842,5/25/2017,Aye Finance,Finance,Non-Banking Financial Company,Gurgaon,Blue Orchard,Private Equity Funding,"80,00,000",N/A
843,5/26/2017,WhatsLoan,Consumer Internet,Online Lending mobile app,Bangalore,Lahiri Music\\xe2\\x80\\x99s family office,Seed Funding,,N/A
844,5/29/2017,Cube Consumer Services,Consumer Internet,Finance management Mobile app,Mumbai,N/A,Seed Funding,,N/A
845,5/29/2017,Nivesh,Consumer Internet,Online MF investment platform,Noida,"PV Sahad, Sandeep Shroff, Rahul Gupta",Seed Funding,,N/A
846,5/29/2017,Wowflux,Technology,image Processing solution,New Delhi,Undisclosed Investors,Seed Funding,,N/A
847,5/29/2017,Collateral Medical,eCommerce,Online Medical equipment supplier,Mumbai,Carpediem Capital,Private Equity Funding,"35,00,000",N/A
848,5/30/2017,Loadshare,Logistics,Express Logistics Network,Bangalore,Matrix Partners,Seed Funding,,N/A
849,5/30/2017,SimpliLend,Consumer Internet,Online lending platform,New Delhi,Undisclosed Investors,Seed Funding,,N/A
850,5/30/2017,Supr Daily,Consumer Internet,Subscription based delivery platform,Mumbai,"Soma Capital, Great Oaks Ventures, 122 West Ventures",Private Equity Funding,"15,00,000",N/A
851,5/30/2017,Swiggy,Consumer Internet,Online food delivery platform,Bangalore,"Nasper, Accel India, SAIF Partners, Bessemer Venture Partners, Harmony Partners, Norwest Venture Partners",Private Equity Funding,"8,00,00,000",N/A
852,5/31/2017,SastaSundar,eCommerce,Online Pharmacy,Kolkata,Rohto Pharmaceutical,Private Equity Funding,"50,00,000",N/A
853,5/31/2017,Magicpin,Consumer Internet,Hyperlocal Discovery & Rewards platform,Gurgaon,"Lightspeed India Partners, Waterbridge Ventures",Private Equity Funding,"70,00,000",N/A
854,1/4/2017,Cashe,Consumer Internet,Online & Mobile based Lending platform,Mumbai,"Mathew Cyriac, Florintree Advisors,",Private Equity Funding,"38,00,000",N/A
855,3/4/2017,Eruditus,Education,Executive Education Provider,Mumbai,Bertelsmann India,Private Equity Funding,"82,00,000",N/A
856,3/4/2017,TestBook,Consumer Internet,Online Test Preparation Platform,Mumbai,Matrix Partners India,Private Equity Funding,,N/A
857,3/4/2017,Healthcare at Home,Healthcare,Home Healthcare Provider,Noida,Quadria Capital Advisors,Private Equity Funding,"4,00,00,000",N/A
858,3/4/2017,Tyre Express,Technology,Enterprise IoT solutions For Tyre Performance,Mumbai,Rohitash Gupta,Seed Funding,,N/A
859,3/4/2017,SmartCoin,Consumer Internet,Micro Lending platform,Bangalore,Unicorn India Ventures & Others,Private Equity Funding,,N/A
860,4/4/2017,WayCool,Food & Beverage,Fresh-Produce Distribution Platform,Chennai,Aspada Investments,Private Equity Funding,"27,00,000",N/A
861,4/4/2017,Perfios,Technology,Fin-Tech Solutions,Bangalore,Bessemer Venture Partners,Private Equity Funding,"61,00,000",N/A
862,4/4/2017,Whatfix,Technology,Interactive Tech-Support Guides,Bangalore,"Stellaris Venture Partners, Helion Venture Partners, Powerhouse Ventures, Gokul Rajaram, Girish Mathrubootham, Aneesh Reddy, Vispi Daver",Private Equity Funding,"36,90,000",N/A
863,4/4/2017,ElastiRun,Technology,App based Logistics & Distribution platform,Pune,"Kalaari Capital, Norwest Venture Partners",Private Equity Funding,"70,00,000",N/A
864,4/4/2017,Trukky,Consumer Internet,Online Truck Aggregator & Booking platform,Ahmedabad,"Keyur Joshi, Pavan Bakeri",Seed Funding,"5,00,000",N/A
865,4/4/2017,Konsult App,Consumer Internet,App based Doctor Consulting platform,New Delhi,"Koen Bouwers, Lomesh Agarwal, Jeroen Mensen, Pablo van den Bosch & Others",Seed Funding,"5,00,000",N/A
866,5/4/2017,Credit Sudhaar,Consumer Internet,Credit Score Improvement platform,Mumbai,"Deepak Kulkarni, Sandeep Pangal",Seed Funding,,N/A
867,5/4/2017,Fingerlix,Consumer Internet,Food Delivery Platform,Mumbai,Zephyr Peacock India,Private Equity Funding,"30,00,000",N/A
868,5/4/2017,DataWeave,Technology,Business Intelligence Solutions,Bangalore,"FreakOut Group, Blume Ventures, Herb Madan, WaterBridge Ventures",Private Equity Funding,,N/A
869,6/4/2017,Medwell Ventures,Healthcare,Home-Based Healthcare provider,Bangalore,"Mahindra Partners, Eight Roads Ventures, F-Prime Capital Partners",Private Equity Funding,"2,10,00,000",N/A
870,6/4/2017,Mech Mocha,Consumer Internet,Mobile gaming startup,Bangalore,"Accel Partners, Shunwei Capital",Private Equity Funding,"50,00,000",N/A
871,7/4/2017,Startup Buddy,Consumer Internet,Startup Support Platform,Gurgaon,"YouWeCan Ventures,",Seed Funding,,N/A
872,7/4/2017,QorQI,Healthcare,Online Healthcare provider,Noida,Paytm,Seed Funding,,N/A
873,7/4/2017,Twenty Two Motors,Technology,Smart Scooter manufacturer,Gurgaon,"Ishwar Singh,Farhaan Shabbir",Seed Funding,,N/A
874,7/4/2017,PharmEasy,eCommerce,Online Pharmacy,Mumbai,"Bessemer Venture Partners, Orios Venture Partners, Trifecta Capital,",Private Equity Funding,"1,80,00,000",N/A
875,8/4/2017,WonderChef,eCommerce,Online marketplace for kitchen products,Mumbai,Labruyere Eberl\\xc3\\xa9,Private Equity Funding,,N/A
876,8/4/2017,FastFox,Consumer Internet,Online rental discovery platform,Gurgaon,"Lightspeed India Partners, Blume Ventures, CyberAgent Ventures, GrowX Ventures, IMJ Investment Partners",Private Equity Funding,"46,00,000",N/A
877,10/4/2017,Omnify,Technology,SaaS platform for SMEs,Bangalore,"Rajan Anandan, L.D Sharma, Saurabh Arora",Seed Funding,"1,50,000",N/A
878,10/4/2017,Capital Float,Consumer Internet,Online Lending Platform for SME,Bangalore,Mahindra and Mahindra Financial Services,Private Equity Funding,"23,00,000",N/A
879,11/4/2017,Ninjacart,eCommerce,B2B agri-marketing platform,Bangalore,"Accel Partners, Nandan Nilekani\\xe2\\x80\\x99s NRJN Trust, Mistletoe, Qualcomm Ventures, M&S Partners",Private Equity Funding,"55,00,000",N/A
880,11/4/2017,MergerWare,Technology,Software solutions for M&As,Bangalore,Philippe Bouchet,Seed Funding,"1,00,000",N/A
881,11/4/2017,Sports Flashes,Consumer Internet,Online Sports portal & Mobile app,New Delhi,"Sushil Kumar, Sandeep Singh",Seed Funding,,N/A
882,12/4/2017,Clovia,eCommerce,Online lingerie & Sleepwear etailer,New Delhi,"Ivycap Ventures Advisors, Singularity Ventures and Ravi Dhariwal",Private Equity Funding,"40,00,000",N/A
883,12/4/2017,Emiza,Logistics,Third Party Logistics provider,Mumbai,"Mayfield, Nishant Rao, Dileep Nath",Private Equity Funding,"45,00,000",N/A
884,12/4/2017,HackerEarth,Consumer Internet,Online Skill Assessment Platform,Bangalore,"DHI Group Inc, Prime Venture Partners, Beenext, Beenos, Digital Garage, BizReach",Private Equity Funding,"45,00,000",N/A
885,12/4/2017,Squadrun,Technology,Software-As-a-Service Platform,Noida,"Blume Ventures, Contrarian Capital, 91springboard, Emergent Ventures, Abstract Ventures, Anthill Ventures, Axilor Ventures",Private Equity Funding,"21,00,000",N/A
886,12/4/2017,Tinmen,Consumer Internet,Food Delivery Platform,Hyderabad,"MAPE Advisory Group, R Ramaraj, Corvus Ventures",Seed Funding,,N/A
887,12/4/2017,ScoutMyTrip,Consumer Internet,Online Travel planner,Mumbai,Z Nation Lab,Seed Funding,,N/A
888,4/13/2017,SafetyKart,eCommerce,Safety & Hygiene Products etailer,Gurgaon,Redcliffe Capital,Private Equity Funding,,N/A
889,4/13/2017,WeAreHolidays,Consumer Internet,Travel Packages & Planner marketplace,Gurgaon,"Urrshila Kerkar,",Private Equity Funding,"77,00,000",N/A
890,4/14/2017,Ola Cabs,Consumer Internet,Cab Aggregator App,Bangalore,SIMI Pacific Pte,Private Equity Funding,"26,00,00,000",N/A
891,4/15/2017,Myly,Consumer Internet,Mobile App for Schools,Jaipur,mall Industries Development Bank of India (SIDBI),Seed Funding,"3,10,000",N/A
892,4/17/2017,CrediHealth,Consumer Internet,Online Medical Assistance platform,Gurgaon,"Tolaram Inc, Mountain Pine Capital",Private Equity Funding,"15,00,000",N/A
893,4/17/2017,Navia Life Care,Technology,Health Technology platform,New Delhi,Benori Ventures LLP,Seed Funding,,N/A
894,4/17/2017,Raw Pressery,Food & Beverages,Raw Pressed Juices manufacturer,Mumbai,Jacqueline Fernandez,Seed Funding,,N/A
895,4/17/2017,Snackible,Food & Beverages,Healthy Snacks manufacturer,Mumbai,"Nibhrant Shah, Anandbir Singh, Anirudh Sheth, Pratik Singhi, Vikram Mehta, Murali Nair",Seed Funding,"1,75,000",N/A
896,4/17/2017,Be U Salons,Consumer Internet,Online Salon discovery & Booking Services,New Delhi,"Gaurav Kachru, Sundeep Singh Sahni, Jatin Aneja, Arun Malhotra",Seed Funding,"6,20,000",N/A
897,4/17/2017,Simulanis,Consumer Internet,eLearning & Skills Development plat,New Delhi,Village Capital,Seed Funding,,N/A
898,4/17/2017,LendingKart,Consumer Internet,Lending platform for small businesses,Ahmedabad,Anicut Capital,Private Equity Funding,"46,50,000",N/A
899,4/18/2017,Innefu Security Consulting,Technology,Cyber Security solutions using AI,New Delhi,IndiaNivesh Venture Capital Fund,Private Equity Funding,"20,00,000",N/A
900,4/18/2017,Whodat,Technology,Markerless AR platform,Bangalore,Ideaspring Capital,Private Equity Funding,"6,00,000",N/A
901,4/18/2017,Absentia VR,Technology,Virtual Reality Startup,Bangalore,Exfinity Venture Partners,Private Equity Funding,"12,50,000",N/A
902,4/19/2017,IOTrek,Technology,IoT Platform for Bus,New Delhi,Undisclosed Investor,Seed Funding,"1,55,000",N/A
903,4/20/2017,HolaChef,Consumer Internet,Online Food Delivery,Mumbai,"SIDBI Venture Capital Ltd, Kalaari Capital",Private Equity Funding,"30,00,000",N/A
904,4/20/2017,Wooplr,eCommerce,Social Commerce Fashion platform,Bangalore,Ankit Nagori,Private Equity Funding,,N/A
905,4/21/2017,Video Ken,Consumer Internet,Video Based Collaborative Learning,Bangalore,"Ravi Garikipati, Surot Chatterjee, Ashish Agrawal, LG Chandrasekhar, Sashi Reddi",Seed Funding,"10,00,000",N/A
906,4/24/2017,Faasos,Food & Beverage,QSR chain and online food delivery,Pune,"Ligthbox Ventures II, Lightbox Expansion Fund, Sequoia Capital India, RuNet South Asia, RB Investments",Private Equity Funding,"63,00,000",N/A
907,4/24/2017,Oyo Rooms,Consumer Internet,Branded Budget Hotels Aggregator,Gurgaon,"SoftBank Vision Fund, Lightspeed Venture Partners, Sequoia Capital India Advisors, Greenoaks Capital Partners",Private Equity Funding,"25,00,00,000",N/A
908,4/24/2017,Toppr,Consumer Internet,Learning mobile app for students,Mumbai,WGG International,Private Equity Funding,"32,00,000",N/A
909,4/24/2017,Niramai,Healthcare,Breast Cancer Screening Solutions,Bangalore,"pi Ventures, Axilor Ventures, 500 Startups, Binny Bansal",Seed Funding,,N/A
910,4/25/2017,The Office Pass,Consumer Internet,CoWorking Spaces booking platform,Gurgaon,"Arun Tadanki, Aditya Verma",Seed Funding,"2,45,000",N/A
911,4/25/2017,UrbanClap,Consumer Internet,Mobile Services Marketplace,Gurgaon,Trifecta Capital,Private Equity Funding,"31,00,000",N/A
912,4/26/2017,Awfis,Consumer Internet,Collaborative co-Working Spaces,Mumbai,Sequoia India,Private Equity Funding,"2,00,00,000",N/A
913,4/26/2017,Myra,Consumer Internet,Online Pharmacy,Bangalore,"Times Internet,Matrix Partners",Private Equity Funding,,N/A
914,4/26/2017,Flytxt,Technology,Customer data analytics software,Mumbai,DAH Beteiligungs GmbH,Private Equity Funding,"1,10,00,000",N/A
915,4/26/2017,Howdy Ventures,Consumer Internet,Public and Private Events creation app,Chennai,S. Xavier Britto,Seed Funding,"15,00,000",N/A
916,4/26/2017,StalkBuyLove,eCommerce,Online fashion marketplace,New Delhi,Trifecta Capital,Private Equity Funding,"10,00,000",N/A
917,4/26/2017,ZipGo,Consumer Internet,Bus Pooling services platform,Bangalore,"Orios Ventures Partners, Team Builder Ventures, Omidyar Networks",Private Equity Funding,,N/A
918,4/27/2017,Scootsy,Consumer Internet,On-Demand Food Delivery,Mumbai,"Agnus Capital, Khattar Holdings",Private Equity Funding,"36,00,000",N/A
919,4/27/2017,Autobix,Technology,Software Solutions for Auto Dealership,Pune,GardX International,Seed Funding,,N/A
920,4/27/2017,eShiksha,Technology,Education Institution Management Solutions,Jaipur,Cross Border Angels & Experts,Seed Funding,,N/A
921,4/27/2017,iNurture,Consumer Internet,Online Educational courses,Bangalore,BlackSoil Capital Pvt. Ltd,Private Equity Funding,"15,00,000",N/A
922,4/28/2017,Sepalika,Consumer Internet,Healthcare related content platform,New Delhi,Accel Partners,Seed Funding,"7,50,000",N/A
923,4/28/2017,Mintwalk,Consumer Internet,Financial advisory mobile app,Mumbai,Poshika Financial Ecosystem,Seed Funding,,N/A
924,4/29/2017,Qriyo,Consumer Internet,Tutor Discovery & Booking platform,Jaipur,NB Ventures,Private Equity Funding,,N/A
925,1/3/2017,Ola,Consumer Internet,App based cab aggregator,Bangalore,SoftBank Group Corp,Private Equity Funding,"33,00,00,000",N/A
926,1/3/2017,Belong,Consumer Internet,Online Jon Portal,Bangalore,Sequoia Capital India,Private Equity Funding,"1,00,00,000",N/A
927,1/3/2017,Seenit,Consumer Internet,AI based Fashion Search Portal,Kolkata,"Calcutta Angels Network (CAN), Augment Ventures",Seed Funding,,N/A
928,1/3/2017,Paalak,ECommerce,Fresh Produce Selling portal,New Delhi,"Vishwadeep Bajaj, Harsh Kundra, Nandkumar Rane, LN Buddharaju, Anupam Tyagi",Seed Funding,,N/A
929,2/3/2017,Celes Care,Consumer Internet,Women Healthcare & Information portal,Hyderabad,"Ventureast, Endiya Partners, Eight Roads Ventures, F-Prime Capital Partners",Private Equity Funding,"15,00,000",N/A
930,2/3/2017,Karomi,Technology,Packaging Artwork Management software,Chennai,Ideaspring Capital,Seed Funding,"5,00,000",N/A
931,2/3/2017,Red Carpet,Consumer Internet,Micro Lending platform,Gurgaon,Lightspeed Venture Partners,Private Equity Funding,"25,00,000",N/A
932,2/3/2017,Kreate Konnect,Technology,End-to-End Seller e-commerce solutions Provider,Vadodara,Langoor,Seed Funding,,N/A
933,2/3/2017,CreditMantri,Consumer Internet,Online Credit score & lending platform,Chennai,Quona Capital,Private Equity Funding,"76,00,000",N/A
934,3/3/2017,Lets Endorse,Consumer Internet,Online Ecosystem of social innovators,Bangalore,"Chandigarh Angels Network, Social Alpha and other unnamed angel investors",Seed Funding,,N/A
935,3/3/2017,Tydy,Technology,Employee Onboarding and Engagement platform,Bangalore,"Bhupen Shah, Jayesh Parekh, Sanjay Sathe",Seed Funding,"2,75,000",N/A
936,3/3/2017,Nactus,Consumer Internet,Professional Tutors discovery & booking mobile app,Jaipur,"Sandeep Aggarwal, Gautam Chhaochharia, R Balachandar",Seed Funding,,N/A
937,3/3/2017,Oho Shop,Technology,eCommerce Mobile App Builder,Ahmedabad,"Bennett, Coleman and Company Ltd",Private Equity Funding,"67,00,000",N/A
938,3/3/2017,Emojifi,Consumer Internet,Mobile App for live emoji,Hyderabad,Undisclosed angel investors,Seed Funding,,N/A
939,3/3/2017,Paytm Marketplace,ECommerce,ECommerce Marketplace,Bangalore,Alibaba,Private Equity Funding,"20,00,00,000",N/A
940,4/3/2017,iGenetics,Healthcare,Health Diagnostic Solutions,Mumbai,CDC Group Plc,Private Equity Funding,"1,95,00,000",N/A
941,6/3/2017,Juno Clinic,Consumer Internet,Online Counseling Platform,Mumbai,Atul Nishar,Seed Funding,"12,00,000",N/A
942,6/3/2017,Summerlabel,Consumer Internet,Fashion and Lifestyle discovery platform,Gurgaon,"Aneesh Seth, Tushar Mittal",Seed Funding,"1,50,000",N/A
943,6/3/2017,PickMe,Consumer Internet,Gadget Insurance & Repair Services platform,Mumbai,SIDBI Venture Capital Fund,Private Equity Funding,"17,90,000",N/A
944,7/3/2017,Agrostar,Technology,Direct-to-Farmer Mobile-Based Retail platform,Pune,Accel Partners,Private Equity Funding,"1,00,00,000",N/A
945,7/3/2017,Zapr,Technology,"DSP, TV Analytics & Cross-Platform advertising",Bangalore,Star India Pvt Ltd,Private Equity Funding,"1,00,00,000",N/A
946,7/3/2017,Data Resolve,Technology,Cyber Security Solutions,Noida,IDFC Parampara Early Stage Opportunities Fund,Private Equity Funding,"10,00,000",N/A
947,7/3/2017,Book Servicing,Consumer Internet,Online Vehicle Services Booking platform,New Delhi,National Science and Technology Entrepreneurship Development Board,Seed Funding,"$30,000.00",N/A
948,7/3/2017,Blowhorn,Consumer Internet,Intra-City Logistics provider,Bangalore,"IDG Ventures India, Michael & Susan Dell Foundation, Draper Associates, Unitus Seed Fund",Private Equity Funding,"36,50,000",N/A
949,8/3/2017,Rivigo,Logistics,Technology Enabled Logistics Company,Gurgaon,Private Sector Banks (Debt Funding),Private Equity Funding,"1,50,00,000",N/A
950,8/3/2017,PipeCandy,Technology,Intelligent Sales Prospecting Platform,Chennai,"IDG ventures, Axilor Ventures, Emergent Ventures, Indian Angel Network",Seed Funding,"11,00,000",N/A
951,8/3/2017,Supr Daily,Consumer Internet,Subscription based Home Delivery Platform,Mumbai,Y Combinator,Seed Funding,"1,20,000",N/A
952,8/3/2017,Parentune,Consumer Internet,Online Community for Parents,Gurgaon,"Kae Capital, SEGNEL Ventures",Private Equity Funding,,N/A
953,9/3/2017,AppBrowzer,Consumer Internet,Instant Mobile Apps Store,Bangalore,Deepak Gurnani,Seed Funding,"5,00,000",N/A
954,9/3/2017,MagicBricks,Consumer Internet,Online Real Estate Portal,Mumbai,Times Internet Ltd,Private Equity Funding,"45,00,000",N/A
955,10/3/2017,PeeBuddy,Healthcare,Female Hygiene product manufacturer,New Delhi,Indian Angel Network,Seed Funding,"4,43,000",N/A
956,10/3/2017,iOrderFresh,ECommerce,Online fresh fruits and grocery store,New Delhi,Singapore Angel Network,Seed Funding,,N/A
957,10/3/2017,Lavelle Networks,Technology,SDN Solutions,Bangalore,Ideaspring Capital,Seed Funding,"6,00,000",N/A
958,10/3/2017,PropertyShare,Consumer Internet,Fractional Proerty Ownership & Rental platform,Bangalore,"Asuka, Pravega Ventures, BEENEXT",Seed Funding,,N/A
959,3/14/2017,MyDermacy,Consumer Internet,Online Dermatology consultation platform,New Delhi,Cyber Carrier,Private Equity Funding,,N/A
960,3/15/2017,LatestOne,eCommerce,Tech Accessories e-tailer,Hyderabad,"Florintree, Mathew Cyriac, Chidambaram Palaniappan, Bharat Sheth",Private Equity Funding,"33,50,000",N/A
961,3/15/2017,Frapperz,Consumer Internet,On-demand home services provider,Kolkata,Undisclosed Investor,Seed Funding,"1,00,000",N/A
962,3/16/2017,mPaani,Consumer Internet,Loyalty rewards app,Mumbai,"IDG Ventures, Blume Ventures, Saha Fund,",Private Equity Funding,"13,50,000",N/A
963,3/16/2017,ShilpMIS,Technology,Virtual Reality platform,Surat,"Puneet Gupta, Nimitt Desai & Others",Seed Funding,,N/A
964,3/16/2017,POPxo,Consumer Internet,Digital Media publication for women,New Delhi,"GREE Ventures, Kalaari Capital and IDG Ventures India, Summit Media, Atul Goel, and Gurpreet Singh",Private Equity Funding,"31,00,000",N/A
965,3/16/2017,Fitso,Consumer Internet,Fitness Mobile App,Gurgaon,"Sujeet Kumar, Bhupender Singh, Yashish Dhaiya",Seed Funding,"2,00,000",N/A
966,3/17/2017,FarMart,Technology,Farming rental equipment provider,Gurgaon,Indian Angel Network,Seed Funding,,N/A
967,3/21/2017,Flipkart,eCommerce,ECommerce Marketplace,Bangalore,"Microsoft, eBay, Tencent Holdings",Private Equity Funding,"1,40,00,00,000",N/A
968,3/21/2017,Airpay,Technology,Online payment Gateway,Mumbai,"Kalaari Capital, Rakesh and Rajesh Jhunjhunwala",Private Equity Funding,"36,70,000",N/A
969,3/21/2017,MyGlamm,Consumer Internet,On-Demand Beauty Services,Mumbai,L\\xe2\\x80\\x99Occitane,Private Equity Funding,"53,00,000",N/A
970,3/22/2017,The Mons Co.,eCommerce,Pregnancy & Baby Care etailer,New Delhi,"Shripad Nadkarni, Nandu Nandkishore",Seed Funding,,N/A
971,3/22/2017,Haqdarshak,Consumer Internet,Tech-Enabled Social Enterprise,Bangalore,"Ravi Saxena, Sandeep Raju,",Seed Funding,"1,91,000",N/A
972,3/23/2017,Ixigo,Consumer Internet,Online Travel Search Engine,Gurgaon,"Sequoia Capital, Kinzon Capital",Private Equity Funding,"1,50,00,000",N/A
973,3/23/2017,Markets and Markets,Technology,Marketing Research Company,Pune,"FTV Capital, Zodius Capital",Private Equity Funding,"5,60,00,000",N/A
974,3/24/2017,Bizom,Technology,supply chain automation platform,Bangalore,Ojas Ventures,Seed Funding,"3,82,000",N/A
975,3/24/2017,BabyonBoard,Consumer Internet,Parenting Mobile App,Bangalore,"Mahavir Sharma, Vishal Jain, Rohit Sethi, Gaurav Luniya",Seed Funding,,N/A
976,3/24/2017,Delhivery,Technology,Tech enabled Fulfilment & Logistics Solutions,New Delhi,"Carlyle Group, Tiger Global",Private Equity Funding,"10,00,00,000",N/A
977,3/27/2017,Sport Flashes,Consumer Internet,Sports Based Online Media portal,New Delhi,"Vikas Bajaj, Amit Kharbanda,",Seed Funding,,N/A
978,3/28/2017,Fynd,ECommerce,Online fashion marketplace,Mumbai,Venture Catalysts,Private Equity Funding,"5,00,000",N/A
979,3/28/2017,Wigzo,Technology,Enterprise Automation suite,New Delhi,3one4 capital,Private Equity Funding,,N/A
980,3/28/2017,DoneThing,Consumer Internet,On-demand Personal Assistant service,Gurgaon,Brand Capital,Private Equity Funding,"3,00,000",N/A
981,3/29/2017,Zapyle,ECommerce,Luxury Fashion Marketplace,Bangalore,Undisclosed Investors,Seed Funding,,N/A
982,3/29/2017,Ithaka,Consumer Internet,Vacation Trip Planning platform,Mumbai,"Ankit Gupta, Puneet Motihar",Seed Funding,"3,25,000",N/A
983,3/29/2017,perpule,eCommerce,Self-Checkout ECommerce App,Bangalore,KStart Capital,Seed Funding,"6,50,000",N/A
984,3/29/2017,Byju\\xe2\\x80\\x99s,Consumer Internet,Online Education Platform,Bangalore,Verlinvest,Private Equity Funding,,N/A
985,3/29/2017,Licious,ECommerce,Online Meat Ordering platform,Bangalore,"Mayfield India, 3one4 Capital, Sistema Asia Fund, Neoplux Technology Fund",Private Equity Funding,"1,00,00,000",N/A
986,3/29/2017,Medinfi,Consumer Internet,Doctor & Hospital search Platform,Bangalore,"Vinod Martin, Hemant Kaul, Prof. Ram Kumar Kakani & Others",Seed Funding,"$50,000.00",N/A
987,3/30/2017,Indus OS,Technology,Mobile OS creator,Mumbai,"JSW Ventures, VenturEast",Private Equity Funding,,N/A
988,3/30/2017,Emflux Motors,Technology,Electric Motorcycle manufacturer,Bangalore,"Meher Roy, Nikhil Arora, Meet Kanodia, Krit Sankalp, Nitish Singh, Risabh Gupta",Seed Funding,,N/A
989,3/30/2017,Klinic App,Consumer Internet,Pathology & Diagnostic Tests Portal,Gurgaon,Om Chaudhry,Seed Funding,,N/A
990,3/31/2017,Jhakaas,Consumer Internet,Offline Business Aggregator App,Mumbai,"Malini Patel, Stelcore Management Services, Anjani Prasad",Seed Funding,"1,55,000",N/A
991,3/31/2017,Oriano Solar,Technology,Turnkey Solar Solutions,Mumbai,Samridhi Fund,Private Equity Funding,"30,00,000",N/A
992,3/31/2017,BigBasket,ECommerce,Online Grocer,Bangalore,Trifecta Capital,Private Equity Funding,"70,00,000",N/A
993,3/31/2017,Rooter,Consumer Internet,Sports engagement platform,New Delhi,Intex Technologies,Private Equity Funding,,N/A
994,3/31/2017,FalconBrick,Technology,Real-Estate Workflow mobile app,Bangalore,"Satveer Thakral, LetsVenture, Mumbai Angels",Seed Funding,,N/A
995,3/31/2017,Icertis,Technology,ERP solutions provider,Pune,"B Capital Group, Ignition Partners, Greycroft, e.ventures, Eight Roads Ventures",Private Equity Funding,"2,50,00,000",N/A
996,2/2/2017,Clodura,Technology,Intelligent Sales Assistant,Pune,Undisclosed Investors,Seed Funding,,N/A
997,3/2/2017,Stockroom.io,Consumer Internet,Curated Platform for Developers,Hyderabad,"Satya D Sinha, Gyanendra Singh",Seed Funding,,N/A
998,6/2/2017,Capital Float,Consumer Internet,Online lending platform,Bangalore,IFMR Capital Finance,Private Equity Funding,"25,00,000",N/A
999,6/2/2017,iManageMyHotel,Technology,Hotel Management Solution,Kolkata,Jaarvis Accelerator,Seed Funding,,N/A
1000,7/2/2017,Inner Hour,Consumer Internet,Online Counselling Platform,Mumbai,"Batlivala & Karani Securities, Venture Works",Seed Funding,"4,50,000",N/A
1001,7/2/2017,Travel Triangle,Consumer Internet,Online travel agent marketplace,Noida,"RB Investments, SAIF Partners, Bessemer Venture Partners",Private Equity Funding,"1,00,00,000",N/A
1002,8/2/2017,Wandertrails,Consumer Internet,"Online Travel, Adventure & Activities Portal",Bangalore,Earlsfield Capital,Seed Funding,"10,00,000",N/A
1003,8/2/2017,Zenatix,Technology,IoT Based Energy Monitoring & Control,Gurgaon,"pi Ventures, Blume Ventures",Private Equity Funding,"12,00,000",N/A
1004,8/2/2017,Cartrade,Consumer Internet,Automobile Classifieds Portal,Mumbai,Temasek Holdings,Private Equity Funding,"5,50,00,000",N/A
1005,8/2/2017,MindYourFleet,Technology,Car Rental Software Solutions,Noida,"Japan Vyas, Tarun Adlakha",Seed Funding,,N/A
1006,8/2/2017,Edurev,Consumer Internet,Online Education Portal,Gurgaon,Facebook FB Start programme,Seed Funding,"$40,000.00",N/A
1007,9/2/2017,Voonik,ECommerce,Women Apparel & Lifestyle etailer,Bangalore,"RB Investments, Sequoia Capital",Private Equity Funding,"60,00,000",N/A
1008,9/2/2017,1Crowd,Finance,Startup Crowd-funding platform,Mumbai,Ganesh Natarajan,Seed Funding,,N/A
1009,9/2/2017,Wooplr,ECommerce,Women Fashion Portal,Bangalore,"Sistema Asia Fund, Amereus Group, Helion Ventures",Private Equity Funding,"80,00,000",N/A
1010,10/2/2017,48East,ECommerce,Online Food Delivery Platform,Bangalore,Al Dhaheri family,Private Equity Funding,"5,00,000",N/A
1011,10/2/2017,Redesyn,Consumer Internet,Tech Enabler for Artists,Mumbai,ThinQbate,Seed Funding,,N/A
1012,2/13/2017,Sigtuple,Technology,Medical Automation platform,Bangalore,"Accel Partners, IDG Ventures, Endiya Partners, pi Ventures, VH Capital, Axilor Partners",Private Equity Funding,"58,00,000",N/A
1013,2/13/2017,Flutura,Technology,Decision Sciences Analytics Solutions,Bangalore,"Vertex Ventures, Lumis Partners",Private Equity Funding,"75,00,000",N/A
1014,2/13/2017,Wassup,Consumer Internet,On Demand Laundry & Dry Cleaning Services,Chennai,Anil Jain & other HNIs,Private Equity Funding,"32,00,000",N/A
1015,2/13/2017,Better Mortgage,Consumer Internet,Mortgage Offering Platform,Gurgaon,"Kleiner Perkins, Goldman Sachs, Pine Brook",Private Equity Funding,"1,50,00,000",N/A
1016,2/13/2017,Nurturey,Consumer Internet,Parenting Mobile App,New Delhi,Mohit Joshi & Others,Seed Funding,"3,30,000",N/A
1017,2/13/2017,Fyle,Technology,Expense Management Solution,Bangalore,Pravega Ventures,Seed Funding,"4,00,000",N/A
1018,2/14/2017,GoBumpr,Consumer Internet,Online Bike & Car Services provider,Chennai,"Mahalingam K, Girish Mathrubootham",Seed Funding,"3,00,000",N/A
1019,2/14/2017,CCAvenue,Consumer Internet,Online Payment Gateway,Mumbai,Infibeam,Private Equity Funding,"2,24,00,000",N/A
1020,2/14/2017,Connaizen,Technology,Data Analytics platform,New Delhi,Vikram Sud,Seed Funding,,N/A
1021,2/15/2017,Innov8,Consumer Internet,Co-Working Space Platform,New Delhi,"Vijay Shekhar Sharma, Rajan Anandan, Kunal Shah, Girish Mathrubootham, Punit Soni, Anand Chandrasekaran, Sunil Kalra, Utsav Somani, Vishal Gondal, Vikram Limaye",Seed Funding,,N/A
1022,2/15/2017,ZestMoney,Consumer Internet,Online Consumer Lending platform,Bangalore,"PayU, Ribbit Capital, Omidyar Network",Private Equity Funding,"65,00,000",N/A
1023,2/15/2017,AirZaar,Technology,Drone operations management platform,Missourie,Quake Capital,Seed Funding,"3,50,000",N/A
1024,2/16/2017,Truebil,Consumer Internet,Online Marketplace for Used Cars,Mumbai,Shunwei Capital,Private Equity Funding,"30,00,000",N/A
1025,2/16/2017,YourStory,Consumer Internet,Online Media,Bangalore,"Kalaari Capital Partners, Qualcomm, 3ONE4 Capital Advisors, UC-RNT",Private Equity Funding,"30,00,000",N/A
1026,2/17/2017,Imaginate,Technology,AR & VR platform,Hyderabad,SRI Capital,Seed Funding,"5,00,000",N/A
1027,2/17/2017,The Ken,Consumer Internet,Online Media Platform,Bangalore,"Aprameya Radhakrishna, Deepak Natraj, Girish Mathrubootham, Mahesh Murthy, Pallav Nadhani, Pavan Ongole, Sandeep Mathur, Vijay Shekhar Sharma & Others",Seed Funding,"4,00,000",N/A
1028,2/17/2017,Urban Ladder,ECommerce,Online Furniture Store,Bangalore,"Kalaari Capital, SAIF Partners, Steadview Capital, Sequoia Capital",Private Equity Funding,"1,52,00,000",N/A
1029,2/17/2017,Aisle,Consumer Internet,Online match-making app,Bangalore,"Konglo Ventures, White Unicorn Ventures, LetsVenture",Seed Funding,,N/A
1030,2/17/2017,TownScript,Consumer Internet,DIY event registration and ticketing portal,Pune,BookMyShow,Private Equity Funding,,N/A
1031,2/17/2017,Leopetra,eCommerce,Solution provider for pet needs,Mumbai,Facebook FBStart,Seed Funding,"$40,000.00",N/A
1032,2/18/2017,Blood n Care,Consumer Internet,First Aid care app,Gurgaon,Facebook FBStart,Seed Funding,"$40,000.00",N/A
1033,2/20/2017,Flipkart,eCommerce,Online Marketplace,Bangalore,"Bennett, Coleman and Co. Ltd (BCCL)",Private Equity Funding,"3,87,00,000",N/A
1034,2/21/2017,True Balance,Consumer Internet,Mobile balance Checking App,Gurgaon,"Softbank Ventures Korea, IMM Investment",Private Equity Funding,"1,50,00,000",N/A
1035,2/22/2017,Vebbler,Consumer Internet,Photo Sharing for Groups,Bangalore,Facebook FBStart,Seed Funding,"$40,000.00",N/A
1036,2/23/2017,Get My Parking,Consumer Internet,Smart Parking Platform,New Delhi,"Indian Angel Network (IAN), BEENEXT, The Chennai Angels, Sunil Munjal",Private Equity Funding,"11,00,000",N/A
1037,2/23/2017,Lets Reap,Consumer Internet,B2B Mobile App for Pharmacies,Mumbai,"Kunal Shah, Sandeep Tandon, Nitin Saluja, Gagan Goyal",Seed Funding,,N/A
1038,2/24/2017,Oglas,Consumer Internet,Mobile Advertising App,Noida,"Pankaj Rungta, Yogesh Agarwal",Seed Funding,,N/A
1039,2/27/2017,Staydobe,Consumer Internet,Co-Living Spaces Aggregator,Bangalore,Ishan Manaktala,Seed Funding,,N/A
1040,2/27/2017,Biryani By Kilo,Consumer Internet,Online Food Ordering & Delivery Portal,Gurgaon,"Chandigarh Angels, Ashish Gupta, Rohit, Ashish Chand, Sunil Singh & Others",Seed Funding,"3,75,000",N/A
1041,2/27/2017,Johari Shop,ECommerce,Online Jewellery etailer,Bangalore,Undisclosed Investors,Seed Funding,"$94,000.00",N/A
1042,2/28/2017,NeoStencil,Consumer Internet,Live Online Coaching Classes,New Delhi,"Brand Capital, Paragon Trust",Private Equity Funding,"10,00,000",N/A
1043,2/28/2017,Blackbuck,Logistics,Online freight aggregator,Bangalore,"Sands Capital, IFC, Accel Partners, Flipkart, Sanjiv Rangrass",Private Equity Funding,"7,00,00,000",N/A
1044,2/1/2017,TaxSutra,Consumer Internet,Online Tax Filing platform,Pune,"TV Mohandas Pai, V Balakrishnan, PV Srinivasan",Seed Funding,"3,66,000",N/A
1045,3/1/2017,TempoGo,Technology,IoT & SAAS Solutions for Transportation Industry,Panaji,K2 Capital,Seed Funding,"8,25,000",N/A
1046,3/1/2017,GoFynd,ecommerce,Fashion ecommerce portal,Mumbai,"Anand Chandrasekaran, Rajiv Mehta, Ramakant Sharma",Seed Funding,,N/A
1047,3/1/2017,Vow Car Clinic,Consumer Internet,Online/App Based Car cleaning service provider,Gurgaon,Vishal Malik,Seed Funding,,N/A
1048,4/1/2017,LearnTron,Technology,Blended Learning Delivery App for Schools & Corporates,Chennai,Kae Capital,Seed Funding,,N/A
1049,5/1/2017,MobiDent,Consumer Internet,Dentist Appointments booking platform,Bangalore,DanGold Investment Corp,Private Equity Funding,,N/A
1050,5/1/2017,Yostra,Technology,Healthcare Technology Solutions,Bangalore,"Marico Innovation Foundation (MIF), Villgro",Private Equity Funding,,N/A
1051,6/1/2017,Leap India,Logistics,Supply Chain Solutions Provider,Mumbai,"India Nivesh Growth Fund, Sixth Sense, TCI Ventures",Private Equity Funding,"1,30,00,000",N/A
1052,7/1/2017,FreeCharge,Consumer Internet,Mobile Wallet,Mumbai,Jasper Infotech Pvt Ltd,Private Equity Funding,"5,70,00,000",N/A
1053,9/1/2017,TicketNew,Consumer Internet,Movie Ticket Booking platform,Chennai,Alibaba Pictures,Private Equity Funding,"3,50,00,000",N/A
1054,10/1/2017,Intelligence Node,Technology,SAAS Based Retail Analytics Solutions,Mumbai,BlackSoil Capital Pvt Ltd,Private Equity Funding,"8,00,000",N/A
1055,10/1/2017,Securens,Technology,e-surveillance services provider,Mumbai,"Mayfield India, Trifecta Capital",Private Equity Funding,"50,00,000",N/A
1056,10/1/2017,Loan Frame,Consumer Internet,Small Business Loans Marketplace platform,Gurgaon,"Vedanta Capital, William Campbell, Toos N Daruvala",Private Equity Funding,"22,50,000",N/A
1057,10/1/2017,DriveSkool,Consumer Internet,online marketplace for driving schools,Bangalore,Aavya Ventures,Seed Funding,,N/A
1058,10/1/2017,Medinfi,Consumer Internet,Doctor & Clinic Discovery portal,Bangalore,"Vinod Martin, Evan Lim, Kanchan Ghoshal, Ram Kumar Kakani",Seed Funding,"1,00,000",N/A
1059,10/1/2017,LensKart,eCommerce,Online eyewear retailer,Bangalore,Ronnie Screwvala,Private Equity Funding,"35,00,000",N/A
1060,11/1/2017,InstaOffice,Consumer Internet,CoWorking Spaces booking platform,Gurgaon,"Zishaan Hayath, Karan Chellani, Mohit Satyan",Seed Funding,,N/A
1061,12/1/2017,Hansel.io,Consumer Internet,Real-time Mobile App Management Platform,Bangalore,"IDG Ventures, Endiya Partners",Private Equity Funding,"13,50,000",N/A
1062,12/1/2017,Square Yards,Consumer Internet,Property Search Aggregator platform,Gurgaon,"Lohia Group, Andre Hoffman",Private Equity Funding,"1,00,00,000",N/A
1063,1/13/2017,Roambee,Technology,IoT smart Logistics and Asset Management Company,Mumbai,Deutsche Telekom Strategic Investments & Others,Private Equity Funding,"41,00,000",N/A
1064,1/13/2017,PaisaWapas,Consumer Internet,Cashback & Coupons platform,Bangalore,Vividhity Ventures,Seed Funding,,N/A
1065,1/13/2017,iService,Consumer Internet,Gadgets Repair & Service Booking platform,Bangalore,"Blume Ventures, Girish Mathrubootham, Aprameya Radhakrishna",Seed Funding,"4,40,000",N/A
1066,1/14/2017,Unacademy,Consumer Internet,Online learning platform,Bangalore,"Nexus Venture Partners, Blume Ventures",Private Equity Funding,"45,00,000",N/A
1067,1/14/2017,SecururAX,Technology,Cloud-based solutions provider,Bangalore,"Axilor Ventures, Parampara Early Stage Opportunities Fund & Others",Private Equity Funding,,N/A
1068,1/16/2017,Leadburg,Consumer Internet,Personality Development Mobile App,Bangalore,"Harsh V. Pant, Ratheesh Raveendran",Seed Funding,,N/A
1069,1/16/2017,ZoloStays,Consumer Internet,Branded PG Accomodation booking platform,Bangalore,"Nexus Venture Partners, Innoven Capital",Private Equity Funding,"50,00,000",N/A
1070,1/16/2017,Oi Media,Technology,SAAS Based Media Marketing platform,New Delhi,Quarizon,Seed Funding,,N/A
1071,1/16/2017,HipCouch,Consumer Internet,Custom & Modular Furniture platform,Mumbai,Undisclosed Investors,Seed Funding,"7,00,000",N/A
1072,1/17/2017,Curiositi,Consumer Internet,Online Learning Platform,Bangalore,"Menterra Social Impact Fund, Unitus Seed Fund",Private Equity Funding,"8,00,000",N/A
1073,1/17/2017,TinyStep,Consumer Internet,Parenting Info & Social Network,Bangalore,Flipkart,Private Equity Funding,"20,00,000",N/A
1074,1/17/2017,Practo,Consumer Internet,Online Healthcare platform,Bangalore,"Tencent, ru-Net, RSI Fund, Thrive Capital",Private Equity Funding,"5,50,00,000",N/A
1075,1/17/2017,Ketchupp,Consumer Internet,Food Discovery Platform,New Delhi,India Quotient and others,Seed Funding,"4,41,000",N/A
1076,1/17/2017,Hoopy,Consumer Internet,Online Car Service Platform,Gwalior,undisclosed investors,Seed Funding,"5,00,000",N/A
1077,1/17/2017,Ezytruk,Consumer Internet,Logistics and truck aggregator platform,Bangalore,"Ajith Nair, Anish K",Seed Funding,"1,47,000",N/A
1078,1/18/2017,Kratikal,Technology,Cyber Security Solution provider,New Delhi,"Amajit Gupta, Praveen Dubey, J.P. Bhatt",Seed Funding,,N/A
1079,1/18/2017,Direct Create,eCommerce,B2B Marketplace for Handicrafts,Gurgaon,Rajasthan Venture Capital Fund,Seed Funding,,N/A
1080,1/18/2017,Vahdam Teas,eCommerce,Online Tea etailer,New Delhi,"Mumbai Angels Network, Fireside Ventures, Singapore Angel Network",Seed Funding,"6,50,000",N/A
1081,1/18/2017,Qwikspec,Technology,Cloud-based construction,Bangalore,Undisclosed Investors,Seed Funding,"3,00,000",N/A
1082,1/19/2017,PParke,Consumer Internet,Parking Solutions mobile app,Bangalore,SB Ventures,Seed Funding,,N/A
1083,1/19/2017,Weddingz.in,Consumer Internet,Online Marketplace for Wedding Venues and vendors,Mumbai,Singularity Ventures,Private Equity Funding,"10,00,000",N/A
1084,1/19/2017,Native Special,eCommerce,Indian Sweets & Snacks etailer,Karur,"Indian Angel Network, Native Angels Network",Seed Funding,,N/A
1085,1/19/2017,Fitnapp,Consumer Internet,Fitness Mobile App,Noida,SD Group,Private Equity Funding,,N/A
1086,1/20/2017,Ethosh,Technology,Visual and Interactive communications Solutions,Pune,Deepak Nathani,Seed Funding,,N/A
1087,1/20/2017,Wydr,eCommerce,B2B Wholesale Marketplace in India,Gurgaon,"Bessemer Venture Partners, Stellaris Venture Partners, Jungle Venture Partners, Axis Capital",Private Equity Funding,,N/A
1088,1/20/2017,Tyre Express,Technology,IoT platform for Tyre Performance management & tracking,Mumbai,IvyCamp Ventures,Seed Funding,,N/A
1089,1/20/2017,Connaizen,Technology,Data Analytics platform,New Delhi,Umang Moondra,Seed Funding,,N/A
1090,1/22/2017,MessaGif,Consumer Internet,social messaging platform,New Delhi,Undisclosed investor,Seed Funding,"$50,000.00",N/A
1091,1/23/2017,SmartHi,Technology,Audit automation Solutions,Pune,Singapore based investor,Seed Funding,,N/A
1092,1/23/2017,CRON Systems,Technology,Border Intrusion Alert Solutions,New Delhi,YourNest Fund II,Seed Funding,,N/A
1093,1/23/2017,CueMath,Technology,Maths Learning program,New Delhi,"CapitalG, Sequoia India",Private Equity Funding,"1,50,00,000",N/A
1094,1/23/2017,ChipperSage,Technology,Online learning platform,Bangalore,India Educational Investment Fund,Seed Funding,,N/A
1095,1/24/2017,SelectJobs,Consumer Internet,Online Job portal,Mumbai,India Educational Investment Fund,Seed Funding,,N/A
1096,1/24/2017,Khel Now,Consumer Internet,Mobile-based Social Platform for Sports,Bangalore,Indochine International,Private Equity Funding,"5,00,000",N/A
1097,1/24/2017,NowFloats,Consumer Internet,Platform to take businesses online,Hyderabad,"Iron Pillar and IIFL, Blume Ventures, Omidyar Network",Private Equity Funding,"1,00,00,000",N/A
1098,1/24/2017,Lets Transport,Consumer Internet,Online transport vehicle booking platform,Bangalore,"GMO Japan, Neelesh Bhatnagar",Private Equity Funding,"40,00,000",N/A
1099,1/24/2017,BetaOut,Technology,ECommerce Marketing Software,Noida,East Ventures & Others,Private Equity Funding,,N/A
1100,1/25/2017,Wishberry,Consumer Internet,Crowdfunding Platform,Mumbai,"Sharad Sharma, Rajan Anandan, Amit Ranjan, Alok Mittal & others",Seed Funding,,N/A
1101,1/25/2017,RML Agtech,Technology,Agri Decision Support Solution for farmers,Pune,IvyCap Ventures,Private Equity Funding,"40,00,000",N/A
1102,1/25/2017,LoyaltyPrime,Technology,Loyalty program management solutions,New Delhi,"Senovo, Unternehmertum Venture Capital, Alexander Bruehl",Private Equity Funding,,N/A
1103,1/25/2017,InstaSafe,Technology,Security-as-a-Service solution provider,Bangalore,ABM Knowledgeware,Private Equity Funding,"22,00,000",N/A
1104,1/25/2017,Infibeam,eCommerce,eCommerce Marketplace,Ahmedabad,"Bennett, Coleman and Company Ltd",Private Equity Funding,"88,00,000",N/A
1105,2/1/2017,99Games,Technology,Mobile Game Developer Studio,Udupi,Dream Incubator,Seed Funding,,N/A
1106,1/26/2017,AirMed Labs,Consumer Internet,Health Tests Booking platform & ePharmacy,Ahmedabad,Brand Capital,Private Equity Funding,"14,00,000",N/A
1107,1/26/2017,99PerHour,Consumer Internet,Hyper-local Handyman Service provider,Chennai,V Aanand R,Seed Funding,"3,00,000",N/A
1108,1/26/2017,Kochi Post,Consumer Internet,English Online News portal,Kochi,"Rajesh Yohannan, Puthen & Cole",Seed Funding,,N/A
1109,1/30/2017,Intuit Things,Technology,IoT solutions for home automation applications,Mumbai,Sanjay Mehta & Others ( The Ten Minute Million),Seed Funding,"1,06,000",N/A
1110,1/30/2017,Cloudrino,Technology,Cloud based Virtual Servers,New Delhi,The Ten Minute Million,Seed Funding,"$22,500.00",N/A
1111,1/30/2017,FabX,eCommerce,Used Furniture Marketplace,Mumbai,The Ten Minute Million,Seed Funding,"$68,000.00",N/A
1112,1/30/2017,Maptags,Consumer Internet,Smart Online address tags,Bangalore,The Ten Minute Million,Seed Funding,"$18,000.00",N/A
1113,1/30/2017,YOLO Health,Consumer Internet,Online Healthcare platform,Mumbai,Chandigarh Angels Network (CAN),Seed Funding,,N/A
1114,1/31/2017,Heads Up For Tails,eCommerce,Online Pet Products Store,New Delhi,Undisclosed Investors,Private Equity Funding,"20,00,000",N/A
1115,1/31/2017,Register My Marriage,Consumer Internet,Online Marriage Registration services,New Delhi,Mumbai Angels,Seed Funding,,N/A
1116,1/12/2016,SidQam,Technology,Healthcare Software System,Noida,"SQue Capital, Grace Capital Ventures, Soham Vencaps",Private Equity Funding,"12,00,000",N/A
1117,1/12/2016,India Lends,Consumer Internet,Online Instant personal Loan provider,New Delhi,"DSG Consumer Partners, American Express Ventures, Cyber Carrier VC, AdvantEdge Partners",Private Equity Funding,"40,00,000",N/A
1118,1/12/2016,Slide App,Consumer Internet,Lock screen Rewards mobile app,New Delhi,Songhyun Investment,Private Equity Funding,"36,00,000",N/A
1119,2/12/2016,Badiyajobs,Consumer Internet,Entry-Level job Seekers platform,New Delhi,Undisclosed,Seed Funding,"1,00,000",N/A
1120,2/12/2016,Streo,Consumer Internet,Live Music Streaming App,Bangalore,"GEMs Advisory, Quarizon",Seed Funding,,N/A
1121,2/12/2016,TYGR,Technology,Transport and logistics mobile App,Mumbai,Franchise India,Private Equity Funding,"30,00,000",N/A
1122,5/12/2016,Mr Hot Foods,Consumer Internet,Online Food Ordering & Delivery Portal,Indore,IvyCamp Ventures,Seed Funding,,N/A
1123,5/12/2016,UrDoorStep,eCommerce,Online Grocery Store,Bangalore,Lakshmi Vilas Bank & undisclosed HNIs,Private Equity Funding,"14,00,000",N/A
1124,5/12/2016,ONN Bikes,eCommerce,"On-demand, self-drive bike rental platform",Mumbai,Grace Capital Ventures,Seed Funding,,N/A
1125,6/12/2016,Diro Labs,Consumer Internet,Mobile Contacts Management app,New Delhi,Info Edge (India),Seed Funding,"1,47,000",N/A
1126,6/12/2016,THB,Technology,Clinical research and data analytics,Gurgaon,"Ajith Sukumaran, Currae Healthtech Fund",Seed Funding,,N/A
1127,7/12/2016,LookAtMe,Consumer Internet,Mobile App based Fashion Network,Singapore,Eros Labs,Seed Funding,,N/A
1128,7/12/2016,Netree,eCommerce,Mobile-only Retailers Engagement Solution,New Delhi,"The Chennai Angels, LetsVenture",Seed Funding,,N/A
1129,7/12/2016,BookEventz,Consumer Internet,"Venue, Events Booking platform",Mumbai,Investors from Mumbai Angels & LetsVenture,Seed Funding,,N/A
1130,7/12/2016,Tailslife,Consumer Internet,Pet Parenting mobile app,Bangalore,"Mohan Kumar, V. Balakrishnan",Seed Funding,,N/A
1131,7/12/2016,Revv,Consumer Internet,Self-Driven Car Services booking portal,New Delhi,Edelweiss Private Equity,Private Equity Funding,"90,00,000",N/A
1132,7/12/2016,WealthApp,Consumer Internet,Online Investment Advisory platform,Bangalore,"Venk Krishnan, MJ Aravind, Vikram Kotak, Jayant Davar, Ramkumar Nishtal, Arjun Sharmaa",Seed Funding,"4,40,000",N/A
1133,7/12/2016,Vehico,Technology,Connected Transportation solutions,Bangalore,"Calcutta Angel Network, Appliyifi",Seed Funding,,N/A
1134,8/12/2016,Zest Money,Consumer Internet,Online Consumer Lending platform,Mumbai,PayU,Private Equity Funding,"65,00,000",N/A
1135,8/12/2016,GoMechanic,Consumer Internet,Online Car servicing Booking platform,Gurgaon,Venture Catalysts,Seed Funding,"2,50,000",N/A
1136,9/12/2016,Stalk Buy Love,eCommerce,Fashion Apparel eTailer,New Delhi,Kalaari Capital,Private Equity Funding,"60,00,000",N/A
1137,9/12/2016,Nykaa,eCommerce,Beauty Products etailer,Mumbai,Max Ventures and Industries,Private Equity Funding,,N/A
1138,9/12/2016,Wittyparot,Technology,Content Management & Productivity platform,Bangalore,Mumbai Angels,Seed Funding,"4,50,000",N/A
1139,9/12/2016,NeuroEquilibrium,Technology,Health-Tech platform,Jaipur,Unicorn India Ventures,Seed Funding,"2,50,000",N/A
1140,12/12/2016,Xseed Education,Technology,Education & learning Tech platform,Bangalore,Verlinvest SA,Private Equity Funding,"1,00,00,000",N/A
1141,12/12/2016,Rupaiya Exchange,Consumer Internet,P2P Lending platform,New Delhi,Undisclosed Investors,Seed Funding,"2,00,000",N/A
1142,12/12/2016,Doctor Insta,Consumer Internet,Online Doctor Consulting platform,Gurgaon,RoundGlass Partners,Private Equity Funding,"20,00,000",N/A
1143,12/12/2016,UrbanPiper,Consumer Internet,Self-Branded Websites & Apps for Ecommerce,Bangalore,"Axilor, undisclosed investors",Seed Funding,,N/A
1144,12/12/2016,Fresh Food Concepts,Food & Beverage,Cold Press Juice manufacturer & seller,New Delhi,"Siddhartha Gupta, Ashvin Chadha",Seed Funding,"20,00,000",N/A
1145,12/13/2016,Indifi,Consumer Internet,Online lending platform,Gurgaon,Omidyar Network,Private Equity Funding,"1,00,00,000",N/A
1146,12/13/2016,GoComet,Logistics,Marketplace for International Freight,Mumbai,"India Quotient, Rajul Garg, Rajesh Yabaji, Chanakya Hridaya, Ramasubramaniam B, Vishwanathan, Nobel House, Sunstone Capital",Seed Funding,,N/A
1147,12/13/2016,OfBusiness,eCommerce,Online business-to-business (B2B) marketplace,Gurgaon,"Zodius Technology Opportunities Fund, Matrix Partners",Private Equity Funding,"1,11,00,000",N/A
1148,12/14/2016,Fitmein,Consumer Internet,Fitness Discovery & Booking platform,New Delhi,"FiNC, GHV",Seed Funding,,N/A
1149,12/14/2016,Qacco,Consumer Internet,Hotel Booking platform,Gurgaon,"Lead Angels Network, Anbu Pandian, Prabhakar MR & Others",Seed Funding,"1,50,000",N/A
1150,12/14/2016,Fitpass,Consumer Internet,Fitness center aggregator & Booking mobile app,New Delhi,Mumbai Angels,Seed Funding,"10,00,000",N/A
1151,12/14/2016,MoEngage,Technology,User analytics and engagement platform,Bangalore,Anand Chandrasekaran,Seed Funding,,N/A
1152,12/14/2016,Ten3t Health,Technology,medical grade wearable patch maker,Bangalore,"V. Krishna Prasad, Bhupen Shah & Others",Seed Funding,,N/A
1153,12/14/2016,Trading Bells,Consumer Internet,Online Share & Commodity Broking platform,Indore,Swastika Investmart Ltd,Seed Funding,"2,97,000",N/A
1154,12/15/2016,SERV\\xe2\\x80\\x99D,Consumer Internet,Financial Services For Unorganized Workforce,Pune,Digital Financial Service Lab,Seed Funding,"1,00,000",N/A
1155,12/15/2016,IdeaForge,Technology,Drone Manufacturing,Mumbai,"WRV Capital and IndusAge Partners, Infosys Innovation Fund",Private Equity Funding,"1,00,00,000",N/A
1156,12/15/2016,Amagi Media Labs,Technology,Media Technology Solutions,Mumbai,"Emerald Media, Premji Invest",Private Equity Funding,"3,50,00,000",N/A
1157,12/15/2016,Pocket Aces,Technology,Digital Entertainment Company,Mumbai,"Sequoia Capital India, North Base Media, Aarin Capital, 3one4 Capital, Axilor Ventures, Kunal Shah, Sandeep Tandon",Private Equity Funding,"30,00,000",N/A
1158,12/16/2016,Pi Data Centers,Technology,Cloud Data Center Solutions provider,Hyderabad,Epsilon Venture Partners,Private Equity Funding,"2,30,00,000",N/A
1159,12/16/2016,TripShelf,Consumer Internet,Holiday Packages provider,New Delhi,"GEMS Advisory, Quarizon",Seed Funding,"1,23,000",N/A
1160,12/19/2016,Events High,Consumer Internet,Events & Activities Marketplace,Bangalore,Axilor Ventures,Private Equity Funding,,N/A
1161,12/19/2016,NoBroker,Consumer Internet,Rental property search portal,Bangalore,"KTB Network, SAIF Partners, BEENEXT, Digital Garage",Private Equity Funding,"74,00,000",N/A
1162,12/20/2016,VivoCarat,eCommerce,Online jewellery marketplace,Mumbai,Undisclosed Investors,Seed Funding,"$50,000.00",N/A
1163,12/20/2016,Tiyo,Consumer Internet,Doctor Search Mobile App,Kolkata,Ajith Nair,Seed Funding,,N/A
1164,12/20/2016,Zoomcar,Consumer Internet,Self-Driven Cab booking platform,Bangalore,Cyber Carrier CL,Private Equity Funding,,N/A
1165,12/20/2016,BYJU\\xe2\\x80\\x99s,Consumer Internet,Online Learning platform,Bangalore,International Financial Corporation,Private Equity Funding,"1,50,00,000",N/A
1166,12/21/2016,Supr Daily,Consumer Internet,Daily Subscription based Delivery service,Mumbai,"Dr. Apoorv Ranjan Sharma, Anil Jain, Anuj Golecha, Krishna Jhunjhunwala, Anirudh Damani",Seed Funding,,N/A
1167,12/21/2016,The BlueBook,Consumer Internet,online to offline marketing platform,Bangalore,"Indian Angel Network, Let\\xe2\\x80\\x99s Venture",Seed Funding,"5,00,000",N/A
1168,12/21/2016,MamaEarth,eCommerce,Babycare Products seller,New Delhi,Fireside Ventures & Others,Seed Funding,,N/A
1169,12/21/2016,Vegetall,eCommerce,Online Vegetable eTailer,Chennai,The Chennai Angels,Seed Funding,"1,62,000",N/A
1170,12/22/2016,Innoplexus,Technology,Data as a Service Provider,Pune,HCS Venture capital fund,Private Equity Funding,,N/A
1171,12/22/2016,Mindler,Consumer Internet,Career Planning & Assessment platform,New Delhi,Taxmann,Seed Funding,"3,24,000",N/A
1172,12/22/2016,MCaffeine,eCommerce,Personal care product etailer,Bangalore,"Kaushal Agarwal, Harminder Sahani, KK Mehra, Pranay Jivrajka, Navjot Saini",Seed Funding,"3,00,000",N/A
1173,12/23/2016,enKast,Technology,Cloud based CRM for Agencies,Bangalore,Ivy League Alumni Angel Network,Private Equity Funding,"20,00,000",N/A
1174,12/23/2016,ShopKirana,eCommerce,B2B platform for Merchants & Retailers,Indore,"Incubate Fund, Lead Angels Group & Others",Private Equity Funding,,N/A
1175,12/23/2016,MyAdvo,Consumer Internet,Legal Advice Platform,New Delhi,"Pradyumna Dalmia, S. Somasegar & Others",Seed Funding,,N/A
1176,12/23/2016,Asocon,Technology,Process management startup,Noida,Quarizon,Seed Funding,,N/A
1177,12/23/2016,LexComply,Consumer Internet,Compliance Management Software,New Delhi,Ajay Relan,Seed Funding,,N/A
1178,12/26/2016,The Postbox,eCommerce,Art & Lifestyle ECommerce Store,Chennai,"The Chennai Angels, Ritesh Mehta, Aruna Ganesh Ram",Seed Funding,,N/A
1179,12/26/2016,Pandorum Technologies,Technology,3D printed experimental Human Liver tissue creator,Bangalore,"Sachin Bansal, Binny Bansal",Seed Funding,,N/A
1180,12/26/2016,Dekkho,Consumer Internet,Video Streaming platform,Mumbai,undisclosed investors,Seed Funding,"12,00,000",N/A
1181,12/26/2016,Shadowfox,Logistics,On-Demand Delivery Service,Gurgaon,Eight Roads Ventures,Private Equity Funding,"1,00,00,000",N/A
1182,12/27/2016,ShopX,eCommerce,SAAS ECommerce Retail app,Bangalore,Nandan Nilekani,Private Equity Funding,"50,00,000",N/A
1183,12/28/2016,BookEventz,Consumer Internet,Online event-booking platform,Mumbai,"Lead Angels, Mumbai Angels, LetsVenture, Girish Mathrubootham, Anbu Pandian",Seed Funding,,N/A
1184,12/29/2016,Healthifyme,Consumer Internet,Fitness Mobile App,Bangalore,NB Ventures,Private Equity Funding,"10,00,000",N/A
1185,12/29/2016,LetsMD,Consumer Internet,Healthcare plan comparison platform,New Delhi,"WaterBridge Ventures,",Seed Funding,,N/A
1186,12/29/2016,Justbooks,Consumer Internet,Library Chain Aggregator,Bangalore,CoCreate Ventures,Seed Funding,,N/A
1187,12/30/2016,InstantPay,Consumer Internet,Digital payments & recharge platform,New Delhi,"RB Investments, Kaleden Holdings",Private Equity Funding,,N/A
1188,1/11/2016,PickMyLaundry,Consumer Internet,On-Demand Washing & Dry Cleaning Services,New Delhi,"Kedar Lele, GHV Accelerator",Seed Funding,"2,00,000",N/A
1189,2/11/2016,FreshDesk,Consumer Internet,SAAS Based HelpDesk Services,Chennai,"Sequoia Capital India, Accel Partners",Private Equity Funding,"5,50,00,000",N/A
1190,2/11/2016,LaundryAnna,Consumer Internet,On-Demand Washing & Dry Cleaning Services,Bangalore,Undisclosed Investors,Seed Funding,"1,50,000",N/A
1191,2/11/2016,LetsMD,Consumer Internet,Healthcare Services Comparison Platform,New Delhi,"Calcutta Angels Network, LetsVenture, Anupam Mittal, Currae Healthtech Fund",Seed Funding,,N/A
1192,2/11/2016,Sattviko,Food & Beverage,Health Food Restaurant Chain,New Delhi,"Raman Roy, Ashish Gupta, Yogesh Andlay, Vaibhav Jain",Seed Funding,,N/A
1193,3/11/2016,Zarget,Technology,SaaS-based web optimisation and marketing platform,Chennai,Sequoia India,Private Equity Funding,"60,00,000",N/A
1194,3/11/2016,DoSelect,Consumer Internet,Skill Showcasing platform,Bangalore,"3one4 Capital, Mumbai Angels, Aarin Capital",Seed Funding,,N/A
1195,3/11/2016,EasyPolicy,Consumer Internet,Online insurance Portal,Noida,"Unilazer Ventures,",Private Equity Funding,"1,00,00,000",N/A
1196,4/11/2016,Browntape,Technology,cloud-based software solutions company,Goa,Gati Ltd,Private Equity Funding,,N/A
1197,4/11/2016,Connect India,Logistics,Last mile Delivery Network,Bangalore,Aavishkaar Venture Management,Private Equity Funding,"10,00,000",N/A
1198,4/11/2016,Corseco,Technology,AI-based Software as a Service Solution provider,New Delhi,"Ameera Shah, Vivek Bhargava",Seed Funding,"1,50,000",N/A
1199,4/11/2016,vImmune,Consumer Internet,Immunisation Management Platform,Bangalore,Undisclosed investor,Seed Funding,,N/A
1200,4/11/2016,The Gourmet Jar,eCommerce,Gourmet Food etailer,Noida,Chandigarh Angels Network,Seed Funding,,N/A
1201,5/11/2016,Medzin,eCommerce,Online ordering & Delivery of medicines,New Delhi,A M Sikander,Seed Funding,"$45,000.00",N/A
1202,5/11/2016,Bizongo,eCommerce,Packaging Material Marketplace,Mumbai,"IDG Ventures, Accel Partners",Private Equity Funding,"30,00,000",N/A
1203,7/11/2016,Rivigo,Technology,Technology based Logistics platform,Gurgaon,Warburg Pincus,Private Equity Funding,"7,50,00,000",N/A
1204,7/11/2016,JustRide,Consumer Internet,Online Car Sharing platform,Mumbai,"Justin Kan, Qasar Younis, Paul Bucche, Susa Ventures, Kima Ventures, Axan Venture, SCM Holdings",Private Equity Funding,"30,00,000",N/A
1205,9/11/2016,IIM Jobs,Consumer Internet,Online Job Portal,New Delhi,India Quotient,Private Equity Funding,"20,00,000",N/A
1206,9/11/2016,Square Yards,Consumer Internet,Online Property Search Portal,Gurgaon,ADAG Reliance Private Equity,Private Equity Funding,"1,20,00,000",N/A
1207,10/11/2016,GolfLAN,Consumer Internet,Golf Session Online Bookings platform,New Delhi,"YourNest Angel Fund, iSON",Private Equity Funding,"10,00,000",N/A
1208,10/11/2016,Yottaasys,Technology,Data Sciences platform,Bangalore,Gleevoaz Ventures,Private Equity Funding,,N/A
1209,10/11/2016,Tone Tag,Technology,Contactless Payment Solution,Bangalore,"Arun Seth, T.V. Mohandas Pai, Anand Chandrasekaran, Deepak Ghaisas",Private Equity Funding,,N/A
1210,11/11/2016,Life in Control,Consumer Internet,Online Diabetes Management platform,Gurgaon,RoundGlass Partners,Private Equity Funding,,N/A
1211,11/14/2016,Active.ai,Technology,Banking & Fintech Platform,Singapore,"Kalaari Capital, IDG Ventures India",Private Equity Funding,"30,00,000",N/A
1212,11/14/2016,ElasticRun,Technology,Tech driven Logistic & distribution platform,Pune,"Kalaari Capital, Norwest Venture Partners",Private Equity Funding,"20,00,000",N/A
1213,11/15/2016,NoBroker,Consumer Internet,Online Rental discovery,Bangalore,Vijay Shekhar Sharma,Seed Funding,,N/A
1214,11/15/2016,Zefo,eCommerce,Used Furniture & Appliances Marketplace,Bangalore,"Sequoia India, BEENEXT, Helion Ventures",Private Equity Funding,"60,00,000",N/A
1215,11/15/2016,PlaySimple,Technology,Mobile Gaming portal,Bangalore,"SAIF Partners, IDG Ventures India",Private Equity Funding,"40,00,000",N/A
1216,11/16/2016,Stasis Labs,Technology,Cloud based health monitoring platform,Bangalore,"RTP-HC, Wonder Ventures, Techstars Ventures & Others",Private Equity Funding,"50,00,000",N/A
1217,11/17/2016,Scienaptic,Technology,Data Analytics platform,Bangalore,Pramod Bhasin,Seed Funding,,N/A
1218,11/17/2016,Koovs,eCommerce,Fashion eTailer,New Delhi,Times of India Group & Existing investors,Private Equity Funding,"1,35,00,000",N/A
1219,11/17/2016,Lawrato,Consumer Internet,Free Legal Advice,New Delhi,Indian Angel Network,Seed Funding,,N/A
1220,11/17/2016,Trip Tap Toe,Consumer Internet,Online Travel Portal,Gurgaon,R.S Sharma,Seed Funding,,N/A
1221,11/17/2016,Pictor Imaging,Consumer Internet,Product Photography Mobile App,Mumbai,Quarizon,Seed Funding,"1,47,000",N/A
1222,11/18/2016,GramCover,Finance,Insurance Marketplace for the Rural Sector,New Delhi,Omnivore Capital,Seed Funding,"10,00,000",N/A
1223,11/18/2016,AerMed,eCommerce,Online Pharmacy,Mumbai,Hitesh Windlass,Seed Funding,,N/A
1224,11/18/2016,WorkIndia,Consumer Internet,Job Board for Clue Collar Jobs,Mumbai,Asuka Holdings,Seed Funding,,N/A
1225,11/21/2016,Bats on delivery,Consumer Internet,"Online food, Grocery ordering & Delivery",Gurgaon,Devdeep Singh,Seed Funding,"$90,000.00",N/A
1226,11/21/2016,numberz.in,Technology,Cash Flow Management Solution for Businesses,Gurgaon,"Kae Capital, Khosla Impact",Seed Funding,"6,50,000",N/A
1227,11/22/2016,Housing.com,Consumer Internet,Real Estate Portal,Mumbai,Softbank Group,Private Equity Funding,"50,00,000",N/A
1228,11/22/2016,Awesummly,Consumer Internet,Short News Mobile App,Bangalore,"Vivek Bhargava, Ameera Shah",Seed Funding,"1,47,000",N/A
1229,11/22/2016,VoLT,Consumer Internet,Ed-Tech Platform,Mumbai,YMS Mobitech,Seed Funding,,N/A
1230,11/22/2016,Vymo,Technology,SaaS-based predictive analytics platform,Bangalore,Sequoia India,Private Equity Funding,"50,00,000",N/A
1231,11/22/2016,ShubhLoans,Technology,Consumer Finance & Credit Score platform,Bangalore,"Sanjai Vohra, V. Bunty Bohra",Seed Funding,,N/A
1232,11/22/2016,Noddapp,Consumer Internet,App based networking platform,Mumbai,Undisclosed multiple investors,Seed Funding,"1,47,000",N/A
1233,11/23/2016,Knowlarity,Consumer Internet,Cloud Telephony Platform,Bangalore,"Delta Partners, Sequoia India, Mayfield, Blacksoil, Trifecta Capital",Private Equity Funding,"2,00,00,000",N/A
1234,11/23/2016,Infisecure,Technology,Bot Protection Solutions,Mumbai,"IDG Ventures, Axilor Ventures",Seed Funding,"6,00,000",N/A
1235,11/23/2016,Udaan,eCommerce,B2B Marketplace,Bangalore,"Lightspeed Venture Partners India, Lightspeed US",Private Equity Funding,"1,00,00,000",N/A
1236,11/24/2016,FroyoFit,Consumer Internet,Fitness Discovery Platform,Indore,Dr. Pooja Gandhi,Seed Funding,,N/A
1237,11/24/2016,Betterplace,Consumer Internet,Background Verification Services,Bangalore,Venture Highway,Seed Funding,,N/A
1238,11/24/2016,ShareChat,Consumer Internet,Local Language Social Networking Platform,Mumbai,"Lightspeed India Partners, SAIF Partners, India Quotient, Venture Highway",Private Equity Funding,"40,00,000",N/A
1239,11/24/2016,UClean,Consumer Internet,Tech Enabled Laundry Service Provider,Gurgaon,Franchise India,Private Equity Funding,,N/A
1240,11/24/2016,Servify,Consumer Internet,Personal Device Assistant App,Mumbai,"Blume Ventures, BEENEXT, Barkawi Holdings GmbH, TM Service Technology Holdings Gmbh, Sreevathsa Prabhakar",Private Equity Funding,,N/A
1241,11/25/2016,Hubilo,Consumer Internet,End-to-end Event Organizers Solutions,Ahmedabad,"Girish Mathrubootham, VC Karthic, Miten Mehta, Umasankar Nistala, Rakesh Patel, Akash Bhavsar, Jeevanandhan Rajagopal, Vikas Chadha & Others",Seed Funding,,N/A
1242,11/25/2016,FunOnGo,Consumer Internet,Digital Media Content and Distribution platform,Mumbai,Reliance Entertainment,Private Equity Funding,,N/A
1243,11/25/2016,121Policy,Consumer Internet,Online Insurance Platform,Kolkata,Xelpmoc,Seed Funding,,N/A
1244,11/26/2016,TapChief,Consumer Internet,Professional Expert Advice Platform,Bangalore,"Paytm, Aprameya Radhakrishna, Subramanya Venkat, Venk Krishnan",Seed Funding,,N/A
1245,11/28/2016,Kloseby,Consumer Internet,proximity based Rewards platform,Bangalore,Undisclosed Investor,Seed Funding,"1,00,000",N/A
1246,11/28/2016,WholeSaleBox,eCommerce,B2B Wholesale Apparel Marketplace,Jaipur,"Manish Maheshwari, Contrarian Vriddhi Fund",Private Equity Funding,"20,00,000",N/A
1247,11/29/2016,Crossahead,Consumer Internet,Creative Artists Discovery & Booking platform,Noida,Mohit Sharma,Seed Funding,,N/A
1248,11/29/2016,Affordplan,Consumer Internet,Savings platform for Medical Expenses,New Delhi,"Prime Venture Partners, Kalaari Capital",Private Equity Funding,"30,00,000",N/A
1249,11/30/2016,HandyTrain,Consumer Internet,Mobile App for SAAS based Training,Goa,"Silver Range Investments, Lumina Datamatics, Shun Yoshida & Others",Private Equity Funding,"10,00,000",N/A
1250,11/30/2016,ShopsUp,eCommerce,Hyperlocal Shopping App,Bangalore,"Anand Sankeshwar, Yang Shu",Seed Funding,"9,63,000",N/A
1251,11/30/2016,Indofash,eCommerce,Ethnic Indian Fashion Marketplace,Bangalore,"Shekhar Sahu, Nitesh Pant",Seed Funding,"1,50,000",N/A
1252,11/30/2016,Entropika,Technology,"AI, Machine learning Solutions",Bangalore,"Dileep Bhatt, Milind Chaudhary",Seed Funding,"2,00,000",N/A
1253,11/30/2016,MarianaIQ,Technology,AI-driven B2B marketing platform,Bangalore,Exfinity Venture Partners,Private Equity Funding,"20,00,000",N/A
1254,11/30/2016,Chai Thela,Food & Beverage,Quick Service Restaurants,Noida,Quarizon,Seed Funding,"2,18,000",N/A
1255,11/30/2016,Interviewpad,Technology,Engineering Interview facilitation platform,Pune,Krishna Rokhale,Seed Funding,"1,00,000",N/A
1256,11/30/2016,Math Buddy,Consumer Internet,Online Math Learn,Vadodara,Menterra Social Impact Fund,Seed Funding,"4,40,000",N/A
1257,11/30/2016,Pulse,Consumer Internet,Campus Social Networking App,Bangalore,SAIF Partners,Private Equity Funding,"5,00,000",N/A
1258,11/30/2016,MonkeyBox,Consumer Internet,Healthy Food Delivery platform,Bangalore,Blume Ventures & Others,Seed Funding,,N/A
1259,11/30/2016,Carcrew.in,Consumer Internet,Online Car repair Marketplace,Mumbai,TVS Group,Seed Funding,"5,00,000",N/A
1260,3/10/2016,MeraKisan,eCommerce,Fruit & vegetable eTailer,Bangalore,Mahindra Univeg,Seed Funding,,N/A
1261,3/10/2016,Mystifly,Consumer Internet,Airline Ticket Aggregator,Bangalore,Recruit Holdings,Private Equity Funding,"50,00,000",N/A
1262,3/10/2016,HelpChat,Consumer Internet,AI Powered Content & Commerce platform,Bangalore,"American Express Ventures, Sequoia Capital",Private Equity Funding,,N/A
1263,3/10/2016,Uniphore,Technology,Speech Recognition Solutions,Chennai,"IDG Ventures, Indian Angel Network (IAN), YourNest Angel Fund",Private Equity Funding,"20,00,000",N/A
1264,3/10/2016,World Art Community,eCommerce,Art & Craft Marketplace,Gurgaon,Viraj Tyagi & Others,Seed Funding,"2,00,000",N/A
1265,4/10/2016,Giftxoxo,eCommerce,Online Gifting platform,Bangalore,Mahindra Holidays & Resorts India Ltd,Private Equity Funding,"4,50,000",N/A
1266,4/10/2016,Bharat Bazaar,eCommerce,Online B2B Marketplace,Mumbai,"BeeNext, TV Mohandas Pai, Kunal Shah, Sandeep Tandon",Seed Funding,,N/A
1267,4/10/2016,GOQii,Consumer Internet,Health & Fitness Wearable Device,Mumbai,Ratan Tata,Private Equity Funding,,N/A
1268,4/10/2016,India Gifts Portal,eCommerce,Online Gifting platform,Noida,"Naveen Arya, Tarun Joshi",Private Equity Funding,"20,00,000",N/A
1269,4/10/2016,Moglix,eCommerce,Industrial & Home products marketplace,Noida,"Accel Partners, Jungle Ventures, SeedPlus",Private Equity Funding,"42,00,000",N/A
1270,4/10/2016,NetLinx,Consumer Internet,Internet Service Provider,Hyderabad,"Xchange Investors NV, TransGlobal FZC",Private Equity Funding,"30,00,000",N/A
1271,4/10/2016,Scandid,Consumer Internet,Product Shopping Comparison App,Pune,3One4 Capital,Private Equity Funding,,N/A
1272,4/10/2016,Remitr,Consumer Internet,Foreign Currency Payments Platform,Mumbai,"Vijay Shekhar Sharma, Pravin Gandhi, Smart Start Fund; Kunal Shah, Sandeep Tandon, Vishal Gondal, & Others",Seed Funding,"10,00,000",N/A
1273,4/10/2016,InnerChef,Consumer Internet,Online food ordering platform,Gurgaon,"Mistletoe, M&S Partners",Private Equity Funding,"25,00,000",N/A
1274,4/10/2016,AppsDaily,Consumer Internet,"Mobile Phone Theft, Damage Protection platform",Mumbai,"Zodius Capital, Kalaari Capital, Qualcomm Ventures, Russian venture capital fund Ru-Net, Mumbai Angels",Private Equity Funding,"37,50,000",N/A
1275,5/10/2016,MuhurtMaza,Consumer Internet,Online Puja Booking Service,Pune,Undisclosed Investor,Seed Funding,,N/A
1276,5/10/2016,Azuro,Consumer Internet,Rental Property Finder platform,Mumbai,"White Unicorn Ventures, Kae Capital, Mumbai Angels",Private Equity Funding,,N/A
1277,5/10/2016,NeuroSynaptic,Technology,Remote Healthcare Delivery Solutions,Bangalore,"Indian Angel Network, Healthsquad, Axilor Ventures",Private Equity Funding,,N/A
1278,5/10/2016,UE LifeSciences,Technology,Mobile Health Technology Solutions,Mumbai,"Kiran Mazumdar-Shaw, Unitus Seed Fund",Private Equity Funding,"12,00,000",N/A
1279,6/10/2016,FindmeaShoe,Consumer Internet,Footwear Recommendation App,Bangalore,Ventureast Fund Advisors,Seed Funding,,N/A
1280,6/10/2016,RealBox,Technology,Data Sciences Platform,Noida,Hyderabad Angels,Seed Funding,"3,00,000",N/A
1281,6/10/2016,Sportido,Consumer Internet,Sports Discovery platform,Noida,Sumpoorna Group,Seed Funding,,N/A
1282,6/10/2016,GoZefo,eCommerce,Used Furniture & Appliances Marketplace,Bangalore,"Helion Venture Partners, BeeNext",Private Equity Funding,"10,50,000",N/A
1283,7/10/2016,RayIOT,Technology,Baby Monitoring Devices manufacturer,Bangalore,HAX Accelerator,Seed Funding,"1,00,000",N/A
1284,7/10/2016,KOOH Sports,Technology,Sports Training & Technology,Mumbai,"HDFC, Faering Capital, Elevate Sports",Private Equity Funding,"22,00,000",N/A
1285,7/10/2016,Flexiloans,Consumer Internet,Online Funds Raising Platform,Mumbai,"Sanjay Nayar, Vikram Sud, Anil Jaggia, Narayan Seshadri",Private Equity Funding,"1,50,00,000",N/A
1286,7/10/2016,Sibia Analytics,Technology,Marketing & Customer Analytics Solutions,Kolkata,Radhakrishnan Natarajan & Others,Seed Funding,,N/A
1287,10/10/2016,Vithi.com,eCommerce,Online Hair Extension etailer,New Delhi,undisclosed investor,Seed Funding,"3,75,000",N/A
1288,11/10/2016,Yupp TV,Consumer Internet,Internet-based TV streaming service provider,Bangalore,Emerald Media,Private Equity Funding,"5,00,00,000",N/A
1289,11/10/2016,Deyor Camps,Consumer Internet,Branded Camping location Aggregator,Gurgaon,"Nitin Passi, Manickam Mahalingam, Udaan Angels, Rajesh Arora, Arkas Industries",Seed Funding,"5,00,000",N/A
1290,12/10/2016,ZipLoan,Consumer Internet,online lending platform,New Delhi,"GrowX Ventures, Sunil Kalra, Arun Venkatachalam, Badal Malick",Seed Funding,,N/A
1291,10/13/2016,FabAlley,ecommerce,online fashion brand store,Noida,"India Quotient, FAO Ventures, Indian Angel Network, Tushar Singh, Ranjan Sharma",Private Equity Funding,"20,00,000",N/A
1292,10/13/2016,Shoekonnect,eCommerce,B2B Marketplace for Shoes,Agra,Indian Angel Network,Seed Funding,,N/A
1293,10/13/2016,Maya,Consumer Internet,Womens Health Tracker App,Bangalore,Rajan Anandan,Seed Funding,,N/A
1294,10/13/2016,RoboVac,Technology,waterless car washing solution,Ahmedabad,Virendra Patel,Seed Funding,"4,50,000",N/A
1295,10/14/2016,Newspatrolling,Consumer Internet,Online News portal,New Delhi,Undisclosed,Seed Funding,"$25,000.00",N/A
1296,10/14/2016,Postman,Consumer Internet,API Platform,Bangalore,Nexus Venture Partners,Private Equity Funding,"70,00,000",N/A
1297,10/14/2016,ISFC,Finance,Education Sector Lending,Hyderabad,Gray Matters Capital,Private Equity Funding,"60,00,000",N/A
1298,10/14/2016,BeatRoute,Technology,SAAS based mobile application platform,Gurgaon,Quarizon Consultancy Services LLP,Seed Funding,,N/A
1299,10/14/2016,Kidsstoppress,Consumer Internet,Parenting and Baby care Platform,Mumbai,Karan Bhagat,Seed Funding,,N/A
1300,10/14/2016,Innov8,Consumer Internet,Co-Working Spaces aggregator,Bangalore,Punit Soni,Seed Funding,,N/A
1301,10/15/2016,DailyHunt,Consumer Internet,Vernacular content mobile app,Bangalore,"ByteDance, Arun Sarin, Matrix Partners, Sequoia Capital India, Omidyar Network, Falcon Edge",Private Equity Funding,"2,50,00,000",N/A
1302,10/15/2016,Tazzo Bikes,Consumer Internet,Motorbike rental platform,Hyderabad,DSG Consumer Partners,Seed Funding,"2,27,000",N/A
1303,10/15/2016,MyKindofJob,Consumer Internet,Internet & Fresher Job platform,Mumbai,"Mayank Shah, Shreyans Shah",Seed Funding,"10,00,000",N/A
1304,10/17/2016,Trilyo,Technology,B2B SAAS based product,Bangalore,"Vishnu Bhat, Rajiv Lunkad, Naresh Ravindranath",Seed Funding,,N/A
1305,10/17/2016,Rooter,Consumer Internet,Sports Social Network mobile app,New Delhi,"Boman Irani, Dhruv Chitgopekar, Prantik Dasgupta",Seed Funding,,N/A
1306,10/17/2016,Yumigo,Consumer Internet,App based Travel Discovery and Transactions platform,Gurgaon,Hemant Sahni,Seed Funding,"3,00,000",N/A
1307,10/17/2016,Rentalpha,Others,equipment rental and leasing company,Mumbai,Bravia Capital,Private Equity Funding,"1,60,00,000",N/A
1308,10/18/2016,3Dexter,Technology,3D Printing Solutions for Edu space,New Delhi,Newbie Promoters,Seed Funding,"1,50,000",N/A
1309,10/18/2016,BabyChakra,Consumer Internet,Parenting and Child Care portal,Mumbai,RoundGlass Partners,Private Equity Funding,,N/A
1310,10/18/2016,Coppre,eCommerce,Copper based items etailer,Pune,Ganesh Natarajan,Seed Funding,,N/A
1311,10/18/2016,MySUN,Technology,Solar Energy harnessing products marketplace,Noida,General Catalyst Partners,Private Equity Funding,"25,00,000",N/A
1312,10/18/2016,ePathsala,Technology,Cloud based ERP for Accreditation & ICT,Bangalore,"Hyderabad Angels, TLabs",Seed Funding,,N/A
1313,10/19/2016,Furlenco,Consumer Internet,Online Furniture Rental platform,Bangalore,"Lightbox Ventures, Axis Capital & Others",Private Equity Funding,"3,00,00,000",N/A
1314,10/19/2016,Fisdom,Consumer Internet,Personal Wealth Management Platform & App,Bangalore,"Saama Capital, Raghunandan G, Aprameya Radhakrishna",Private Equity Funding,"11,00,000",N/A
1315,10/19/2016,Actofit,Technology,Wearable Technology platform & devices,Mumbai,Next Orbit Ventures Fund,Private Equity Funding,"7,50,000",N/A
1316,10/20/2016,Stayology,Consumer Internet,Stay & Travel related services,Bangalore,Ranjan Pai,Seed Funding,,N/A
1317,10/20/2016,Hipcask,Consumer Internet,Alcoholic beverage discovery platform,Mumbai,Mobikon,Seed Funding,,N/A
1318,10/20/2016,RailYatri,Consumer Internet,Train Travel Info mobile app,Noida,"Helion Ventures, Blume ventures",Private Equity Funding,,N/A
1319,10/21/2016,ChatOnGo,Consumer Internet,Hyperlocal Communication Mobile app,Mumbai,Janak Jain,Seed Funding,"3,00,000",N/A
1320,10/23/2016,WOTU,eCommerce,B2B Marketplace for traders,Bangalore,KAE capital,Seed Funding,,N/A
1321,10/24/2016,Healthians,Consumer Internet,Health Test Discovery & Ordering service,Gurgaon,BEENEXT,Private Equity Funding,"30,00,000",N/A
1322,10/24/2016,Box8,Consumer Internet,Online Food Ordering platform/App,Mumbai,"IIFL Seed Ventures Fund, Mayfield Ventures",Private Equity Funding,"75,00,000",N/A
1323,10/25/2016,Kredx,eCommerce,Invoice discounting marketplace,Bangalore,Sequoia Capital,Private Equity Funding,"60,00,000",N/A
1324,10/25/2016,CreditMate,Consumer Internet,Credit Report Info platform,Mumbai,India Quotient,Seed Funding,"5,00,000",N/A
1325,10/25/2016,Pickrr,Technology,Courier Logistics & Order management Solutions,New Delhi,Swastika Company Ltd,Seed Funding,,N/A
1326,10/25/2016,SatvaKart,eCommerce,Online Grocery Etailer,Gurgaon,Nimit Panigrahi,Seed Funding,,N/A
1327,10/25/2016,SooperMO,Technology,Android utility app suite creator,Gurgaon,Lalit Vase,Seed Funding,"1,00,000",N/A
1328,10/26/2016,OrangeTwig,Consumer Internet,Social Media Marketing platform,New Delhi,Undisclosed investor,Seed Funding,"10,00,000",N/A
1329,10/26/2016,Wooplr,Consumer Internet,Fashion Discovery App,Bangalore,"Astarc Ventures, Anand Chandrasekaran",Seed Funding,,N/A
1330,10/26/2016,The Kettlery,eCommerce,Online Tea Etailer,Ahmedabad,"hooting Starts Sports LLP, Franchise India Brands",Private Equity Funding,"10,00,000",N/A
1331,10/27/2016,Idea Bubbles,Consumer Internet,Doctor Consulting platform,Bangalore,"1Crowd, Eureka Forbes Ltd, Shapoorji Pallonji & Co. Ltd.",Private Equity Funding,"7,00,000",N/A
1332,10/27/2016,FR8,Technology,Truck Fleet Operation platform,Chennai,Omnivore Partners,Private Equity Funding,"9,71,000",N/A
1333,10/27/2016,Ather Energy,Technology,Electric Vehicle Manufacturer,Bangalore,Hero MotoCorp,Private Equity Funding,"2,70,00,000",N/A
1334,10/28/2016,Pikkol,Logistics,Relocation Service provider,Bangalore,"Ajay Nanavati, Afsal Salu",Seed Funding,,N/A
1335,10/29/2016,Velmenni,Technology,LiFi based wireless communication provider,New Delhi,Kalaari Capital,Seed Funding,"1,00,000",N/A
1336,10/29/2016,Volta Motors,Technology,Electric Bike Manufacturer,Chennai,Kalaari Capital,Seed Funding,"1,00,000",N/A
1337,10/29/2016,Cyclops,Technology,Clinical and Wearable Diagnostic Product creator,Bangalore,Kalaari Capital,Seed Funding,"1,00,000",N/A
1338,10/30/2016,Impact Analytics,Technology,Business intelligence and data science Startup,Bangalore,"Aarin Capital, Michael Herzig, Ashish Lakhanpal",Private Equity Funding,"7,50,000",N/A
1339,10/31/2016,Talent Next,Consumer Internet,Talent Discovery & Audition management platform,Mumbai,Karanpal Singh & Others,Seed Funding,"10,00,000",N/A
1340,1/9/2016,Mad Street Den,Technology,Artificial Intelligence platform,Chennai,"Sequoia India, Exfinity Ventures, growX ventures,",Private Equity Funding,,N/A
1341,1/9/2016,Mihup,Technology,Personal Digital Assistant,Kolkata,Accel Partners,Private Equity Funding,"67,00,000",N/A
1342,1/9/2016,Renowala,eCommerce,Home Improvement Marketplace,Hyderabad,Pradeep Dhobale,Seed Funding,,N/A
1343,1/9/2016,Lucideus,Technology,IT Risk Assessment and Digital Security Services provider.,New Delhi,Amit Choudhary,Seed Funding,,N/A
1344,4/9/2016,Trackbizz,Technology,Field Force Automation System,Kochi,Grasshoppers,Private Equity Funding,,N/A
1345,5/9/2016,Social Quotient,Technology,Platform for Social Causes,Mumbai,"Anita Dongre, Yash Dongre, Milind Sarwate",Seed Funding,,N/A
1346,5/9/2016,Stalk Buy Love,eCommerce,Fashion Apparel eTailer,New Delhi,William Bissel,Seed Funding,,N/A
1347,6/9/2016,eShakti,eCommerce,Women\xe2\x80\x99s Fashion Apparel eTailer,Chennai,"Infina Finance Pvt. Ltd, Uday Kotak",Private Equity Funding,"13,50,000",N/A
1348,6/9/2016,CheersOye!,Consumer Internet,Online Gift Vouchers platform,Mumbai,Undisclosed Investors,Seed Funding,"5,00,000",N/A
1349,6/9/2016,Lenskart,eCommerce,Online Eyewear eTailer,New Delhi,PremjiInvest,Private Equity Funding,,N/A
1350,6/9/2016,BigStylist,Consumer Internet,Hyperlocal doorstep Beauty Services provider,Mumbai,Info Edge (India) Ltd,Private Equity Funding,"9,00,000",N/A
1351,7/9/2016,Zilingo,eCommerce,Online Fashion Retailer,Bangalore/ Bangkok,"Venturra Capital, Sequoia India, Susquehanna International Group. Wavemaker Partners, Beenext, Beenos, Digital Garage",Private Equity Funding,"80,00,000",N/A
1352,7/9/2016,Alternacare,Consumer Internet,Online Doctor Consulting platform,New Delhi,Eros Labs,Seed Funding,"5,00,000",N/A
1353,7/9/2016,Simplilearn,Education,Online Certification programs,Bangalore,InnoVen Capital India,Private Equity Funding,"60,00,000",N/A
1354,7/9/2016,Prozo,eCommerce,Study Material Marketplace,Gurgaon,"Earlsfield Capital, Sailender Solanki, Rajiv Solanki",Seed Funding,"3,15,000",N/A
1355,8/9/2016,TopRankers,Education,Online Test Preparation platform,Bangalore,"CareerNet Consulting Pvt. Ltd, Ideation Initiative Pvt. Ltd,",Seed Funding,"6,70,000",N/A
1356,8/9/2016,BuildTraders,eCommerce,Online Construction Materials Marketplace,Bangalore,Idein Ventures,Seed Funding,"2,00,000",N/A
1357,9/9/2016,Byju\\xe2\\x80\\x99s,Education,Online Learning App,Bangalore,"Chan Zuckerberg Initiative, Times Internet Ltd, Sequoia Capital, Sofina, Lightspeed Ventures",Private Equity Funding,"5,00,00,000",N/A
1358,9/9/2016,NoBroker,Consumer Internet,Online Home Rental platform,Bangalore,Anand Chandrasekaran,Seed Funding,,N/A
1359,10/9/2016,Freshboxx,eCommerce,Fruits & vegetable eTailer,Hubli,Ravi Linganuri,Seed Funding,,N/A
1360,10/9/2016,CureInstant,Consumer Internet,Social Health Networking Platform,New Delhi,Dr. Rameshwar Kumar,Seed Funding,"1,50,000",N/A
1361,10/9/2016,Poshtic,Consumer Internet,Online health & Wellness platform,Noida,"havya Sharma, Amit Nagar",Seed Funding,"4,50,000",N/A
1362,10/9/2016,KarmaCircles,Consumer Internet,Peer-to-peer Social Learning platform,New Delhi,"Harinder Takhar, Zain Raj, Dr. Prasad Kaipa, Abaran Deep, Aseem Sood, Mustafa Patni",Seed Funding,,N/A
1363,12/9/2016,Purple Style Labs,Consumer Internet,Personal Styling Online platform,Mumbai,"Augment Ventures, Rahul Kayan, Nikhil Golcha, Shubham Gupta, Roy Kwan",Seed Funding,"4,48,000",N/A
1364,12/9/2016,Inuxu,Technology,Online Advertising Solutions,Pune,Fork Media,Private Equity Funding,"30,00,000",N/A
1365,12/9/2016,Nykaa,eCommerce,Online Beauty products eTailer,Mumbai,"Sunil Munjal, Mariwala family",Private Equity Funding,"1,23,00,000",N/A
1366,12/9/2016,Glam Studios,Consumer Internet,Beauty Salon Aggregator,Noida,"Pradeep Mirani, Aqeel Ahmed, Anand Ladsariya, Nitin Agarwal",Seed Funding,"3,00,000",N/A
1367,9/13/2016,Findow,Consumer Internet,Fashion Discovery Mobile app,Bangalore,Raj Singh Bhandal,Seed Funding,,N/A
1368,9/13/2016,IdeaChakki,Consumer Internet,Restaurant Menu & Food mobile app,Delhi,Ratan Tata,Seed Funding,,N/A
1369,9/13/2016,ShoeKonnect,eCommerce,Footwear & Leather B2B App,Agra,Indian Angels Network,Seed Funding,,N/A
1370,9/13/2016,NearBuy,Consumer Internet,Online Deals & Discount platform,Gurgaon,BlackSoil Capital Pvt. Ltd.,Private Equity Funding,"25,00,000",N/A
1371,9/14/2016,ZeroInfy,Consumer Internet,Online Video Lectures platform,Kolkata,Calcutta Angels Network,Seed Funding,,N/A
1372,9/14/2016,Flocareer,Consumer Internet,Jobs & Skill Validation platform,Bangalore,"Balasubramanian Krishnamurthy, Sidhartha Hazarika & Others",Seed Funding,"1,50,000",N/A
1373,9/14/2016,LensPick,eCommerce,eyewear eTailer,Bangalore,Scadea Solutions Inc,Private Equity Funding,,N/A
1374,9/15/2016,infeedo,Consumer Internet,Employee engagement platform,Gurgaon,"Dheeraj Jain, Palash Jain, Anupam Mittal, Ameera Shah, Vivek Bhargava, Rahul Singh, Ambarish Gupta,",Seed Funding,"2,00,000",N/A
1375,9/15/2016,Furlenco,eCommerce,Online furniture rental startup,Bangalore,Lightbox Ventures and others,Private Equity Funding,"50,00,000",N/A
1376,9/15/2016,GoPigeon,Consumer Internet,on-demand logistics service provider,Bangalore,Nexus Venture Partners,Private Equity Funding,"15,00,000",N/A
1377,9/16/2016,NewsDistill,Consumer Internet,City based News Aggregator App,Hyderabad,"Ganesh Narasimhan, Ramana Thumu, Sudhir Mallem",Seed Funding,"1,00,000",N/A
1378,9/16/2016,DoctorInsta,Consumer Internet,Online Doctor Consultations,Gurgaon,RoundGlass Partners,Private Equity Funding,"10,00,000",N/A
1379,9/19/2016,Milofy,Consumer Internet,Couple Socialization App,Bangalore,Accel Partners,Seed Funding,"7,50,000",N/A
1380,9/19/2016,Liqvid,Technology,Integrated eLearning content solutions,New Delhi,Gray Matters Capital,Private Equity Funding,,N/A
1381,9/19/2016,Swiggy,Consumer Internet,Online Food Ordering & Delivery,Bangalore,Bessemer Venture Partners,Private Equity Funding,"1,50,00,000",N/A
1382,9/20/2016,Codemojo,Consumer Internet,Customer Engagement Platform,Bangalore,CIO Angel Network,Seed Funding,,N/A
1383,9/20/2016,JustLikeNew,eCommerce,Online gadget Repair Services Marketplace,Hyderabad,LetsVenture,Seed Funding,"5,00,000",N/A
1384,9/20/2016,JoeHukum,Technology,Enterprise customer engagement solutions,New Delhi,Sumit Jain,Seed Funding,,N/A
1385,9/21/2016,Co Life,Consumer Internet,shared living and working spaces platform,Bangalore,Undisclosed Investors,Seed Funding,"10,00,000",N/A
1386,9/21/2016,PurpleDocs,Consumer Internet,Electronic Health care records platform,Vadodara,"KellyGamma, Lead Angels & Others",Seed Funding,,N/A
1387,9/21/2016,Pepperfry,eCommerce,Furniture eTailer,Mumbai,"Goldman Sachs Group, Zodius Technology Fund, Norwest Venture Partners, Bertelsmann India",Private Equity Funding,"3,13,00,000",N/A
1388,9/21/2016,eQuickies,eCommerce,Online Book etailer,Ahmedabad,Lothal Angel Ventures,Seed Funding,"2,98,000",N/A
1389,9/21/2016,Khel Now,Consumer Internet,Mobile-based social networking platform,New Delhi,Anglian Omega Network,Seed Funding,"3,50,000",N/A
1390,9/22/2016,Gadgetwood,Consumer Internet,On-Demand Gadget repair services platform,New Delhi,Carpediem Capital,Private Equity Funding,"60,00,000",N/A
1391,9/22/2016,DailyRounds,Consumer Internet,Mobile App for Doctors,Bangalore,"Accel Partners, Beenext, Powerhouse Ventures, Akusa Holdings",Private Equity Funding,,N/A
1392,9/22/2016,Flixy Games,Technology,Mobile Game Publisher for Indian audience,Bangalore,Rebright Partners,Seed Funding,"4,25,000",N/A
1393,9/22/2016,HashTaag,Technology,Mobile App Development company,Bangalore,Undisclosed investors,Seed Funding,"10,00,000",N/A
1394,9/22/2016,PharmaRack,Technology,SAAS application for Pharma Industry,Pune,"Currae Healthtech Fund, Unicorn India Ventures",Private Equity Funding,"7,45,000",N/A
1395,9/23/2016,CloudCherry,Technology,CRM SAAS Platform,Chennai,"Vertex Ventures, Cisco Ventures, IDG Ventures",Private Equity Funding,"60,00,000",N/A
1396,9/23/2016,Parentlane,Consumer Internet,Social Platform for babycare and parenting,Bangalore,Rohit MA,Seed Funding,,N/A
1397,9/23/2016,First Moms Club,Consumer Internet,Social Network for Mothers,Mumbai,Idea Wave Labs,Seed Funding,,N/A
1398,9/23/2016,inMotion,Technology,Financial platform for daily wage earning communities,Noida,"Prashant Tandon, Gaurav Agarwal, Gaurav Bhogle, Shrishti Sahu, Shantanu Mathur, Prabhat Aggarwal",Seed Funding,,N/A
1399,9/26/2016,Let\xe2\x80\x99s Barter,Consumer Internet,Goods & Services Barter Platform,New Delhi,Scale Ventures Funds,Seed Funding,,N/A
1400,9/26/2016,EvenGini,Consumer Internet,Event Registration and Ticketing platform,Chennai,Procam International Pvt. Ltd,Private Equity Funding,,N/A
1401,9/27/2016,TinyStep,Consumer Internet,Parenting Network Platform,Bangalore,Flipkart Logistics Pvt. Ltd,Private Equity Funding,"15,80,000",N/A
1402,9/27/2016,Canvs,Consumer Internet,Community Platform for Artists and Designers,Mumbai,Pratik Seal,Seed Funding,,N/A
1403,9/28/2016,Beardo,eCommerce,Mens Grooming products etailer,Ahmedabad,Venture Catalysts,Seed Funding,"5,00,000",N/A
1404,9/28/2016,Instacar,Consumer Internet,Out-Station Taxi Rental Platform,Indore,Swastika Co Ltd.,Seed Funding,"10,00,000",N/A
1405,9/28/2016,Celes Care,Consumer Internet,Virtual Health Clinic for Women,Hyderabad,Endiya Partners,Seed Funding,"10,00,000",N/A
1406,9/28/2016,Druva,Technology,Cloud Based Data Protection Solution,Pune,"Sequoia India, EDBI, Blue Cloud Ventures, Hercules Capital",Private Equity Funding,"5,10,00,000",N/A
1407,9/29/2016,Promon,eCommerce,Local Commerce Platform,New Delhi,Now Capital,Seed Funding,"1,80,000",N/A
1408,9/29/2016,Fastudent,eCommerce,Education eCommerce platform,Noida,"Kanwaljit Singh, Ajay Lakhotia, Pavan Ongole, Ashish Gupta",Seed Funding,,N/A
1409,9/29/2016,Unocoin,Consumer Internet,Bitcoin Wallet,Bangalore,"Blume Ventures, Mumbai Angels, ah! Ventures, Digital Currency Group, Boost VC, Bank to the Future and Funders Club",Private Equity Funding,"15,00,000",N/A
1410,9/30/2016,Demyto,Consumer Internet,Vehicle maintenance Services platform,Pune,Deepak Nathani,Seed Funding,,N/A
1411,9/30/2016,Zeta,Technology,Enterprise Cloud Solutions,Mumbai,Bhavin Turakhia,Private Equity Funding,"1,90,00,000",N/A
1412,9/30/2016,Kalaage,Consumer Internet,Social Networking Platform for Writers,Jaipur,Rajasthan Angel Innovators Network,Seed Funding,,N/A
1413,1/8/2016,HealthKart,eCommerce,Online Pharmacy & Health Marketplace,Gurgaon,"Sequoia Capital India, Omidyar Network, Kae Capital",Private Equity Funding,"1,20,00,000",N/A
1414,1/8/2016,Medinfi,Consumer Internet,Doctor & Clinic Discovery Platform,Bangalore,"Mudit Saxena, Evan Lim",Seed Funding,"2,00,000",N/A
1415,1/8/2016,RepairEasy,Consumer Internet,Gadget Repair Services Platform,Pune,Undisclosed HNIs,Seed Funding,"2,75,000",N/A
1416,1/8/2016,Voonik,eCommerce,Online Women\\xe2\\x80\\x99s Fashion Marketplace,Bangalore,InnoVen Capital,Private Equity Funding,"30,00,000",N/A
1417,1/8/2016,Tokri,Consumer Internet,Hyperlocal Grocery Delivery platform,Pune,Syska LED group,Private Equity Funding,"25,00,000",N/A
1418,2/8/2016,Sheroes,Consumer Internet,Online Job and Career Platform for Women,Noida,"Lumis Partners, The HR Fund, Rajul Garg, Quintillion Media",Private Equity Funding,"18,00,000",N/A
1419,2/8/2016,Daily Ninja,Consumer Internet,Hyperlocal daily needs Products delivery platform,Bangalore,"Venk Krishnan, Aprameya Radhakrishna, Anupam Mittal, Kunal Shah, Tracxn Labs, Subramanya SV, Ravi Garkipati",Seed Funding,,N/A
1420,2/8/2016,Yumlane,Food & Beverage,Retail Food & Snack Offline centres,Mumbai,"Binny Bansal, Anupam Mittal, Sachin Bhatia, Darius Pandole, Kunal Khattar, Dheerag Jain",Seed Funding,"10,00,000",N/A
1421,3/8/2016,Xcode,Healthcare,Personal Genomics,Chennai,RoundGlass Partners,Private Equity Funding,,N/A
1422,3/8/2016,ExtraCarbon,Consumer Internet,Waste Recycle Management platform,Gurgaon,Brand Capital,Seed Funding,"2,25,000",N/A
1423,3/8/2016,FlickBay,Consumer Internet,Mobile Based Bollywood Discovery platform,Mumbai,Paul Roy,Seed Funding,"8,90,000",N/A
1424,4/8/2016,Petoo,Consumer Internet,Food Delivery Platform,Bangalore,Existing Investors,Seed Funding,"5,00,000",N/A
1425,4/8/2016,lehlehsports,Others,Sports Arena discovery,New Delhi,Anglian Omega Network,Seed Funding,,N/A
1426,5/8/2016,Tricog,Healthcare,Healthcare Analytics Platform,Bangalore,"Inventus Capital Partners, Blume Ventures & Others",Private Equity Funding,,N/A
1427,6/8/2016,VST Travels,Technology,Travel Ticket Booking Software,Kerala,Promatus Group,Seed Funding,"$27,000.00",N/A
1428,8/8/2016,AdPushUp,Technology,Ad optimization Platform,New Delhi,"Geniee, Inc, Purvi Capital",Private Equity Funding,,N/A
1429,8/8/2016,Wefly Indoor Skydiving,Others,Indoor Skydiving Sports Provider,Mumbai,Swastika Company Ltd.,Seed Funding,"$40,000.00",N/A
1430,8/8/2016,Mojarto,eCommerce,"Original Art, Digital Prints etailer",Gurgaon,Undisclosed Investors,Seed Funding,"4,45,000",N/A
1431,8/8/2016,Zipgrid,Consumer Internet,Community services platform,Mumbai,1Crowd (through crowd funding),Seed Funding,"2,00,000",N/A
1432,9/8/2016,MobiDent,Healthcare,Dental Protection Solution,Bangalore,Centre for Innovation Incubation and Entrepreneurship (CIIE),Seed Funding,,N/A
1433,9/8/2016,Zeolr/RespirON,Technology,Healthcare related IoT platform,New Delhi,Centre for Innovation Incubation and Entrepreneurship (CIIE),Seed Funding,,N/A
1434,10/8/2016,Vebbler,Consumer Internet,Photo Sharing Mobile App,Bangalore,"Anupam Mittal, Sharad Sharma & 14 others",Seed Funding,"5,00,000",N/A
1435,10/8/2016,Bombay Shaving Company,eCommerce,Men\\xe2\\x80\\x99s Grooming Product etailer,New Delhi,"Noshir Kaka, Subramanian Ramadorai, Kiran Deshpande, Pankaj Gupta, Ravi Nigam & Others",Seed Funding,"6,00,000",N/A
1436,11/8/2016,Travelyaari,Consumer Internet,Online ticket booking platform,Bangalore,"Gujarat Venture Finance Limited (GVFL), Bennett Coleman & Co. Ltd",Private Equity Funding,"70,00,000",N/A
1437,11/8/2016,91SpringBoard,Consumer Internet,Co-Working Spaces Discovery & Booking platform,Mumbai,"Khattar Holdings, ThirtyThree Investments, Soumitra Sharma, Deepak Sharma, Sumit Dayal and others",Private Equity Funding,,N/A
1438,11/8/2016,Genextstudents,Consumer Internet,Online Tutoring Service provider,Mumbai,1Crowd (through crowdfunding),Seed Funding,"2,09,000",N/A
1439,11/8/2016,Zenoti,Technology,Cloud Based Software Solutions Provider,Hyderabad,"Norwest Venture Partners, Accel India",Private Equity Funding,"1,50,00,000",N/A
1440,12/8/2016,Crofarm,Technology,Agri-Tech supply chain Solution provider,Gurgaon,"Mukul Singhal, Rohit Jain, Himanshu Aggrawal, Sunil Goyal Ashish Gupta,",Private Equity Funding,"15,00,000",N/A
1441,12/8/2016,Faircent.com,Consumer Internet,peer-to-peer lending platform,Gurgaon,Brand Capital,Private Equity Funding,"15,00,000",N/A
1442,12/8/2016,Innovaccer,Technology,Integrated Enterprise Analytics Platform,Noida,Westbridge Capital Partners,Private Equity Funding,"1,56,00,000",N/A
1443,12/8/2016,Cuberoot,Technology,Data Analytics & Audience Management Platform,Gurgaon,Undisclosed Investors,Seed Funding,"5,00,000",N/A
1444,12/8/2016,Funcastic,Consumer Internet,B2C vernacular podcast aggregator platform,New Delhi,"HT Media Ltd, North Base Media",Seed Funding,,N/A
1445,8/15/2016,Buttercups,ECommerce,Women Intimate Wear eTailer,Bangalore,"Anand Chandrasekaran, Kanwaljit Singh, Manoj Varghese",Seed Funding,,N/A
1446,8/16/2016,Zappfresh,ECommerce,Raw Meat Products eTailer,Gurgaon,Ashvin Chadha,Seed Funding,,N/A
1447,8/16/2016,OyoRooms,Consumer Internet,Budget Hotels Aggregator,New Delhi,SoftBank Group,Private Equity Funding,"6,20,00,000",N/A
1448,8/16/2016,Hike,Consumer Internet,Mobile Messaging App,New Delhi,"Tencent Holdings, Foxconn Technology Group, Tiger Global, SoftBank Group, Bharti Enterprises",Private Equity Funding,"17,50,00,000",N/A
1449,8/16/2016,Joolz,eCommerce,Online Jewellery Store,Mumbai,"Powerhouse Ventures, M&S Partners",Private Equity Funding,"5,00,000",N/A
1450,8/16/2016,SaleBhai,eCommerce,"Sweets, Dry Fruits & Handicrafts etailer",Ahmedabad,Brand Capital,Private Equity Funding,"15,00,000",N/A
1451,8/16/2016,Makkajai,Technology,Online & Mobile learning for kids,Pune,"Anand Chandrasekaran, Ananth Narayanan, Mekin Maheshwari, Ravi Garikipati, Divyesh Shah, Swastika Company Ltd",Seed Funding,"2,50,000",N/A
1452,8/16/2016,Gradopedia,Consumer Internet,Career progression Portal,Mumbai,Undisclosed Dubai based HNIs,Seed Funding,,N/A
1453,8/17/2016,MaalGaadi,Logistics,Online Logistics Marketplace,Indore,"Swan Angel Network,Sachin Khandelwal and others",Seed Funding,"3,75,000",N/A
1454,8/17/2016,ZiPi,Technology,Mobile Chatbot App,Bangalore,Swan Angel Network,Seed Funding,,N/A
1455,8/17/2016,Appknox,Technology,Mobile security solutions,Bangalore,"SeedPlus, Infocomm Investments, Accel Partners RNT Associates",Private Equity Funding,"6,75,000",N/A
1456,8/17/2016,Pikkol,Logistics,Packers & Movers,Bangalore,Indian Angel Network,Seed Funding,,N/A
1457,8/18/2016,Meesho,eCommerce,Mobile based eCommerce SAAS platform,Bangalore,"Kashyap Deorah, Rajul Garg, Maninder Gulati",Seed Funding,,N/A
1458,8/18/2016,Sesame Software,Technology,Financial Technology Solutions Provider,Kozhikode,Speridian Technologies,Private Equity Funding,,N/A
1459,8/19/2016,Quikr,Consumer Internet,Classified Listings platform,Mumbai,Brand Capital,Private Equity Funding,"2,00,00,000",N/A
1460,8/19/2016,Digio,Technology,Aadhar based Document Signing platform,Bangalore,Rainmatter,Private Equity Funding,"3,75,000",N/A
1461,8/19/2016,Ziffity,Technology,Full Service Ecommerce Agency,Chennai,Aspire Systems,Private Equity Funding,,N/A
1462,8/22/2016,Zzungry,Consumer Internet,Food Delivery platform,Bangalore,"Satish Vasudeva, Madhusudhan Jujare & Others",Seed Funding,,N/A
1463,8/22/2016,Puro Wellness,healthcare,"Organic, Natural Food substitute manufacturer",Mumbai,Torrent Group,Private Equity Funding,"3,70,00,000",N/A
1464,8/22/2016,Fitternity,Consumer Internet,Fitness Gym & Services Discovery platform,Mumbai,"Saha Fund, Exfinity Venture Partners & Others",Private Equity Funding,,N/A
1465,8/23/2016,TAC Security,Technology,Cyber-Security Solutions Provider,New Delhi,Vijay Kedia,Seed Funding,,N/A
1466,8/23/2016,Notesgen,Consumer Internet,Online Notes Sharing Portal,New Delhi,"Riju Gupta, Kamal Chabra",Seed Funding,"1,00,000",N/A
1467,8/23/2016,NearU,Consumer Internet,Marketing app for retailers,Mumbai,Dr. Goutam Challagalla,Seed Funding,,N/A
1468,8/23/2016,Octo.ai,Technology,Artificial Intelligence based marketing platform,New Delhi,"Outbox Ventures, Jaspreet Bindra, Arjun Malhotra, Rohan Malhotra, Sidharth Rao, Rakesh Agrawal",Seed Funding,"2,00,000",N/A
1469,8/24/2016,ShaadiSaga,Consumer Internet,Wedding Website Creator,New Delhi,"ah! Ventures, Anupam Mittal, Kunal Shah, Sandeep Tandon, Dheeraj Jain, Rohit Chokhani",Seed Funding,,N/A
1470,8/24/2016,UnaAcademy,Consumer Internet,Free Interactive education platform,Bangalore,"Blume Ventures, Sachin Bansal, Vijay Shekhar Sharma, Binny Bansal, Kunal Shah, Sandeep Tandon, Ashish Tulsian",Private Equity Funding,"10,00,000",N/A
1471,8/24/2016,Advenio,Technology,Clinical Imaging Solution Provider,Chandigarh,Kalaari Capital,Seed Funding,"1,00,000",N/A
1472,8/24/2016,Guarented,eCommerce,Home Furnishing rental marketplace,Bangalore,Kalaari Capital,Seed Funding,"5,00,000",N/A
1473,8/24/2016,Beyond Evolution,Technology,Mobile Apps & Tech Services provider,Gurgaon,"Vineet Taneja, Kamal Puri",Seed Funding,,N/A
1474,8/24/2016,Uber Dreams,eCommerce,Dreams fulfilling marketplace,Mumbai,Mohit Lalvani,Seed Funding,"5,00,000",N/A
1475,8/24/2016,Convegenius,Education,Edutainment platform,Noida,Michael and Susan Dell Foundation,Private Equity Funding,"9,00,000",N/A
1476,8/24/2016,UrbanLadder,eCommerce,Online Furniture Store,Mumbai,Trifecta Capital,Private Equity Funding,"30,00,000",N/A
1477,8/24/2016,enCashea,Consumer Internet,Scrap Collection and Recycling platform,Bangalore,"Kunal Shah, Sandeep Tandon, Tracxn Labs",Seed Funding,,N/A
1478,8/25/2016,EngineerBabu,Technology,Mobile App & Web Development company,Indore,Scale Ventures,Seed Funding,,N/A
1479,8/25/2016,Cult,Healthcare,Health and Fitness Centres,Bangalore,CureFit,Private Equity Funding,"30,00,000",N/A
1480,8/25/2016,WitWorks,Technology,Consumer IoT Startup,Bangalore,"Fireside Ventures, Investopad, P39 Capital, Anupam Mittal, Pranay Jivrajka, Maninder Gulati, Abhinav Sinha",Seed Funding,,N/A
1481,8/25/2016,NearFox,Consumer Internet,Local Lifestyle Content and Discovery Platform,Mumbai,"Globevestor Angel Fund, Devendra Rane, Ravi Jain, Arpan Nagdeve",Seed Funding,,N/A
1482,8/25/2016,ZoomCar,Consumer Internet,Self-driven car booking platform,Bangalore,Ford Smart Mobility Llc,Private Equity Funding,"2,40,00,000",N/A
1483,8/26/2016,Plix,Consumer Internet,Photo and Video Sharing App,Gurgaon,Instalabs,Seed Funding,"5,00,000",N/A
1484,8/26/2016,Mobikwik,Consumer Internet,Digital Wallet platform,Gurgaon,Net1 UEPS Technologies Inc,Private Equity Funding,"4,00,00,000",N/A
1485,8/26/2016,MyDidi,Consumer Internet,"on-demand, hyper-local Cleaning services provider",Mumbai,Undisclosed Ex Mckinsey Directors and Partners,Seed Funding,"5,50,000",N/A
1486,8/26/2016,CrownIt,Consumer Internet,Cashback Mobile app,Gurgaon,"Kunal Shah & Sandeep Tandon, Girish Mathrubootham, Anand Chandrasekaran",Seed Funding,,N/A
1487,8/29/2016,LoanTap,Consumer Internet,Lending platform for Salaried professionals,Mumbai,"Dr. Abhishek Pandey, Jaysukh Sapra",Private Equity Funding,"30,00,000",N/A
1488,8/29/2016,Runnr,Consumer Internet,hyperlocal Logistics services provider,Bangalore,"Nexus Venture Partners, Blume Ventures",Private Equity Funding,"70,00,000",N/A
1489,8/29/2016,Zolo,Consumer Internet,on-demand online talent marketplace,Noida,Hitouch AG,Private Equity Funding,,N/A
1490,8/29/2016,Notion Press,Consumer Internet,Self-Publishing books platform,Chennai,Undisclosed HNI investors,Private Equity Funding,"10,00,000",N/A
1491,8/29/2016,LivSpace,Consumer Internet,Online portal for Home Design,Bangalore,"Bessemer Venture Partners, Jungle Ventures, Helion Ventures",Private Equity Funding,"1,50,00,000",N/A
1492,8/30/2016,iAugmentor Labs,Technology,Assessment & Learning Platform,Gurgaon,Rajasthan Angel Investor Network & Others,Seed Funding,"1,49,000",N/A
1493,8/30/2016,DayBox,Consumer Internet,Fruit & Vegetable Delivery platform,New Delhi,"Ashutosh Lawania, Rajul Jain, Badal Malick, Rishi Gupta & Others",Seed Funding,"1,04,000",N/A
1494,8/30/2016,Paytm,eCommerce,Mobile Wallet & ECommerce platform,Bangalore,MediaTek Inc.,Private Equity Funding,"6,00,00,000",N/A
1495,8/30/2016,CropIn,Technology,Agriculture Technology Solutions,Bangalore,Sophia Investment ApS,Private Equity Funding,"20,00,000",N/A
1496,8/30/2016,Canvera,Consumer Internet,Photographer Discovery & Information platform,Bangalore,Info Edge (India) Ltd,Private Equity Funding,"30,00,000",N/A
1497,8/30/2016,Prime Focus Technologies,Technology,Hybrid Cloud technology enabled Media ERP platform,Mumbai,Ambit Pragma,Private Equity Funding,,N/A
1498,8/31/2016,Flyrobe,eCommerce,Online fashion rental platform,Mumbai,"IDG Ventures, Sequoia Capital, GREE Ventures",Private Equity Funding,"53,00,000",N/A
1499,8/31/2016,inclov,Consumer Internet,Matchmaking App for Disabled,Mumbai,"Sarbvir Singh, Raghav Bahl",Seed Funding,,N/A
1500,1/7/2016,RazorPay,Consumer Internet,Online Payment Gateway,Bangalore,MasterCard,Private Equity Funding,,N/A
1501,1/7/2016,DarwinBox,Technology,HR Software Services Startup,Hyderabad,"3one4 Capital, Tracxn Labs, Aaruha Technology Fund, Endiya Partners",Seed Funding,,N/A
1502,1/7/2016,Venture Catalysts,Consumer Internet,Seed Investment & Innovation Platform,Mumbai,Zaffiro Ventures,Seed Funding,"5,00,000",N/A
1503,1/7/2016,PressPlay TV,Consumer Internet,Video Content Discovery Platform,New Delhi,"Sequoia Capital, SD Ventures, Vistaar Investment Advisors Pvt. Ltd.",Private Equity Funding,,N/A
1504,2/7/2016,Playment,Consumer Internet,Mobile Marketplace for Crowdsourced Work,Bangalore,SAIF Partners,Private Equity Funding,"7,00,000",N/A
1505,4/7/2016,WealthTrust,Consumer Internet,Wealth Management App,Mumbai,India Quotient,Seed Funding,,N/A
1506,4/7/2016,Curefit,Consumer Internet,Online Preventive Healthcare Platform,Bangalore,"Accel Partners, IDG Ventures, Kalaari Capital",Private Equity Funding,"1,50,00,000",N/A
1507,4/7/2016,StitchWood,eCommerce,Custom Furniture Online,Mumbai,Deepak Gupta,Seed Funding,"2,00,000",N/A
1508,4/7/2016,Grab.in,Logistics,hyperlocal logistics service,Mumbai,Aramex Ventures Llc,Private Equity Funding,"20,00,000",N/A
1509,4/7/2016,Fulfil.IO,Consumer Internet,Cloud Based ERP Software,US,Rajan Anandan,Seed Funding,,N/A
1510,4/7/2016,NeoGrowth,Finance,SME Lending platform,Mumbai,"IIFL Wealth Management Seed Venture Fund, Omidyar Network, Khosla Impact, Aspada",Private Equity Funding,"1,60,00,000",N/A
1511,5/7/2016,SeeDoc,Consumer Internet,Video Based Doctor Consulting platform App,Gurgaon,YourNest Angel Fund & Others,Private Equity Funding,"10,00,000",N/A
1512,5/7/2016,BookMyShow,Consumer Internet,Event & Movie Ticketing platform,Mumbai,"Stripes Group, Network 18, Accel Partners, SAIF Partners",Private Equity Funding,"8,20,00,000",N/A
1513,5/7/2016,Flyrobe,eCommerce,Online fashion rental platform,Mumbai,"Sequoia Capital, Rohit Bansal, Kunal Bahl, Sandeep Tandon, Kunal Shah, Zishaan Hayath, Abhishek Jain",Seed Funding,"17,00,000",N/A
1514,6/7/2016,HappilyUnmarried,eCommerce,Online Merchandize etailer,New Delhi,Info Edge (India) Ltd,Private Equity Funding,"7,40,000",N/A
1515,6/7/2016,Don\\xe2\\x80\\x99t Scratch Your Head,Technology,Full Stack Offline & Online ERP Solution,Ahmedabad,"Gaurav Singhvi, Zaffiro Ventures",Seed Funding,"2,50,000",N/A
1516,6/7/2016,Wedding Wishlist,Consumer Internet,"Wedding Wishlist, Gifts & Registry Creation platform",Chennai,"Kirthiga Reddy, Renuka Ramanath,Cherry Tin",Seed Funding,"2,97,000",N/A
1517,7/7/2016,AppDaily,Technology,Mobile Security App development & Distribution,Mumbai,"Kalaari Capital, Qualcomm Ventures, ru-Net, Zodius Technology Opportunities Fund,",Private Equity Funding,"20,00,000",N/A
1518,7/7/2016,Adytude,Consumer Internet,Gamified Consumer Insights Portal,New Delhi,Indian Angel Network,Private Equity Funding,"10,00,000",N/A
1519,7/7/2016,Quickli,Logistics,On-Demand Delivery Startup,Gurgaon,"AVG Group, 500 Startups",Private Equity Funding,,N/A
1520,7/7/2016,SpectraVR,Technology,Virtual Reality Content Studio,Mumbai,Rothenberg Ventures,Seed Funding,,N/A
1521,8/7/2016,Pitstop,Consumer Internet,Online Car Repair and Servicing Booking platform,Bangalore,"Alex Chua, Rahul Garg",Seed Funding,,N/A
1522,8/7/2016,HolaChef,Consumer Internet,Online Food Ordering & Delivery Platform,Mumbai,"Kalaari Capital, India Quotient",Private Equity Funding,"19,50,000",N/A
1523,11/7/2016,Purplle,eCommerce,Beauty Products Marketplace,Mumbai,"JSW Ventures, Blume Ventures & IvyCap Ventures",Private Equity Funding,"60,00,000",N/A
1524,11/7/2016,Trak N Tell,Technology,Car Tracking & Safety System,Gurgaon,Brian Acton,Private Equity Funding,"35,00,000",N/A
1525,11/7/2016,Overcart.com,eCommerce,Unboxed & refurbished electronic products marketplace,Gurgaon,"JSW Ventures, Omidyar Network, Sattva Capital, Venture Works",Private Equity Funding,"30,00,000",N/A
1526,12/7/2016,SirionLabs,Technology,SAAS based Service Agreement Management,Gurgaon,Sequoia Capital,Private Equity Funding,"1,22,50,000",N/A
1527,12/7/2016,GyanDhan,Consumer Internet,Education Focused Financing Platform,New Delhi,"Stanford Angels & Entrepreneurs, Harvard Angels",Seed Funding,,N/A
1528,12/7/2016,MintM,Consumer Internet,Digital Marketing & AdTech Platform,Bangalore,"Mumbai Angels, Times Internet",Private Equity Funding,,N/A
1529,12/7/2016,HitGrit,Consumer Internet,Online Legal Consultation platform,Chandigarh,"Ashish Mahajan, Sarvesh Sharma",Seed Funding,,N/A
1530,12/7/2016,Find My Stay,Consumer Internet,Online Budget Hotel Aggregator & Booking Platform,New Delhi,"Rishi Parti, Yogesh Bansal",Seed Funding,,N/A
1531,7/13/2016,YAAP,Consumer Internet,"Online Content Discovery, Creation & Distribution Platform",New Delhi,Rainmaker Ventures,Private Equity Funding,"50,00,000",N/A
1532,7/13/2016,Utoo Cabs,Consumer Internet,Cab aggregation & Rental platform,Chennai,Ajay Piramal,Seed Funding,,N/A
1533,7/13/2016,Twigly,Consumer Internet,Online Food Ordering & Delivery Startup,Gurgaon,"Tracxn Labs, Hyderabad Angels, Kunal Shah, Gaurav Bhalotia",Seed Funding,"6,00,000",N/A
1534,7/13/2016,ShareChat,Consumer Internet,Vernacular Language Content Creation & Sharing App,Bangalore,"SAIF Partners, India Quotient",Private Equity Funding,"13,50,000",N/A
1535,7/13/2016,Urban Tailor,Consumer Internet,E-Tailoring service provider,Bangalore,Unitus Seed Fund,Private Equity Funding,,N/A
1536,7/13/2016,RentMojo,Consumer Internet,Online Furniture Renting Platform,Bangalore,"Accel Partners, IDG Ventures India",Private Equity Funding,"50,00,000",N/A
1537,7/13/2016,CityFurnish,Consumer Internet,Online Furniture Renting Platform,Gurgaon,Brand Capital,Seed Funding,,N/A
1538,7/13/2016,HEAL Institute,Healthcare,Sports Focused Healthcare Startup,Mumbai,"Jaspal Bindra, Parth Jindal",Seed Funding,,N/A
1539,7/14/2016,Augrav,eCommerce,Personalized precious Jewellery etailer,Coimbatore,Keiretsu Forum,Seed Funding,"4,50,000",N/A
1540,7/14/2016,ShoppinPal,Technology,M-Commerce Solutions for Retail Stores,Pune,"Plug and Play Tech Center, Steelhead Ventures & Others",Private Equity Funding,"10,70,000",N/A
1541,7/14/2016,TransTutors / AskIITians,Consumer Internet,Online Education & Tutoring portals,New Delhi,500 Startups,Private Equity Funding,,N/A
1542,7/15/2016,WorkApps,Technology,Enterprise Work Management Software,Pune,SRI Capital,Seed Funding,"10,00,000",N/A
1543,7/15/2016,BankerBay,Consumer Internet,Online Investment Banking platform,Bangalore,undisclosed investors,Private Equity Funding,"20,00,000",N/A
1544,7/15/2016,BaggOut,eCommerce,Women\\xe2\\x80\\x99s Fashion etailer,New Delhi,"Sumit Jain, Sumit Jain, Anurag Gupta, Varun Khanna, Faraz Khan",Seed Funding,,N/A
1545,7/15/2016,TripShelf,eCommerce,Travel Package Marketplace,New Delhi,GEMS group,Seed Funding,"2,50,000",N/A
1546,7/15/2016,SatvaCart,eCommerce,Online Grocers,New Delhi,"Abhijit Avasthi, Karan Chellani, SP Vijay",Seed Funding,,N/A
1547,7/15/2016,Ridlr,Consumer Internet,Public Transport Mobile App,Mumbai,"Times Internet, Innoven Capital, Matrix Partners India, Qualcomm Ventures",Private Equity Funding,"60,00,000",N/A
1548,7/18/2016,Yellowdig,Consumer Internet,Online Learning Platform,Pune,SRI Capital,Seed Funding,"6,50,000",N/A
1549,7/18/2016,Zuppler,Consumer Internet,Online Food Ordering platform,New Delhi,SRI Capital,Seed Funding,"6,50,000",N/A
1550,7/18/2016,BlueStone,eCommerce,Jewellery Etailer,Mumbai,"IIFL and Accel Partners, Kalaari Capital, IvyCap Ventures, RB Investments",Private Equity Funding,"3,00,00,000",N/A
1551,7/18/2016,underDOGS,Technology,Game Development Startup,Mumbai,Intelli Reboot Digital Pvt. Ltd,Private Equity Funding,,N/A
1552,7/18/2016,ImageProVision,Technology,Image Analysis Solutions,Pune,Satish Jamdar,Seed Funding,,N/A
1553,7/19/2016,Sagacito,Technology,Cloud-Based Enterprise Solutions,New Delhi,Star India Pvt. Ltd,Private Equity Funding,"1,00,00,000",N/A
1554,7/19/2016,Deal4Loans / Wishfin,Consumer Internet,\\nLoans Comparison platform\\n\\n\\n\\n     (adsbygoogle = window.adsbygoogle || []).push({});\\n\\n,Noida,Franklin Templeton International Services Pvt. Ltd,Private Equity Funding,"1,50,00,000",N/A
1555,7/19/2016,NiYO Solutions,Technology,Payroll & Benefits Software solutions,Bangalore,Prime Venture Partners,Private Equity Funding,"10,00,000",N/A
1556,7/19/2016,AppLop,Consumer Internet,Mobile Apps SaaS Platform,Gurgaon,Green House Ventures Accelerator,Seed Funding,"2,50,000",N/A
1557,7/20/2016,Tax2Win,Consumer Internet,Online Tax Filing Portal,Jaipur,Undisclosed Investors,Private Equity Funding,"10,00,000",N/A
1558,7/20/2016,Truckola,Logistics,Tech-focused cargo transport startup,Mumbai,"Abhishek Agarwal, Krishnakumar Nataraj, Sarath Sura, Shanti Mohan, Sarthak and Nihit Agarwal, Suramya Gupta",Seed Funding,"5,95,000",N/A
1559,7/20/2016,iServe Financial,Consumer Internet,Loan Comparison & Deals platform,Pune,Nilesh Shah,Seed Funding,,N/A
1560,7/21/2016,MyTaxiIndia,Consumer Internet,Online Car rental booking platform,New Delhi,Nihon Kotsu Co,Private Equity Funding,"10,00,000",N/A
1561,7/21/2016,AbeRuk,eCommerce,Online Marketplace for books,Bangalore,Swastika Company Pvt Ltd,Seed Funding,,N/A
1562,7/21/2016,Wiwigo,Consumer Internet,Inter-City Taxi Booking platform,Bangalore,Indian Angel Network,Seed Funding,"5,95,000",N/A
1563,7/21/2016,Drums Food,Food & Beverage,Yogurt and Ice Cream maker,Mumbai,"Verlinvest, DSG Consumer Partners",N/A,,N/A
1564,1/6/2016,Chikoop,Consumer Internet,Free Ad based Voice Calling,Indore,Undisclosed Investors,Seed Funding,,N/A
1565,1/6/2016,BRIDGEi2I,Technology,Data Analytics Platform,Bangalore,Edelweiss Private Equity,Private Equity Funding,,N/A
1566,2/6/2016,Droom,eCommerce,Online marketplace for used automobiles,New Delhi,"Beenext, Digital Garage, Lightbox, Beenos",Private Equity Funding,,N/A
1567,2/6/2016,Visit,Consumer Internet,On-Demand Healthcare Service provider,New Delhi,MapmyIndia,Seed Funding,,N/A
1568,2/6/2016,Atomberg,Technology,"smart, energy efficient home appliance manufacturer",Mumbai,Parampara Capital,Private Equity Funding,"10,00,000",N/A
1569,2/6/2016,Coutloot,eCommerce,Fashion Re-Commerce Platform,Mumbai,Venture Catalysts,Seed Funding,,N/A
1570,2/6/2016,Limo,Consumer Internet,Bus Aggregator Mobile app,Mumbai,Rainmaker Ventures,Private Equity Funding,"10,00,000",N/A
1571,3/6/2016,iCliniq,Consumer Internet,Doctor Consultation platform,Bangalore,MadhanKumar Madathupalayam,Seed Funding,,N/A
1572,3/6/2016,GoGo Truck,Consumer Internet,Truck Aggregator & Booking platform,Chennai,Undisclosed Investor,Seed Funding,"$75,000.00",N/A
1573,3/6/2016,Vyome Biosciences,Healthcare,Treatment Development for Antibiotic-resistant diseases,New Delhi,Romulus Capital,Private Equity Funding,"20,00,000",N/A
1574,6/6/2016,SillyMonks,Consumer Internet,Digital Media and Entertainment Startup,Hyderabad,Sreenivasa Reddy Musani,Seed Funding,"4,48,000",N/A
1575,7/6/2016,CueMath,Education,K-12 Maths Learning Courses,Bangalore,"Sequoia Capital, Unitus Seed Fund",Private Equity Funding,"40,00,000",N/A
1576,7/6/2016,KrazyBee,Consumer Internet,Student Micro-Loan platform,Bangalore,"Yeahmobi, Fenqile",Private Equity Funding,"20,00,000",N/A
1577,7/6/2016,Intgrea,Technology,Post merger Integration Partners,Bangalore,Undisclosed Investor,Seed Funding,"1,00,000",N/A
1578,7/6/2016,HelpShift,Technology,Mobile CRM Platform,Pune,"Microsoft Ventures, Salesforce Ventures",Private Equity Funding,"2,30,00,000",N/A
1579,7/6/2016,CreditVidya,Technology,Credit Scoring Platform,Mumbai,Kalaari Capital,Private Equity Funding,"10,00,000",N/A
1580,8/6/2016,Grey Campus,Consumer Internet,Online Learning Platform,Hyderabad,Sarath Sura,Seed Funding,"10,00,000",N/A
1581,8/6/2016,ListUp,eCommerce,Location based Classified Mobile app,Mumbai,"Kae Capital, Kunal Shah, Sandeep Tandon",Seed Funding,"5,00,000",N/A
1582,8/6/2016,6Degree,Technology,Tech-enabled Fashion Talent platform,Mumbai,Indian Angel Network,Seed Funding,"2,00,000",N/A
1583,8/6/2016,Shopwati,Consumer Internet,Online Fashion Discussion Community,Gurgaon,Sanjiv Rai,Seed Funding,,N/A
1584,8/6/2016,Cookifi,Consumer Internet,Online Chef Discovery & Booking Service,Bangalore,"Kunal Shah, Aneesh Reddy, Tracxn Labs, Venkat Tadanki, Krishna Mehra, Amit Rathore",Seed Funding,,N/A
1585,8/6/2016,StoreKing,eCommerce,Connecting Small Town Consumers to E-Commerce,Bangalore,Axiata Digital,Private Equity Funding,"1,60,00,000",N/A
1586,8/6/2016,Wired Hub,Real Estate,Co-Working Spaces,Jaipur,"Ankit Maheshwari, Anand Singh",Seed Funding,,N/A
1587,8/6/2016,MySeniorDoctor,Consumer Internet,Online medical support platform,Gurgaon,BlackJag Partners,Seed Funding,"2,00,000",N/A
1588,9/6/2016,Teabox,eCommerce,Online Tea Store,Siliguri,Cameron Jones,Seed Funding,,N/A
1589,9/6/2016,ExtraaEdge,Consumer Internet,Student Acquisition Platform,Pune,"Ritesh Dwivedy, Priti Padhy",Seed Funding,,N/A
1590,9/6/2016,EPayLater,Technology,Fin-Tech Platform,Mumbai,3 undisclosed HNIs,Seed Funding,"20,00,000",N/A
1591,10/6/2016,Kyazoonga,eCommerce,Online event ticketing Platform,Mumbai,Ratan Tata,Seed Funding,,N/A
1592,10/6/2016,Paytunes,Consumer Internet,Mobile based rewards platform,New Delhi,"CIO Angel Network, Indian Angel Network",Private Equity Funding,"5,00,000",N/A
1593,10/6/2016,Kickstart Jobs,Technology,Entry level hiring platform,Gurgaon,"Vivek Joshi, Mohit Satyanand, Amit Banati, Arun Khanna",Seed Funding,,N/A
1594,10/6/2016,Freshee,FMCG,Household packaging & Storage product manufacturer,Mumbai,Edelweiss Private Equity,Private Equity Funding,,N/A
1595,10/6/2016,MadRat Games,Technology,Wearable Gaming Platform,Bangalore,"Ratan Tata, Bhavish Aggarwal, Ankit Bhati, Binny Bansal, Girish Mathrubootham",Seed Funding,,N/A
1596,11/6/2016,Jazzmyride,eCommerce,Auto Parts & Accessories eTailer,New Delhi,TVS Automobile Solutions Ltd,Private Equity Funding,,N/A
1597,11/6/2016,AutoSense,Technology,Data Analytics based Customer Management Services,New Delhi,TVS Automobile Solutions Ltd,Private Equity Funding,,N/A
1598,11/6/2016,Redsun Telematics,Consumer Internet,Internet of Things Platform,Chennai,TVS Automobile Solutions Ltd,Private Equity Funding,,N/A
1599,6/13/2016,KhanaGadi,Consumer Internet,Online Food Delivery for Train Travelers,Jaipur,50K Ventures,Seed Funding,,N/A
1600,6/13/2016,Bombay Shirt Company,eCommerce,Online custom Shirt retailer,Mumbai,undisclosed investor,Private Equity Funding,"10,00,000",N/A
1601,6/13/2016,Matrubharti,Consumer Internet,e-Book Publisher,N/A,Viridian Capital,Seed Funding,"$30,000.00",N/A
1602,6/14/2016,EdTechReview,Consumer Internet,Education based online portal,New Delhi,EVC Ventures,Seed Funding,,N/A
1603,6/14/2016,Bonhomia,Food & Beverage,Premium Tea & Coffee Capsules maker,New Delhi,Valpro Capital and existing investors,Private Equity Funding,,N/A
1604,6/14/2016,Gobolt,Logistics,B2B Logistics provider,New Delhi,MCube8,Seed Funding,,N/A
1605,6/14/2016,Jivox,Technology,Data Driven Advertising platform,Bangalore,"You & Mr Jones, Fortisure Ventures, Diaz Nesamoney",Private Equity Funding,"60,00,000",N/A
1606,6/14/2016,Sminq,Consumer Internet,Queue management Mobile app,Pune,"Saama Capital, Blume Ventures & Vaibhav Domkundwar",Seed Funding,"10,00,000",N/A
1607,6/14/2016,CureJoy,Consumer Internet,Online Alternative health community platform,Bangalore,Accel Partners India,Private Equity Funding,"44,00,000",N/A
1608,6/15/2016,Oneway.cab,Consumer Internet,Taxi Rental Platform,Vadodara,Indian Angel Network,Seed Funding,"4,50,000",N/A
1609,6/15/2016,GrabOnRent,eCommerce,On-demand product rental marketplace,Bangalore,IvyCap Ventures and Unicorn India Ventures,Private Equity Funding,,N/A
1610,6/16/2016,Diro Labs,Consumer Internet,Contact Management Mobile App,New Delhi,Info Edge (India) Ltd,Private Equity Funding,"4,50,000",N/A
1611,6/16/2016,Unnati Helpers,Consumer Internet,Help Hiring Platform,Gurgaon,Info Edge (India) Ltd,Private Equity Funding,"6,00,000",N/A
1612,6/16/2016,Athletto,Consumer Internet,Sports Venue discovery and booking platform,Bangalore,Atul Ingle,Seed Funding,,N/A
1613,6/16/2016,Saavn,Consumer Internet,Web/Mobile Music Streaming service,USA,Guy Oseary,Private Equity Funding,,N/A
1614,6/16/2016,Voonik,eCommerce,Online Women\\xe2\\x80\\x99s Fashion Marketplace,Bangalore,Sequoia Capital,Private Equity Funding,"2,00,00,000",N/A
1615,6/16/2016,ThinkPhi,Technology,Sustainable Green Tech Solution developer,Mumbai,Nimmagadda Prasad,Seed Funding,,N/A
1616,6/17/2016,Cleartax,Consumer Internet,Online Tax Filing Platform,New Delhi,"Ravi Adusumalli, SAIF Partners",Private Equity Funding,"1,20,00,000",N/A
1617,6/17/2016,Silvan Innovation Labs,Technology,Home Automation Solutions,Bangalore,Infuse Ventures,Private Equity Funding,"9,00,000",N/A
1618,6/17/2016,GreytHR,Technology,Payroll & HR Software Developer,Bangalore,"New Enterprise Associates (NEA), Blume Ventures",Private Equity Funding,"52,00,000",N/A
1619,6/17/2016,Duffl,eCommerce,Fashion Rental Marketplace,Bangalore,BetOnIndia Technology Pvt Ltd,Seed Funding,,N/A
1620,6/17/2016,BYG,Consumer Internet,Fitness centre Discovery & Booking Mobile app,Bangalore,"Sanjay Verma, Amit Khanna (LetsVenture)",Seed Funding,,N/A
1621,6/20/2016,Dipper,eCommerce,Freight Logistics Marketplace,New Delhi,Undisclosed investor,Seed Funding,,N/A
1622,6/20/2016,Qonfuse,Consumer Internet,Online Test Papers for competitive exams,New Delhi,Hamraj Kumar,Seed Funding,,N/A
1623,6/20/2016,The Indian IRIS,Consumer Internet,Govt Policy Research & Information portal,Ahmedabad,Timbru Ventures,Seed Funding,,N/A
1624,6/21/2016,Onspoon,Consumer Internet,Online Platform for Event Sponsorship,Mumbai,Swan Angel Network,Seed Funding,"1,50,000",N/A
1625,6/21/2016,REstate,Consumer Internet,Real Estate Platform,Bangalore,Idein Ventures,Seed Funding,,N/A
1626,6/21/2016,Cleartrip,Consumer Internet,Online Travel Agency,Mumbai,"Concur Technologies, Gund Investment",Private Equity Funding,,N/A
1627,6/21/2016,ProcMart,Consumer Internet,Online Procurement Marketplace,Noida,IndiaMart,Private Equity Funding,,N/A
1628,6/21/2016,Celerix,Technology,Fintech Product Development & Services Startup,Bangalore,Bitkemy Ventures,Seed Funding,"4,00,000",N/A
1629,6/21/2016,NatureNama,Consumer Internet,Online Outdoors & travel,Mumbai,Unicorn Venture,Seed Funding,"2,25,000",N/A
1630,6/21/2016,CyclopsMedtech,Technology,Medical Technology Provider,Bangalore,CP Bothra,Seed Funding,,N/A
1631,6/21/2016,Syona Cosmetics,FMCG,Beauty Products & Training to Salons & Spas,Chennai,The Chennai Angels,Seed Funding,"1,50,000",N/A
1632,6/21/2016,PrettySecrets,eCommerce,Women Lingerie Store,Mumbai,"RB Investments PTE Ltd, Orios Venture Partners",Private Equity Funding,"60,00,000",N/A
1633,6/22/2016,SpiderG,Consumer Internet,Online invoice app for SMEs,Pune,"Rahul Kirloskar, Fusion Tech Ventures, Adi Saravanan, Pravin Dongre, Mahendra Doshi",Seed Funding,"1,50,000",N/A
1634,6/23/2016,FarEye,Technology,Logistics Management Software,New Delhi,Saif Partners,Private Equity Funding,"35,00,000",N/A
1635,6/23/2016,The Uolo,Consumer Internet,School Parent Communication App,Bangalore,"Purvi Ventures, Rajul Garg, Vipin Arora",Seed Funding,"2,10,000",N/A
1636,6/23/2016,Staqu,Technology,Artificial Intelligence based search platform,Gurgaon,Indian Angel Network,Seed Funding,,N/A
1637,6/23/2016,Padhopadhao,Consumer Internet,Home Tutors search & Discovery,New Delhi,Rise India,Private Equity Funding,,N/A
1638,6/24/2016,Drivify,Consumer Internet,Professional Driver discovery & Booking Mobile app,Mumbai,"Jitendra Gupta, Pankaj Tripathi",Seed Funding,"$50,000.00",N/A
1639,6/24/2016,PratiLipi,Consumer Internet,Multi-Lingual self-publishing platform,Bangalore,Nexus Venture Partners,Seed Funding,,N/A
1640,6/24/2016,ParaBlu,Technology,Cloud Data Security & Privacy Solutions,Bangalore,Kalaari Capital,Seed Funding,"5,00,000",N/A
1641,6/24/2016,Schedulers Logistics,Logistics,Cold Storage Logistics solutions,Mumbai,GVFL,Private Equity Funding,"60,00,000",N/A
1642,6/24/2016,LEAP India,Others,Supply Chain Equipment & Services provider,Mumbai,Mayfield Ventures,Private Equity Funding,"30,00,000",N/A
1643,6/24/2016,KabadiExpress,Others,Free Door Step Scrap Pickup Service,New Delhi,Undisclosed investor,Seed Funding,"1,48,000",N/A
1644,6/27/2016,YourDost,Consumer Internet,Online counselling & Personal coaching platform,Bangalore,"SAIF Partners, Aprameya Radhakrishnan, Phanindra Sama, Subba Rao Telidevara, Vibhu Garg, Paula Ravindra Mariwala, Gaurav Bhalotia",Seed Funding,"12,00,000",N/A
1645,6/27/2016,Gomalon,Consumer Internet,Online Spa & Salon discovery & Booking platform,Bangalore,Undisclosed investor,Seed Funding,"1,00,000",N/A
1646,6/27/2016,Voler Cars,Consumer Internet,Self-Driven Car rental platform,New Delhi,"Kanodia family, Amit Banka",Seed Funding,,N/A
1647,6/27/2016,Travelyaari,Consumer Internet,Online ticket booking platform,Bangalore,GVFL Ltd,Private Equity Funding,"30,00,000",N/A
1648,6/28/2016,FabHotels,Consumer Internet,Online Hotel aggregator & Booking platform,Gurgaon,"Accel Partners, RB Investments",Private Equity Funding,"80,00,000",N/A
1649,6/28/2016,Locanix,Technology,GPS based SaaS Solutions,Ahmedabad,Undisclosed investors,Seed Funding,"3,00,000",N/A
1650,6/28/2016,LendingKart,Consumer Internet,Online Working Capital Business Loans Platform,Ahmedabad,"Bertelsmann India Investments, Mayfield India, Saama Capital, India Quotient",Private Equity Funding,"3,20,00,000",N/A
1651,6/28/2016,Hello Tax,Consumer Internet,Online Tax Filing Platform,New Delhi,Sanjeev Sinha,Seed Funding,"2,95,000",N/A
1652,6/28/2016,MySuperBrain,Consumer Internet,Online Talent Discovery Platform for Kids,Hyderabad,Soniks Consulting,Seed Funding,,N/A
1653,6/28/2016,BlogBeats,Consumer Internet,Online Blogging Platform,Bangalore,Undisclosed Investor,Seed Funding,,N/A
1654,6/29/2016,LetReach,eCommerce,ECommerce SAAS Solutions,New Delhi,vCommission,Private Equity Funding,"1,00,000",N/A
1655,6/29/2016,TrendieApp,Technology,Visual Content Marketing,Kolkata,Harsh Vardhan Hada,Seed Funding,"$50,000.00",N/A
1656,6/29/2016,ImpactGuru,Consumer Internet,Crowdfunding Platform,Mumbai,Piyush Jain,Seed Funding,,N/A
1657,6/29/2016,Velvetcase,eCommerce,Online designer jewellery marketplace,Mumbai,"Uniqorn Ventures Fund, TV Mohandas Pai, S Somasegar",Private Equity Funding,"15,00,000",N/A
1658,6/30/2016,Meru Cabs,Consumer Internet,Online/ Mobile Tax Cab booking,Mumbai,Brand Capital,Private Equity Funding,"2,50,00,000",N/A
1659,6/30/2016,Campus Diaries,Consumer Internet,Student focussed Content Discovery portal,Bangalore,Aarin Capital,Seed Funding,"2,20,000",N/A
1660,6/30/2016,Scripbox,Consumer Internet,Online Mutual Fund Investment platform,Bangalore,"Omidyar Network, Accel Partners & existing investors",Private Equity Funding,,N/A
1661,6/30/2016,Biryani Blues,Food & Beverage,QSR Chain,Gurgaon,Carpediem Capital & Others,Private Equity Funding,"3,68,000",N/A
1662,1/5/2016,MotoMojo,Consumer Internet,Mobile based Vehicle maintenance App,Mumbai,"Niloufer Dundh, Fauzan Rahim, Balamurugan Mani,",Seed Funding,,N/A
1663,1/5/2016,Get My Parking,Technology,Parking Technology Platform,New Delhi,The Chennai Angels,Seed Funding,"3,76,000",N/A
1664,1/5/2016,Prescribez,Consumer Internet,Health Service Aggregator Platform,Pune,Ankush Mehta,Seed Funding,"1,45,000",N/A
1665,2/5/2016,Airwood,Technology,Agri Data & Analytics Platform,Chennai,StartupXseed Ventures,Seed Funding,,N/A
1666,3/5/2016,Mobikwik,Consumer Internet,Mobile & Digital Wallet,Gurgaon,"GMO Payment Gateway, MediaTek",Private Equity Funding,"5,00,00,000",N/A
1667,3/5/2016,iDreamCareer,Consumer Internet,Career Planning Services Portal,New Delhi,Brand Capital,Private Equity Funding,,N/A
1668,3/5/2016,Zwayam,Consumer Internet,Online Recruitment Platform,Bangalore,Undisclosed investors,Seed Funding,"2,50,000",N/A
1669,3/5/2016,BoiBanit,Consumer Internet,Online Food Delivery platform,Vadodara,Undisclosed investors,Seed Funding,,N/A
1670,3/5/2016,Zuver,Consumer Internet,Car driver Discovery App,Mumbai,"Shruth & Smith Group, Hermes Group",Seed Funding,"1,80,000",N/A
1671,3/5/2016,Prepathon,Education,Competitive Exam learning platform,Mumbai,Blume Ventures,Private Equity Funding,,N/A
1672,4/5/2016,EasyRoads,Consumer Internet,Road Trip planning Mobile app,Mumbai,"Rohan Angrish, Hrishi Oberoi, Rahul Mehta, Kapil Hetamsaria, Pranav Dedhia",Seed Funding,"2,00,000",N/A
1673,4/5/2016,Lenskart,eCommerce,Eyewear & Accessories etailer,New Delhi,"International Finance Corp, TPG Growth, Adveq Management, IDG Ventures, Ratan Tata, Kris Gopalakrishnan",Private Equity Funding,"6,00,00,000",N/A
1674,4/5/2016,Seclore,Technology,Enterprise Security Technology platform,Mumbai,"Sistema Asia Fund, Helion Venture, VentureEast, India Alternatives",Private Equity Funding,"1,20,00,000",N/A
1675,4/5/2016,SolarTown,Technology,Solar Rooftop system installation company,Chennai,Grex.in,Seed Funding,"2,00,000",N/A
1676,4/5/2016,Comarete,Technology,Telecom & Media IT services company,Pune,Grex.in,Seed Funding,"2,00,000",N/A
1677,4/5/2016,MyDentistChoice,eCommerce,Medical Supplies eTailer,Hyderabad,Undisclosed investors,Seed Funding,"1,50,000",N/A
1678,4/5/2016,Active.ai,Technology,Intelligent Tech platform for Finance vertical,Singapore,Kalaari Capital Accelerator Program,Seed Funding,"5,00,000",N/A
1679,4/5/2016,Affordplan,Technology,Affordable non-emergency medical service health plans,New Delhi,Kalaari Capital Accelerator Program,Seed Funding,"5,00,000",N/A
1680,4/5/2016,Indee,Consumer Internet,Web Video Streaming Platform,Bangalore,Kalaari Capital Accelerator Program,Seed Funding,"5,00,000",N/A
1681,5/5/2016,Unbxd,Technology,eCommerce product discovery software,New Delhi,"IDG Ventures, Inventus Capital, Indian Angel Network",Private Equity Funding,,N/A
1682,5/5/2016,WebAlligator,Consumer Internet,Cloud Based Software Solutions,Bangalore,Group of undisclosed Angel Investors & HNIs,Seed Funding,"3,75,000",N/A
1683,6/5/2016,EduAce Services,Education,Education Workshops & mentoring programs,Lucknow,MoMagic Technologies,Private Equity Funding,"10,00,000",N/A
1684,6/5/2016,Meesho,eCommerce,Social commerce platform,Bangalore,Rajul Garg & Others,Seed Funding,,N/A
1685,7/5/2016,Zebroads,Logistics,Logistics and Warehousing services,Hyderabad,Undisclosed investors,Seed Funding,"$75,000.00",N/A
1686,9/5/2016,Locus,Technology,Logistics Intelligence platform,Bangalore,"Exfinity Venture Partners, Blume Ventures, BeeNext, Rajesh Ranavat",Private Equity Funding,"27,50,000",N/A
1687,9/5/2016,Toko Innovations,Consumer Internet,Children\\xe2\\x80\\x99s Entertainment Portal,Bangalore,"Roopak Saluja, Vishal Khare",Seed Funding,"4,50,000",N/A
1688,9/5/2016,Rentickle,eCommerce,"Furniture, appliances Portal",New Delhi,"Manish Kheterpal, Vinay Mittal, Dinesh Mittal, Sandeep Gupta",Seed Funding,"2,50,000",N/A
1689,10/5/2016,HealthifyMe,Consumer Internet,Health & Fitness App,Bangalore,"IDG Ventures India, Inventus Capital, Blume Ventures",Private Equity Funding,"60,00,000",N/A
1690,10/5/2016,Zarget,Consumer Internet,Conversion Rate Optimization Platform,Chennai,"Accel Partners, Matrix Partners, Girish Mathrubootham",Private Equity Funding,"15,00,000",N/A
1691,10/5/2016,InnoNano Research,Technology,Clean Water Technology,Chennai,NanoHoldings,Private Equity Funding,"1,80,00,000",N/A
1692,10/5/2016,SchoolWear,eCommerce,School Uniform & Supplies Marketplace,Mumbai,Undisclosed investors,Seed Funding,"15,00,000",N/A
1693,10/5/2016,Swiggy,Consumer Internet,Food Delivery Platform,Bangalore,"Norwest Venture Partners, DST Global, Accel Partners",Private Equity Funding,"70,00,000",N/A
1694,11/5/2016,Zenify,Consumer Internet,Home rental Discovery & Booking Portal,Bangalore,Undisclosed Investors,Private Equity Funding,"9,00,000",N/A
1695,11/5/2016,Faircent,Consumer Internet,Online Peer to Peer Lending platform,Gurgaon,"JM Financial Products Ltd, Arun Tadanki, Doreswamy Nandkishore, Kshitij Jain",Private Equity Funding,,N/A
1696,11/5/2016,Fractal Analytics,Technology,Data Analytics Company,Mumbai,Khazanah Nasional Berhad,Private Equity Funding,"10,00,00,000",N/A
1697,12/5/2016,Unacademy,Consumer Internet,Free Online Education Platform,Bangalore,"Blume Ventures, Rajan Anandan, Sumit Jain, Aprameya Radhakrishna, Sujeet Kumar, Phanindra Sama",Seed Funding,"5,00,000",N/A
1698,12/5/2016,Capital Float,Consumer Internet,Online Lending Platform,Bangalore,"Creation Investments Capital Management, SAIF Partners, Sequoia Capital, Aspada Ventures",Private Equity Funding,"2,50,00,000",N/A
1699,12/5/2016,Life Circle,Healthcare,Senior Healthcare Services,Hyderabad,GROUPE SOS,Private Equity Funding,"1,50,000",N/A
1700,12/5/2016,Dream Wallets,Consumer Internet,Online Crowdfunding platform,Jaipur,"Rakesh Gupta, Aditya Aggarwal, Siddharth Banerjee, Vikas Ranjan, Anshul Jindal, Sunil Koul, and Sanjeev Agrawal",Seed Funding,,N/A
1701,12/5/2016,ShabdNagari,Consumer Internet,Hindi social networking portal,Kanpur,ah! Ventures,Seed Funding,,N/A
1702,12/5/2016,Galleri5,Consumer Internet,Visual Content Discovery platform,Bangalore,"Phanindra Sama, Raghunandan G,",Seed Funding,,N/A
1703,12/5/2016,Derbii,Logistics,Carpooling Services,Gurgaon,Anurag Chauhan,Seed Funding,,N/A
1704,5/13/2016,StayZilla,Consumer Internet,Budget Room Aggregator Booking platform,Chennai,"Matrix Partners, Nexus Ventures",Private Equity Funding,"1,35,00,000",N/A
1705,5/13/2016,WoW Express,Logistics,E-Commerce Logistics Solutions,Mumbai,Undisclosed Investors & Tamarind Family Private Trust,Private Equity Funding,"22,00,000",N/A
1706,5/16/2016,Smartivity,eCommerce,Smart Learning products,Delhi,"S Chand, AdvantEdge Partners",Private Equity Funding,"10,00,000",N/A
1707,5/16/2016,BedBathMore,Consumer Internet,Home Decor eMarketplace,Mumbai,"Kinnevik Group, Rocket Internet",Private Equity Funding,,N/A
1708,5/17/2016,Murgency,Consumer Internet,Medical Emergency Response App,Mumbai,Rata Tata,Private Equity Funding,,N/A
1709,5/17/2016,Crownit,Consumer Internet,Mobile customer rewards management platform,Gurgaon,"Undisclosed investors, Accel Partners, Helion Venture Partners",Private Equity Funding,,N/A
1710,5/17/2016,Blinge,eCommerce,Apparel Rental platform,Mumbai,"Anupam Mittal, Anuj Srivastava, Ankit Nagori",Seed Funding,,N/A
1711,5/18/2016,TheSmartQ,Consumer Internet,Food Ordering Mobile App,Bangalore,YourNest Angel Fund,Seed Funding,"2,50,000",N/A
1712,5/18/2016,PurpleHealth,Consumer Internet,Online health-on-demand platform,Trivandrum,Katabole Technology Venture,Seed Funding,"1,00,000",N/A
1713,5/18/2016,Fundamentor,Education,Aptitude Development Program,Pune,Subramanya SV,Seed Funding,,N/A
1714,5/18/2016,EduPristine,Education,Online Certification Courses,Mumbai,"Kaizen Management Advisors, DeVry Inc",Private Equity Funding,"1,00,00,000",N/A
1715,5/18/2016,BhiveWorkspace,Reality,Co-Working Spaces,Bangalore,Blume Ventures,Private Equity Funding,"10,00,000",N/A
1716,5/18/2016,Parentlane,Consumer Internet,Parenting & Child Care app,Bangalore,"Sujeet Kumar, Aprameya, Sumit Jain, Subramanya Venkat, Venk, Ravi Machani, Hitesh Gupta, Rohit Choudhary",Seed Funding,,N/A
1717,5/19/2016,Appie,Consumer Internet,Location-based offline retail discovery platform,Mumbai,Undisclosed investors,Seed Funding,"10,00,000",N/A
1718,5/19/2016,Niki.ai,Technology,Artificial Intelligence Platform,Bangalore,Ratan Tata,Private Equity Funding,,N/A
1719,5/19/2016,TaxiVaxi,Consumer Internet,Cab Aggregating Platform,New Delhi,Undisclosed HNIs,Seed Funding,"5,00,000",N/A
1720,5/19/2016,Veqta,Consumer Internet,On Demand Digital Sports Network,New Delhi,"Chatsworth Management, ITW Digital",Seed Funding,"5,00,000",N/A
1721,5/20/2016,i2ifunding,Consumer Internet,Online Peer to Peer Funding,Noida,Undisclosed Investors,Seed Funding,"3,00,000",N/A
1722,5/23/2016,EduRev,Consumer Internet,Online Learning Platform,Gurgaon,Pradeep Reddy Kamasan,Seed Funding,,N/A
1723,5/23/2016,Hoppingo,Consumer Internet,Fashion Discovery platform,New Delhi,vCommission,Seed Funding,"$89,000.00",N/A
1724,5/24/2016,Eatonomist,Consumer Internet,Food Delivery Platform,Gurgaon,MCube Capital Advisors Pvt Ltd,Seed Funding,,N/A
1725,5/24/2016,Goalwise,Consumer Internet,Online investment platform,Bangalore,Undisclosed HNIs,Seed Funding,"10,00,000",N/A
1726,5/25/2016,Roast,Consumer Internet,Mobile entertainment App,New Delhi,Indian Angel Network,Seed Funding,,N/A
1727,5/25/2016,Address Health,Healthcare,Pediatric Primary Healthcare Network,Bangalore,Gray Matters Capital,Private Equity Funding,"15,00,000",N/A
1728,5/25/2016,Arcatron Mobility,Technology,Mobility Devices for differently abled,Pune,Sudhir Mehta,Seed Funding,"1,00,000",N/A
1729,5/25/2016,SheThePeople,Consumer Internet,Digital platform for Women,New Delhi,Anand Mahindra,Seed Funding,,N/A
1730,5/26/2016,Cleartax,Consumer Internet,Online Income Tax Filing platform,Bangalore,"FF Angel, Sequoia Capital",Private Equity Funding,"20,00,000",N/A
1731,5/26/2016,Consure Medical,Healthcare,Medical Devices Kit manufacturer,New Delhi,"Accel Partners, Indian Angel Network, India Innovation Fund India Venture Partners",Private Equity Funding,,N/A
1732,5/26/2016,mChamp,Consumer Internet,Celebrity Entertainment Contest App,New Delhi,MoMagic Technologies,Seed Funding,"4,75,000",N/A
1733,5/27/2016,Pianta,Consumer Internet,Online healthcare service discovery platform,Bangalore,"Kunal Shah, Sandeep Tandon",Seed Funding,,N/A
1734,5/30/2016,Vahanalytics,Technology,Safe driving Analytics platform,Mumbai,"Anirudh Damani, Vikram Lakhotia",Seed Funding,"2,00,000",N/A
1735,5/31/2016,Play Your Sport,Consumer Internet,Location based Sports & Fitness Discovery App,New Delhi,Ashish Gupta and other undisclosed investors,Seed Funding,,N/A
1736,5/31/2016,Koovs,eCommerce,Apparel & Lifestyle eTailer,New Delhi,HT Media Ltd,Private Equity Funding,"44,00,000",N/A
1737,5/31/2016,CCavenue,Consumer Internet,Payment Gateway,Mumbai,NSI Infinium Global Pvt. Ltd,Private Equity Funding,"89,00,000",N/A
1738,5/31/2016,1mg,eCommerce,Online Pharmacy,Gurgaon,HBM Healthcare Investments,Private Equity Funding,,N/A
1739,5/31/2016,Tpot,Food & Beverage,QSR Chain,Gurgaon,Ashish Gupta,Seed Funding,,N/A
1740,5/31/2016,MachaDalo,Consumer Internet,Hyperlocal Advertising Platform,Mumbai,Undisclosed Investors,Seed Funding,"1,75,000",N/A
1741,1/4/2016,Dil Mil,Consumer Internet,Matchmaking Mobile App,SFO / Bangalore,"Nelstone Ventures, Transmedia Capital, Maiden Lane Ventures, CSC Upshot & Angel investors",Private Equity Funding,"27,00,000",N/A
1742,1/4/2016,PicsDream,Consumer Internet,Online Marketplace for Photographers,Delhi,Raman Roy,Seed Funding,,N/A
1743,1/4/2016,Process 9,Consumer Internet,online translation and transliteration,Gurgaon,"Indian Angel Network, Alok Sharma, Kris Gopalakrishnan, Saurabh Srivastava, and Ajai Chowdhry",Seed Funding,,N/A
1744,4/4/2016,Housing,Consumer Internet,Real Estate Portal,Mumbai,Vineet Singh,Private Equity Funding,,N/A
1745,4/4/2016,Roll Mafia,Food & Beverage,Rolls & Biryanis QSR chain,Pune,Equentia Natural Resource & Other undisclosed investors,Seed Funding,,N/A
1746,4/4/2016,Hungama,Consumer Internet,Digital Media Entertainment Portal,Mumbai,Xiaomi Inc,Private Equity Funding,"2,50,00,000",N/A
1747,4/4/2016,Highway Delite,Consumer Internet,Various Highway Help Services,Bangalore,N.S. Raghavan Centre for Entrepreneurial Learning,Seed Funding,,N/A
1748,5/4/2016,Cult Fitness,Healthcare,Healthcare training programs,Bangalore,Mukesh Bansal,Seed Funding,,N/A
1749,5/4/2016,Haptik,Technology,Personal Assistant App,Mumbai,Times Internet Ltd,Private Equity Funding,,N/A
1750,5/4/2016,Servify,Consumer Internet,Gadget & Appliances Service App,Mumbai,"Blume Ventures, Barkawi Holdings GmbH, TM Service Technology Holdings GmbH",Private Equity Funding,,N/A
1751,6/4/2016,Shipsy,Logistics,Logistics Solutions,Gurgaon,DTDC Express Ltd,Private Equity Funding,"10,00,000",N/A
1752,6/4/2016,gear6,Consumer Internet,Online bike service and repairs platform,Bangalore,Ninestarter,Seed Funding,"5,00,000",N/A
1753,6/4/2016,MyGlamm,Consumer Internet,Mobile based on-demand Beauty Services platform,Mumbai,L\\xe2\\x80\\x99Occitane,Private Equity Funding,"60,00,000",N/A
1754,6/4/2016,Petoo,Consumer Internet,Online Food Delivery Platform,Bangalore,Axilor Ventures,Private Equity Funding,"10,00,000",N/A
1755,7/4/2016,Truly Social,Consumer Internet,Mobile Gaming Studio,London,Nazara Technologies Pvt Ltd,Private Equity Funding,,N/A
1756,8/4/2016,Little Black Book,Consumer Internet,"Curated Food, event & Lifestyle guide",New Delhi,"IDG, Indian Angel Network",Seed Funding,,N/A
1757,8/4/2016,Vahan,Education,Mobile Education Platform,Chennai,Villgro,Seed Funding,,N/A
1758,8/4/2016,imedilane,Consumer Internet,Online Health Diagnosis platform,New Delhi,"Mahendra Patel, Nilender Chauhan",Seed Funding,"$40,000.00",N/A
1759,11/4/2016,Living Local,Consumer Internet,Social discovery platform,Mumbai,Rattan Chadha,Seed Funding,"2,00,000",N/A
1760,11/4/2016,Vegfru,eCommerce,Online Fruit & Vegetable Marketplace,New Delhi,Wingify,Seed Funding,,N/A
1761,11/4/2016,Oyo,Consumer Internet,Online Branded Budget Room Booking Service,New Delhi,"Softbank, Sequoia Capital, Lightspeed Venture Partners, Greenoaks Capital, DSG Consumer Partners and Venture Nursery",Private Equity Funding,"10,00,00,000",N/A
1762,11/4/2016,PriceRaja,Consumer Internet,Price Comparison Portal,Gurgaon,Prashant Puri,Seed Funding,"3,00,000",N/A
1763,12/4/2016,MagicX,Consumer Internet,On-Demand Task Management App,Bangalore,"Kris Gopalakrishnan, Dr. Ranjan Pai",Seed Funding,"10,00,000",N/A
1764,12/4/2016,Happydemic,Consumer Internet,Artist Discovery & Booking platform,Mumbai,Shaan,Seed Funding,,N/A
1765,12/4/2016,LenDenClub,Finance,Peer-to-Peer Lending Platform,Mumbai,"Anirudh Damani, Daud Ali, Narendra Karnavat, Vikas Kapoor, Vikram Lakhotia, Krishna Jhunjhunwaala, Jayesh Shah",Seed Funding,,N/A
1766,12/4/2016,Indi.com,Consumer Internet,Video Social Network,N/A,Anil Kapoor,Seed Funding,,N/A
1767,4/13/2016,Legalraasta,Consumer Internet,Online legal Services for Startups,New Delhi,"Pravin Khandelwal, Yatin Kumar Jain",Seed Funding,"10,00,000",N/A
1768,4/13/2016,RainCan,Consumer Internet,Subscription-based grocery delivery Mobile App,Pune,Dr. Aniruddha Malpani,Seed Funding,"1,50,000",N/A
1769,4/13/2016,Hippily,eCommerce,Fashion ECommerce App,Mumbai,"Dr. Sridhar Ramaswamy, Rakesh Mathur",Seed Funding,"2,50,000",N/A
1770,4/13/2016,kredX,eCommerce,Invoice discounting Marketplace,Bangalore,"Prime Venture Partners,",Seed Funding,"7,50,000",N/A
1771,4/14/2016,Wedwise,Consumer Internet,Wedding related services community,New Delhi,StartUp Equity Partners,Seed Funding,,N/A
1772,4/14/2016,BeaconsTalk,Technology,contextual mobile advertising,Mumbai,"Rajeev Agrawal, Prashant Gooty",Seed Funding,"1,00,000",N/A
1773,4/15/2016,Deal 4Loans,Consumer Internet,Loan Comparison Portal,Noida,"Ram Shriram, Neeraj Arora, Puru Vashishtha",Seed Funding,,N/A
1774,4/15/2016,RenewBuy,Consumer Internet,Online Car & Bike Insurance Comparison portal,New Delhi,Mount Nathan Advisors,Seed Funding,"10,00,000",N/A
1775,4/15/2016,Blue Box Media,Consumer Internet,Online Tech Portals,Jaipur,"Mahavir Pratap Sharma, Ajay Data, Yogesh Chaudhary, Sanjay Phophaliya, Siddharth Agarwal, Kamal Kothari",Seed Funding,,N/A
1776,4/15/2016,Vyomo,Consumer Internet,On-Demand Beauty Service provider,New Delhi,Naturals Salon Chain,Private Equity Funding,"1,50,00,000",N/A
1777,4/15/2016,Organicshop,eCommerce,Marketplace for organic products,Jaipur,"Vivek Nathani, Yogesh Chaudhary, Mahavir Pratap Sharma, Kamal Kothari, H C Jain",Seed Funding,,N/A
1778,4/15/2016,MInd Your Fleet,Consumer Internet,Car Rental Software,Noida,Undisclosed Investors,Seed Funding,,N/A
1779,4/15/2016,NestAway,Consumer Internet,Furnished Home Rental Platform,Bangalore,Tiger Global,Private Equity Funding,"3,00,00,000",N/A
1780,4/15/2016,Tapchief,Consumer Internet,Expert Advice Platform,Bangalore,Vijay Shekhar Sharma,Seed Funding,"1,50,000",N/A
1781,4/18/2016,Rapido,Consumer Internet,Bike Aggregator App,Bangalore,"Pawan Munjal, AdvantEdge Partners, Astarc Ventures",Private Equity Funding,,N/A
1782,4/18/2016,Yufta,eCommerce,Women\\xe2\\x80\\x99s Fashion ECommerce Portal,Bangalore,Ajay Data & other HNIs,Seed Funding,,N/A
1783,4/18/2016,Smytten,eCommerce,Online Discovery and Shopping Platform,Gurgaon,Rajan Anandan,Seed Funding,,N/A
1784,4/18/2016,Houssup,Consumer Internet,interior design and home furnishing portal,Jaipur,"Mitin Patel, Gaurav Agarwal",Seed Funding,,N/A
1785,4/18/2016,Jugnoo,Consumer Internet,On-demand Delivery & Logistics platform,Chandigarh,Paytm & existing investors,Private Equity Funding,"1,00,00,000",N/A
1786,4/18/2016,Tork Motocycles,Auto,Electric Motorcycle Manufacturer,Pune,"Bhavish Aggarwal, Ankit Bhati",Seed Funding,,N/A
1787,4/19/2016,Betaout,eCommerce,customer intelligence and marketing automation platform,Noida,"Stanford Angels, LetsVenture, Chennai Angels, Hyderabad Angels, Mumbai Angels",Private Equity Funding,"15,00,000",N/A
1788,4/19/2016,DriversCart,Consumer Internet,on-demand chauffeur provider,Chennai,ah! Ventures,Seed Funding,"4,50,000",N/A
1789,4/19/2016,LensKart,eCommerce,Eyewear etailing platform,New Delhi,Ratan Tata,Private Equity Funding,,N/A
1790,4/19/2016,CollegeDekho,Consumer Internet,College & Student information platform,New Delhi,Man Capital,Private Equity Funding,"20,00,000",N/A
1791,4/19/2016,OYOfit,Consumer Internet,Fitness Services Aggregator platform,Bangalore,RN Agarwal,Seed Funding,,N/A
1792,4/19/2016,Oliveboard,Consumer Internet,Online exam practice & preparation platform,Bangalore,India Educational Investment Fund,Private Equity Funding,,N/A
1793,4/19/2016,Simplilearn,Consumer Internet,Online certification platform,Bangalore,Brand Capital,Private Equity Funding,,N/A
1794,4/20/2016,1mg,eCommerce,Online Pharmacy,Gurgaon,"Maverick Capital Ventures, Sequoia Capital, Omidyar Network",Private Equity Funding,"1,50,00,000",N/A
1795,4/20/2016,Fashalot,Consumer Internet,Fashion and Store discovery mobile app,New Delhi,"YourNest Angel Fund, Rajul Garg",Seed Funding,,N/A
1796,4/20/2016,Broomberg,Consumer Internet,Cleaning Services Provider,New Delhi,Undisclosed Angel investors & HNIs,Seed Funding,,N/A
1797,4/21/2016,m.paani,Consumer Internet,Loyalty rewards platform,Mumbai,"Blume Ventures, Adil Allana, Aprameya Radhakrishna, Gautam Ivatury, Signal Point Partners",Seed Funding,,N/A
1798,4/21/2016,Yufta,eCommerce,hyperlocal fashion retail platform,Jaipur,Ajay Data & undisclosed HNIs,Seed Funding,,N/A
1799,4/21/2016,mishTag,Consumer Internet,"Style, Fashion Discovery Mobile app",New Delhi,"M&Y Partners, SVG Media, Anthil Ventures & others",Seed Funding,,N/A
1800,4/21/2016,Advanced Structures India,Auto,Automotive Design and Engineering company,Bangalore,GirnarSoft,Private Equity Funding,,N/A
1801,4/22/2016,Licious,eCommerce,Mobile based Meat ordering App,Bangalore,Mayfield India II Management Ltd,Private Equity Funding,"30,00,000",N/A
1802,4/22/2016,Knolskae,Consumer Internet,Educational Gamification & Simulation platform,Bangalore,"Inventus Capital Partners, HR Fund",Private Equity Funding,,N/A
1803,4/22/2016,Druva,Technology,Converged Backup & Data Protection Solutions for Enterprises,Pune,"NTT Finance, Telephone Corporation",Private Equity Funding,,N/A
1804,4/22/2016,TOKO Innovation Studios,Consumer Internet,Children\xe2\x80\x99s Entertainment Games & Products,New Delhi,Indian Angel network,Seed Funding,"4,50,000",N/A
1805,4/25/2016,Commut,Consumer Internet,Shuttle Service Provider,Hyderabad,50K Ventures,Seed Funding,"2,00,000",N/A
1806,4/25/2016,intouchapp,Consumer Internet,Contact Management Mobile App,Pune,Blume Ventures,Seed Funding,,N/A
1807,4/25/2016,Dropkaffe,Food & Beverage,Ready-to-Drink Beverage Producer,Bangalore,"GrowthStory, Apurva Salapuria, Hitesh Oberoi, Sidharth Pansari, Nirupa Shankar",Seed Funding,"5,50,000",N/A
1808,4/26/2016,Transerv,Consumer Internet,Digital Payments platform,Mumbai,"IDFC SPICE Fund, Micromax Informatics",Private Equity Funding,"1,50,00,000",N/A
1809,4/26/2016,ClearTax,Consumer Internet,Online filing of Tax returns,Bangalore,"Max Levchin, Scott Banister",Private Equity Funding,"13,00,000",N/A
1810,4/26/2016,Roposo,eCommerce,Social Fashion ECommerce Discovery platform,Gurgaon,Bertelsmann India Investments,Private Equity Funding,"1,50,00,000",N/A
1811,4/27/2016,MilkBasket,Consumer Internet,Micro Grocery Delivery Platform,Gurgaon,EVC Ventures,Seed Funding,"5,00,000",N/A
1812,4/27/2016,CareonGO,Consumer Internet,Online Pharmacy,N/A,"Farooq Oomerbhoy, Anupam Mittal, Anand Mittal, Ravi Garikipati, Vibhu Garg, Singapore Angel Network, Konglo Ventures",Seed Funding,,N/A
1813,4/27/2016,RailYatri,Consumer Internet,Train Related Information portal,Noida,"Nandan Nilekani, Helion Ventures, Omidyar Networks, Blume Ventures",Private Equity Funding,,N/A
1814,4/27/2016,ICHR,Consumer Internet,Mobile based Children health Information app,New Delhi,Undisclosed,Seed Funding,"4,50,000",N/A
1815,4/27/2016,Murgency,Consumer Internet,Medical Emergency Response App,Mumbai,Axilor Ventures,Private Equity Funding,,N/A
1816,4/28/2016,The Wedding Brigade,Consumer Internet,Online Wedding Information Portal,Mumbai,Blume Ventures & Other unnamed Investors,Seed Funding,"6,00,000",N/A
1817,4/28/2016,DocsApp,Consumer Internet,Online Doctor Discovery & Chat platform,Bangalore,"Rebright Partners, Anand Rajaraman, Venky Harinarayan",Private Equity Funding,"12,00,000",N/A
1818,4/29/2016,Impact Guru,Consumer Internet,Online Crowdfunding platform for NGOs & Social Projects,Mumbai,"RB Investments, Fundnel",Seed Funding,"5,00,000",N/A
1819,4/29/2016,LetReach,eCommerce,ECommerce SAAS Solutions,New Delhi,vCommission,Private Equity Funding,"1,00,000",N/A
1820,1/3/2016,DriveU,Consumer Internet,Chauffeurs Discovery for private car owners,Bangalore,Unitus Seed Fund,Seed Funding,,N/A
1821,1/3/2016,Gympik,Consumer Internet,"Fitness Centres, Gym Discovery online marketplace",Bangalore,RoundGlass Partners,Private Equity Funding,,N/A
1822,1/3/2016,Testbook,Consumer Internet,Online Test Preparation Platform,Mumbai,S Chand & Co,Private Equity Funding,,N/A
1823,1/3/2016,IQlect,Technology,Big Data Analytics Platform,Bangalore,"Lip-Bu Tan, Michael Marks, Nicolas Braithwaite",Private Equity Funding,,N/A
1824,2/3/2016,MoMark,Consumer Internet,Mobile Wallet Aggregation platform,Noida,YourNest Angel Fund,Private Equity Funding,"6,00,000",N/A
1825,2/3/2016,Skedool,Consumer Internet,AI based Office Assistant Mobile App,Seattle / Bangalore,"Kludein LLC\\nPhanindra Sama, Narayan Ramachandran, Pranav Pai",Seed Funding,,N/A
1826,2/3/2016,Systemantics,Technology,Industrial robots maker,Bangalore,"Nandan Nilekani, Accel Partners",Private Equity Funding,"14,00,000",N/A
1827,3/3/2016,Vertuals,Technology,Audio Visual Digital Content creators for Brands,Mumbai,Dino Morea,Seed Funding,,N/A
1828,3/3/2016,Imarticus Learning,Education,Financial Services & Analytics Education Institute,Mumbai,"Blinc Advisors, Amit Nanavati, Tashwinder Singh, Taranjit Jaswal, Amit Khanna",Private Equity Funding,"10,00,000",N/A
1829,3/3/2016,Shouut,Consumer Internet,Social Discovery Mobile app,New Delhi,Undisclosed investor,Seed Funding,"5,00,000",N/A
1830,4/3/2016,TinyStep,Consumer Internet,Parenting Social Network Platform,Bangalore,Matt Glickman,Private Equity Funding,,N/A
1831,4/3/2016,Aahaa,ECommerce,Office Products Super Store,Chennai,"YourNest Angel Fund,",Private Equity Funding,"10,00,000",N/A
1832,4/3/2016,Arcatron Mobility,Technology,Smart wheelchair Design and Development,Pune,"Sudhir Mehta, Anoop Hingorani",Seed Funding,,N/A
1833,4/3/2016,FTCash,Consumer Internet,Mobile Payments Platform,Kolkata,IvyCap Ventures,Seed Funding,"1,50,000",N/A
1834,4/3/2016,Civilsdaily,Consumer Internet,Civil Services News Aggregator,New Delhi,Manoj Kumar & Other undisclosed investors,Seed Funding,,N/A
1835,4/3/2016,Zappka,Consumer Internet,Mobile App discovery and review platform,Gurgaon,"Daman Soni, Rajat Gupta & Others",Seed Funding,"1,00,000",N/A
1836,4/3/2016,Tarusa World,ECommerce,Handicraft products eTailer,Mumbai,Mohit Gulati,Seed Funding,,N/A
1837,4/3/2016,medECUBE,Healthcare,Healthcare related Services provider,Gurgaon,Artiman Ventures,Private Equity Funding,"40,00,000",N/A
1838,7/3/2016,N.O.W,Consumer Internet,Bike Taxi Service & Hyperlocal Delivery App,Noida,"Ruchirans Jaipuria, Anuj Sanghi",Seed Funding,"5,00,000",N/A
1839,7/3/2016,Ninjacart,ECommerce,B2B marketplace for Farmers & Retailers,Bangalore,"Accel Partners, Qualcomm Ventures, M&S Partners, Zop Smart",Private Equity Funding,"30,00,000",N/A
1840,7/3/2016,Reach,Consumer Internet,Cross Platform P2P file sharing mobile app,Bangalore,"Rebright Partners, Sol Primero, Sudhir Anandarao, Ankur Warikoo, Ankur Singla",Seed Funding,"5,00,000",N/A
1841,7/3/2016,Vanity Cube,Consumer Internet,Hyperlocal Beauty Services platform,New Delhi,Unicorn Ventures,Seed Funding,"2,50,000",N/A
1842,7/3/2016,Wooplr,ECommerce,Curated Fashion ECommerce portal,Bangalore,"Naveen Tewari, Abhay Singhal, Amit Gupta, Piyush Shah, Raghunandan G, Rajiv Mehta",Seed Funding,,N/A
1843,7/3/2016,Medidaili,Consumer Internet,Medical Support service platform,Bangalore,Undisclosed private investors,Seed Funding,"1,00,000",N/A
1844,8/3/2016,Finomena,Technology,Credit Worthiness Big Data Analytics,New Delhi,Matrix Partners India,Private Equity Funding,,N/A
1845,8/3/2016,Cookaroo,Consumer Internet,Food Delivery Platform,Bangalore,Vijay Krishna Yadav,Seed Funding,,N/A
1846,8/3/2016,vPhrase Analytics,Technology,AI based data analytics platform,Mumbai,"Apoorv Ranjan Sharma, Daud Ali and others",Seed Funding,,N/A
1847,8/3/2016,LoveCycles,Consumer Internet,Women\\xe2\\x80\\x99s health Tracker,Bangalore,Prime Venture Partners,Seed Funding,"7,50,000",N/A
1848,8/3/2016,Kartrocket,ECommerce,ECommerce SAAS platform,New Delhi,"Undisclosed Japanese investor, Bertelsmann India Investments, Nirvana Digital India Fund, Nirvana Digital Investment Holding Co Ltd, 500 Start-Ups",Private Equity Funding,"80,00,000",N/A
1849,8/3/2016,dunzo,Consumer Internet,Daily Task Management App,Bangalore,"Aspada Investment Advisors, Blume Ventures.",Seed Funding,"6,50,000",N/A
1850,9/3/2016,Indiamart,ECommerce,B2B Marketplace for SMBs,Noida,Amadeus Capital,Private Equity Funding,,N/A
1851,9/3/2016,SmartVizX,Technology,Virtual Reality Solutions,Noida,"Indian Angel Network, Stanford Angels, Entrepreneurs India",Seed Funding,"5,00,000",N/A
1852,9/3/2016,MyGubbi,Real Estate,Interior Design & Home D\\xc3\\xa9cor Solutions,Bangalore,"Vipul Parekh, ajesh K Murthy,",Seed Funding,"25,00,000",N/A
1853,9/3/2016,Nukkad Shops,Consumer Internet,Hyperlocal Grocery Delivery Service,Hyderabad,PurpleTalk Inc,Seed Funding,"10,00,000",N/A
1854,9/3/2016,Cloudacar,Consumer Internet,Carpooling Mobile App,Pune,"Amit Choudhary, Anuj Puri",Seed Funding,,N/A
1855,9/3/2016,Justride,Consumer Internet,Self Drive Car Rental,Mumbai,Dheeraj Jain & Other angel investors,Seed Funding,"4,00,000",N/A
1856,9/3/2016,Yana,Consumer Internet,Personal AI Transaction Engine App,Gurgaon,"Puneet Gupta,",Seed Funding,,N/A
1857,10/3/2016,Big Fish Ventures,Food & Beverage,premium dining lounges Chain,New Delhi,Undisclosed investors,Private Equity Funding,"1,11,00,000",N/A
1858,10/3/2016,Stylflip,ECommerce,Pre-Owned Fashion marketplace mobile app,Mumbai,"Raj Gala Shah, Zaheer Memon",Seed Funding,,N/A
1859,10/3/2016,Icertis,Technology,Contract Management Software Solutions platform,Pune/Seattle,"Ignition Partners, Greycroft Partners, Fidelity Growth Partners India",Private Equity Funding,"1,50,00,000",N/A
1860,10/3/2016,Supplified,ECommerce,Construction material eTailer,New Delhi,Mohit Goel,Seed Funding,"10,00,000",N/A
1861,11/3/2016,JollyFoodFellow,Technology,Food Related Marketing & Branding platform,Ahmedabad,Janak Parikh,Seed Funding,,N/A
1862,3/14/2016,PinkBlue,ECommerce,Medical Supplies eTailer,Bangalore,"Hari Krishna, Ajay Modani, Dr V Ravinder, Anirudh Rastogi, Abhishek Jain, Rakesh Gakhar, Rajeev Mudumba, Nagendra Prasad Bhanuprakash",Seed Funding,"2,23,608",N/A
1863,3/14/2016,TruckingCube,Logistics,"Domestic, Commercial, and Industrial Goods Movers",New Delhi,Agarwal Movers Group,Private Equity Funding,"1,49,00,000",N/A
1864,3/14/2016,eSwasthya,Consumer Internet,Online Medicine Delivery Aggregator,Ahmedabad,Hemang Sahani,Seed Funding,,N/A
1865,3/15/2016,FlipClass,Consumer Internet,Tutor Search Platform,Bangalore,"S Chand and Co Pvt Ltd, Blume Ventures",Private Equity Funding,"10,00,000",N/A
1866,3/15/2016,Proximit,Technology,Advertising Technology,Pune,Funding through 1Crowd platform,Seed Funding,"1,50,000",N/A
1867,3/15/2016,WithMe,Consumer Internet,Personalized Fashion App,Gurgaon,"Alex Kuruvilla, Pradeep Guha, Saket Dhankar, Rajan Pandhare",Seed Funding,"2,50,000",N/A
1868,3/16/2016,Gapoon,Consumer Internet,Hyperlocal Home Maintenance services,Bangalore,"Chandrashekar Tallapragada, Pankaj Kapoor",Seed Funding,"1,80,000",N/A
1869,3/16/2016,Avagmah,Consumer Internet,Online Education Portal,Bangalore,"Kris Gopalakrishnan, Atul Nishar",Seed Funding,,N/A
1870,3/16/2016,WorkIndia,Consumer Internet,Online Job Board,Mumbai,Beenext,Seed Funding,,N/A
1871,3/16/2016,Wealthy,Consumer Internet,Online Investment management portal,Bangalore,"Zishaan Hayath, Abhishek Goyal, Arjun and Rohan Malhotra, Harpreet Singh Grover, Gagan Dugal",Seed Funding,"2,50,000",N/A
1872,3/17/2016,Pramati,Healthcare,Specialized Patient Care platform,Noida,Undisclosed investors,Seed Funding,"2,00,000",N/A
1873,3/17/2016,Qlivery,Consumer Internet,Ondemand Concierge Service,Gurgaon,Swastika Company Ltd,Seed Funding,"2,30,000",N/A
1874,3/17/2016,HealthEnablr,Consumer Internet,Doctor Discovery and booking platform,Mumbai,Undisclosed investors,Seed Funding,"8,00,000",N/A
1875,3/17/2016,Liftiee,Consumer Internet,Car/ bike Pooling App,Mumbai,"Rannvijay Singh, Anita Hassanandani",Seed Funding,"1,08,000",N/A
1876,3/18/2016,Hello Curry,Food & Beverage,Quick Service Restaurant Chain,Hyderabad,Sashi Reddi & Other unnamed investors,Private Equity Funding,"15,00,000",N/A
1877,3/19/2016,goSporto,Consumer Internet,Online Sports discovery and booking platform,New Delhi,Naveen Gupta,Seed Funding,"$30,000.00",N/A
1878,3/21/2016,OneClickWash,Consumer Internet,Online Laundry & Washing service Booking & Delivery,Gurgaon,Unitus Seed Fund,Seed Funding,,N/A
1879,3/21/2016,Girnar Software,Consumer Internet,Online News Media Network,Jaipur,Google Capital,Private Equity Funding,,N/A
1880,3/21/2016,Room On Call,Consumer Internet,Budget hotel aggregator,Gurgaon,CASHurDRIVE Marketing Pvt Ltd,Private Equity Funding,"20,00,000",N/A
1881,3/22/2016,Byju\\xe2\\x80\\x99s,Consumer Internet,Educational Video Content Creator,Bangalore,"Sequoia India, Sofina",Private Equity Funding,"7,50,00,000",N/A
1882,3/22/2016,BigBasket,eCommerce,Online Grocery Shop,Bangalore,Abraaj Group,Private Equity Funding,"15,00,00,000",N/A
1883,3/22/2016,DrivoJoy,Consumer Internet,On-demand 2-wheeler Servicing platform,Bangalore,"Indian Angel Network, Tracxn Labs & Others",Seed Funding,"6,00,000",N/A
1884,3/22/2016,Smartron,Technology,Internet of Things Device manufacturer,Bangalore,Sachin Tendulkar,Private Equity Funding,,N/A
1885,3/22/2016,LifCare,Consumer Internet,Online Pharmacy portal,Jaipur,"Rajul Garg, Alok Mittal, Kunal Shah, Rishi Mandawat, Dheeraj Jain, Sandeep Tandon, Dexter Angel Circle",Seed Funding,,N/A
1886,3/22/2016,CreditSeva,Consumer Internet,Online Credit management tools,Hyderabad,"Pix Vine Capital, Infocomm Development Authority of Singapore",Seed Funding,"3,60,000",N/A
1887,3/22/2016,CityShor,Consumer Internet,online lifestyle media recommendation portal,Ahmedabad,GAIN,Seed Funding,,N/A
1888,3/23/2016,Endless Robotics,Technology,Interior Painting Automation,Hyderabad,"Devidas Desai, Vipul Gautam, Singapore Angel Network",Seed Funding,"1,00,000",N/A
1889,3/23/2016,SP Robotics,Technology,Robotic Classes for Students,Chennai,"Indian Angel Network,",Seed Funding,"3,00,000",N/A
1890,3/23/2016,StalkBuyLove,eCommerce,Fashion eTailer,New Delhi,"500 Startups, Littlerock, Singularity Ventures",Seed Funding,,N/A
1891,3/23/2016,eKincare,Consumer Internet,Healthcare related solutions,Hyderabad,"BitChemy Ventures, Maheshwari Investments Pvt Ltd, Anshoo Gaur, Rama Krishna Reddy, Sandeep Seerapu",Private Equity Funding,"3,30,000",N/A
1892,3/23/2016,HashLearn,Consumer Internet,Mobile based private tutoring services,N/A,"Bhavish Aggarwal, Binny Bansal, Rajan Anandan, Mekin Maheshwar, Sunil Kalra, Anupam Mittal, Krishna Mehra, Singapore Angel Network",Seed Funding,,N/A
1893,3/23/2016,Wheelstreet,Consumer Internet,Online Bike Rental platform,Bangalore,Broadbean Capital services,Private Equity Funding,"5,00,000",N/A
1894,3/24/2016,Horntell,Consumer Internet,Unified Push Notification service,Gurgaon,"Bharanidharan Viswanathan, Sanjiv Mittal, Shobhit Shukla, Rahul Agarwal",Seed Funding,"1,50,000",N/A
1895,3/28/2016,Schoolkart,eCommerce,Online Marketplace for Schools,Noida,Undisclosed investors,Seed Funding,"3,00,000",N/A
1896,3/29/2016,HealthEminds,Consumer Internet,Online mental healthcare,Bangalore,Robin Utthappa,Seed Funding,,N/A
1897,3/29/2016,Babygogo,Consumer Internet,Child healthcare experts aggregator mobile app,New Delhi,"Rajul Garg, Daljit Singh, Aditya Vij, Kishore Kumar, Shuchin Bajaj",Seed Funding,"3,00,000",N/A
1898,3/29/2016,Veritas Finance,Finance,Asset Based Lending platform,Chennai,Sarva Capital,Private Equity Funding,"47,00,000",N/A
1899,3/29/2016,QikShip,Consumer Internet,Mobile based Logistics provider,New Delhi,undisclosed investors,Seed Funding,"2,00,000",N/A
1900,3/29/2016,FixNix,Consumer Internet,GRC SAAS Platform,Chennai,Jay Vijayan,Seed Funding,"5,00,000",N/A
1901,3/30/2016,True Balance,Technology,Mobile Balance Check App,Gurgaon,SoftBank Ventures Korea,Private Equity Funding,,N/A
1902,3/30/2016,Touchkin,Healthcare,Predictive Healthcare platform,Bangalore,"Alok Mittal, Amit Gupta, Anuj Srivastava, Himanshu Aggarwal, Raghunandan G, Puneet Agarwal",Seed Funding,"4,00,000",N/A
1903,3/31/2016,SwitchMe,Consumer Internet,Home Loan Rate comparison platform,Mumbai,"Mohandas Pai, Hiro Mashita, Singapore Angel Network, 500 Startups, Rajan Anandan, Ajay Sarupria",Seed Funding,,N/A
1904,3/31/2016,Transcell,Healthcare,Family Stem Cell Banking Services,Hyderabad,Indian Angel Network,Seed Funding,,N/A
1905,1/2/2016,Blue Tokai Coffee,ECommerce,Specialty Coffee Etailer,New Delhi,Snow Leopard Technology Ventures,Seed Funding,,N/A
1906,2/2/2016,Altizone,Technology,IoT & M2M Solutions,Pune,"Wipro Ventures, Lumis Partners",Private Equity Funding,"40,00,000",N/A
1907,2/2/2016,Oust App,Consumer Internet,Competitive Exam Preparation Platform,Bangalore,"T V Mohandas Pai, Aarin Capital",Seed Funding,,N/A
1908,2/2/2016,Strike,Consumer Internet,Mobile Email productivity tool,Bangalore,Multiple investors through Ten Minute Million competition,Seed Funding,"$22,500.00",N/A
1909,2/2/2016,MaaxMarket,Consumer Internet,Marketing Automation platform,N/A,Multiple investors through Ten Minute Million competition,Seed Funding,"$22,500.00",N/A
1910,2/2/2016,Gamooz,Technology,Augmented Reality Solutions,Gurgaon,Multiple investors through Ten Minute Million competition,Seed Funding,"$22,500.00",N/A
1911,2/2/2016,SoundSurround,Technology,Audio Technology Solutions,Mumbai,Multiple investors through Ten Minute Million competition,Seed Funding,"$22,500.00",N/A
1912,3/2/2016,Mazkara,Consumer Internet,Beauty & Wellness Platform,Pune / Dubai,Dunamis Ventures Pte Ltd.,Seed Funding,"10,00,000",N/A
1913,3/2/2016,RoadGods,ECommerce,Auto Spare Parts eTailer,New Delhi,Green House Ventures (GHV),Seed Funding,"1,00,000",N/A
1914,3/2/2016,Pindropmusic,Consumer Internet,Music Discovery Mobile App,Noida,Green House Ventures (GHV),Seed Funding,"1,00,000",N/A
1915,3/2/2016,Woodpie,Consumer Internet,Book Recommendation Service,Bangalore,Ingram Content Group,Seed Funding,"$30,000.00",N/A
1916,4/2/2016,Perfumery,ECommerce,Fragrances & Perfume eTailer,New Delhi,Oranda Global & Others,Seed Funding,"$30,000.00",N/A
1917,5/2/2016,Magic Crate,Education,Children Education Platform,Bangalore,"TV Mohandas Pai, Aarin Capital",Seed Funding,,N/A
1918,5/2/2016,ZenDrive,Technology,Safe Driving Data & Analytics platform,Bangalore / SFO,"Sherpa Capital, Nyca Partners and Thomvest Ventures",Private Equity Funding,"1,35,00,000",N/A
1919,5/2/2016,Smartcooky,ECommerce,Marketplace for Health Foods,New Delhi,"Vandana Luthra,",Private Equity Funding,,N/A
1920,5/2/2016,Turtlemint,Consumer Internet,online personalized insurance platform,Mumbai,Nexus Venture Partners,Private Equity Funding,,N/A
1921,5/2/2016,BHIVE,Real Estate,Workspace Rentals,Bangalore,"Raghunandan G, Venturesity, Arihant Patni",Seed Funding,,N/A
1922,5/2/2016,Gingercrush,Ecommerce,Personalized Products & Merchandize eTailer,Vadodara,"Saha Fund, TV Mohandas Pai, Zia Mody, Mumbai Angels, Ananda Kallugadde, Rakesh Desai, Rakesh Malhotra",Private Equity Funding,"10,00,000",N/A
1923,5/2/2016,American Vision,Consumer Internet,Optical Store Aggregator Platform,Pune,Undisclosed investors,Seed Funding,"$81,000.00",N/A
1924,5/2/2016,DawaiLelo,Consumer Internet,Healthcare Services & Online Pharmacy Mobile App,Varanasi,Undisclosed investors,Seed Funding,"$52,000.00",N/A
1925,6/2/2016,Heads Up For Tails,Ecommerce,Pet Products eTailer,New Delhi,Undisclosed investors,Seed Funding,"10,00,000",N/A
1926,6/2/2016,LiveNutriFit,Healthcare,Weight loss & Healthcare Info portal,New Delhi,"Mohit Goel, Vinod Jain & Others",Seed Funding,,N/A
1927,8/2/2016,Moglix,Ecommerce,Industrial & Home Products Marketplace,New Delhi,Ratan Tata,Private Equity Funding,,N/A
1928,8/2/2016,iStyleYou,Consumer Internet,Personal Fashion Stylist App,Gurgaon,Green House Ventures (GHV),Seed Funding,"1,00,000",N/A
1929,8/2/2016,AdUrCup,Consumer Internet,Ad Network,New Delhi,Green House Ventures (GHV),Seed Funding,"1,00,000",N/A
1930,8/2/2016,Weddingz,Consumer Internet,online marketplace for wedding venues and vendors,Mumbai,Sixth Sense Ventures,Private Equity Funding,,N/A
1931,8/2/2016,Urban Dhobi,Consumer Internet,On Demand Laundry Services,Jaipur,"Vinod Bansal, Sanjeev Singhal",Seed Funding,,N/A
1932,8/2/2016,Gray Routes,Consumer Internet,Last mile logistics solutions,Mumbai,"Mahesh Parasuraman, Rahul Gautam & Others",Seed Funding,,N/A
1933,8/2/2016,Xpressbees,ECommerce,ECommerce Logistics solutions,Pune,"SAIF Partners, IDG Ventures India, Vertex Ventures, Valiant Capital",Private Equity Funding,"1,25,00,000",N/A
1934,8/2/2016,Invictus Oncology,Healthcare,Cancer therapeutic Info & Solutions,New Delhi,Ratan Tata,Private Equity Funding,,N/A
1935,8/2/2016,Hansel.io,Technology,Mobile App Tech Solutions,Bangalore,"Endiya Partners, Mekin Maheshwari, Rajesh Sawhney",Seed Funding,,N/A
1936,9/2/2016,Inc42,Consumer Internet,Startup Focused Media News Portal,New Delhi,"India Ventures, Aarin Capital & Others",Seed Funding,,N/A
1937,9/2/2016,GOQii,Technology,Personalized fitness coaching & Fitness band,Mumbai,Edelweiss Financial Services,Private Equity Funding,,N/A
1938,10/2/2016,Capzest,Consumer Internet,Digital Lending Platform,Mumbai,Lion Ventures,Seed Funding,"2,00,000",N/A
1939,10/2/2016,GlamStudios,Consumer Internet,Online Salon Aggregator,Noida,Aqeel Ahmed,Seed Funding,,N/A
1940,10/2/2016,Affimity,Consumer Internet,Social Networking platform,Bangalore,undisclosed investors,Seed Funding,"12,00,000",N/A
1941,10/2/2016,Anandakanda,Technology,Medicine Intake Reminder System,Pune,undisclosed investors,Seed Funding,"1,50,000",N/A
1942,10/2/2016,JoulestoWatts,Technology,IT services & Talent collaboration services startup,Bangalore,Manipal Global Education Services,Seed Funding,,N/A
1943,10/2/2016,Shopkirana,Consumer Internet,Retailer Supply Chain platform,Indore,"Atul Jain, Anil Gelra, Jaikumar Nair",Seed Funding,,N/A
1944,10/2/2016,Stylofie,Consumer Internet,Online Beauty Parlour search & discovery Platform,Gurgaon,Jaideep Mehta,Seed Funding,,N/A
1945,10/2/2016,OyBob,eCommerce,Hyperlocal Products & Services marketplace,Gurgaon,Sachin Dalal,Seed Funding,,N/A
1946,12/2/2016,ActOnMagic,Technology,Cloud Analytics and Management Products,Bangalore,Jayabalan Subramanian,Seed Funding,"1,25,000",N/A
1947,12/2/2016,Bonhomia,Food & Beverage,premium Tea and Coffee,New Delhi,"Alok Rawat, Grey Orange Robotics",Seed Funding,"10,00,000",N/A
1948,12/2/2016,iGrenEnergi,Technology,Solar Power Solutions,Mumbai,Sunil Mehta,Seed Funding,"10,00,000",N/A
1949,12/2/2016,RKSV,Consumer Internet,Online Stock Trading Platform,Mumbai,Kalaari Capital,Private Equity Funding,"40,00,000",N/A
1950,2/15/2016,Aasaanjobs,Consumer Internet,Online Recruitment Marketplace,Mumbai,"Aspada Advisors, IDG Ventures, Inventus Capital",Private Equity Funding,"50,00,000",N/A
1951,2/15/2016,Snapdeal,eCommerce,Horizontal Online Marketplace,New Delhi,Ontario Teachers\\xe2\\x80\\x99 Pension Plan & Others,Private Equity Funding,"20,00,00,000",N/A
1952,2/15/2016,Jugnoo,Consumer Internet,Transportation & On-demand delivery aggregator,Chandigarh,Saumya Tandon,Private Equity Funding,,N/A
1953,2/15/2016,Snapbizz,Technology,Connectivity platform for local grocery stores,Bangalore,Ratan Tata,Private Equity Funding,,N/A
1954,2/15/2016,GoYaNo,Consumer Internet,Events & Restaurant Discovery Marketplace App,Gurgaon,Mukesh Kumar Gupta,Seed Funding,"$50,000.00",N/A
1955,2/15/2016,RentSher,Consumer Internet,Online Household Product Rental platform,Bangalore,"Vaibhav Doshi, Abhay Singhal, Vibhu Garg, Joby Babu, Abhishek Acharya, Manish Shah",Seed Funding,"3,00,000",N/A
1956,2/15/2016,Buddy,Finance,Micro Lending Platform for eCommerce purchases,Bangalore,"Blume Ventures, Tracxn Labs",Seed Funding,"5,00,000",N/A
1957,2/15/2016,Legistify,Consumer Internet,Online Legal services platform,New Delhi,Ranjit Singh,Seed Funding,,N/A
1958,2/16/2016,TableHero,Consumer Internet,Dynamic Restaurant Website creator,Bangalore,"GrowX Ventures, Kunal Shah, Sandeep Tandon, Haresh Chawla, Powai Lake Ventures, Globevestor",Seed Funding,"10,00,000",N/A
1959,2/16/2016,BetterPlace,Technology,Data analytics based Verification services Platform,Bangalore,Unitus Seed Fund,Seed Funding,"9,70,000",N/A
1960,2/16/2016,Salebhai,eCommerce,"Sweets, Eatables, Handicrafts Online Marketplace",Ahmedabad,"Virendra Shekhawat, Deepak Chokhani, Yogesh Patel & Others",Seed Funding,,N/A
1961,2/16/2016,icustommadeit,eCommerce,Professional Custom creators Marketplace,Pune,"Brand Capital, Siddhivinayak Skyscrapers, Dinesh R. Challa",Private Equity Funding,"40,00,000",N/A
1962,2/16/2016,Tring,Consumer Internet,Instant Messaging App,Pune,Vishwadeep Bajaj & Others,Seed Funding,,N/A
1963,2/16/2016,Medinfi,Consumer Internet,Doctor & Clinics Discovery platform,Bangalore,"Rajnish Sinha, Prijit Debnath, Kanchan Ghoshal",Seed Funding,,N/A
1964,2/17/2016,Timemytask,Consumer Internet,On-Demand home cleaning services,Mumbai,Lead Angels,Seed Funding,,N/A
1965,2/17/2016,GameZop,Technology,Mobile Gaming Platform,New Delhi,"KWAN Entertainment & Marketing Solutions, Powerhouse Ventures & Others",Seed Funding,"3,50,000",N/A
1966,2/17/2016,Notary Mama,Consumer Internet,On-demand Legal documentation and registration service,Bangalore,"Dr Nandish Domlur, Amit Sandill",Seed Funding,,N/A
1967,2/17/2016,The Viral Fever,Consumer Internet,Independent Online Video production company,Mumbai,Tiger Global,Private Equity Funding,"1,00,00,000",N/A
1968,2/17/2016,Avanti Learning,Education,Private Coaching Classes,New Delhi,Michael & Susan Dell Foundation,Private Equity Funding,"50,00,000",N/A
1969,2/17/2016,Bollant Industries,Technology,Eco-friendly consumer & packaging products,Hyderabad,Ratan Tata,Private Equity Funding,,N/A
1970,2/18/2016,GetVee,Consumer Internet,Matrimony & Couples only mobile platform,New Delhi,"Lightspeed Venture Partners, K Ganesh",Private Equity Funding,,N/A
1971,2/18/2016,HealthKumbh,Consumer Internet,Health related Information portal,Ahmedabad,Undisclosed investor,Seed Funding,"$73,000.00",N/A
1972,2/18/2016,Unlaze,Consumer Internet,Social Networking app for outdoor interests,Gurgaon,"Sujal Shah, Dino Morea",Seed Funding,,N/A
1973,2/18/2016,Tracxn,Technology,Indian Startup ecosystem trends analyzer & funding platform,Bangalore,"Nandan Nilekani, Mohandas Pai, Neeraj Arora, Anand Rajaraman, Girish Mathrubootham, Aneesh Reddy & Teruhide Sato",Private Equity Funding,,N/A
1974,2/18/2016,Careongo,ECommerce,Online Pharmacy store,New Delhi,Farooq Oomerbhoy & Other angel investors,Seed Funding,"3,00,000",N/A
1975,2/18/2016,Ark Robot,Technology,Warehouse Automation,Bangalore,Qualcomm (Through QPrize Contest),Seed Funding,"3,50,000",N/A
1976,2/19/2016,Jaypore,ECommerce,Ethnic Products marketplace,New Delhi,Aavishkaar,Private Equity Funding,"50,00,000",N/A
1977,2/19/2016,Finance Buddha,Consumer Internet,Online Loan Comparison & Discovery platform,Bangalore,Chennai Angels,Seed Funding,,N/A
1978,2/19/2016,AlmaConnect,Consumer Internet,Alumni social network,New Delhi,"Mohandas Pai, Varun Aggarwal",Seed Funding,,N/A
1979,2/19/2016,Advantage Club,Consumer Internet,mobile platform for corporate employee benefits,Gurgaon,Purvi Ventures & Others,Seed Funding,"4,00,000",N/A
1980,2/19/2016,LocalRamu,Consumer Internet,mobile based aggregator for local service providers,Bangalore,3 undisclosed investors,Seed Funding,,N/A
1981,2/22/2016,Baby Berry,Consumer Internet,Parenting Mobile app,Bangalore,Nitin Bagmane & Other undisclosed investors,Seed Funding,"10,00,000",N/A
1982,2/22/2016,Magicpin,Consumer Internet,Hyperlocal Discover Mobile App,New Delhi,Lightspeed India,Private Equity Funding,"30,00,000",N/A
1983,2/22/2016,First Eat,Consumer Internet,Healthy Food Delivery platform,New Delhi,Undisclosed investor,Seed Funding,"1,00,000",N/A
1984,2/22/2016,SigTuple,Technology,Healthcare based Tech Solutions,Bangalore,"Sachin Bansal, Binny Bansal, Accel Partners & Others",Seed Funding,,N/A
1985,2/22/2016,Taskbob,Consumer Internet,Hyperlocal Handyman services platform,Mumbai,"IvyCap Ventures, Orios Venture Partners, Mayfield India",Private Equity Funding,"45,00,000",N/A
1986,2/22/2016,Styledotme,Consumer Internet,Mobile Fashion App,New Delhi,Indian Angel Network,Seed Funding,"$37,000.00",N/A
1987,2/22/2016,NewsLaundry,Consumer Internet,Independent News Media Portal,New Delhi,"Omidyar Network, Vikram Lal, Abhijit Bhandari, Mahesh Murthy, Shashank Bhagat",Private Equity Funding,,N/A
1988,2/23/2016,CupoNation,Consumer Internet,Deals and Discount platform,Gurgaon,"Rocket Internet AG, Holtzbrink Ventures, New Enterprise Associates (NEA), e.ventures, ru-Net, Deutsche Telekom Strategic Investments (DTSI), Silicon Valley Bank",Private Equity Funding,"1,10,00,000",N/A
1989,2/23/2016,Aarav UAV,Technology,unmanned aerial vehicles creator,Kanpur,"StartupXseed Ventures, The Phoenix Fund and others",Seed Funding,,N/A
1990,2/24/2016,Sayfix,Consumer Internet,Hyperlocal Home Services Provider,Bangalore,Yajnanarayana Kammaje,Seed Funding,"1,60,000",N/A
1991,2/24/2016,LoanZen,Consumer Internet,Peer to peer Lending marketplace,Bangalore,Tracxn Syndicate,Seed Funding,,N/A
1992,2/24/2016,NoBroker,Consumer Internet,Peer to peer property listing platform,Bangalore,"Beenext, Digital Garage, Beenos, Qualgro, Mamoru Taniya, SAIF Partners",Private Equity Funding,"1,00,00,000",N/A
1993,2/24/2016,AppilyEver,Consumer Internet,Online wedding services marketplace,Hyderabad,"Varun Aggarwal, Suresh Venkat, Raj Y",Seed Funding,"4,00,000",N/A
1994,2/24/2016,Pocketin,Consumer Internet,Hotel reservations & Deal platform,Noida,Swastika Company Ltd,Seed Funding,"1,50,000",N/A
1995,2/24/2016,FeetApart,Consumer Internet,Employee engagements & Rewards platform,Bangalore,Vishal Bali & Others,Seed Funding,,N/A
1996,2/25/2016,OfBusiness,eCommerce,B2B commerce Marketplace,Gurgaon,Matrix Partners India,Private Equity Funding,"50,00,000",N/A
1997,2/25/2016,CarveNiche,Consumer Internet,Personalized Learning Solutions & products,Bangalore,"Calcutta Angels, Lead Angels & Others",Seed Funding,,N/A
1998,2/25/2016,Juspay,Consumer Internet,Digital Payments solutions,Bangalore,"Accel Partners, Ashish Hemrajani, Parikshit Dar, Rajesh Balpande",Private Equity Funding,"58,00,000",N/A
1999,2/25/2016,Funcart,eCommerce,Party Supplies Etailer,New Delhi,Undisclosed HNIs,Seed Funding,"$70,000.00",N/A
2000,2/26/2016,Freedom Smart Labs,Technology,IoT retail solutions,New Delhi,Kapil Goel,Seed Funding,"1,45,000",N/A
2001,2/26/2016,EduBridge,Consumer Internet,Skill development and vocational training platform,Mumbai,"Insitor Impact Asia Fund, Acumen Fund",Private Equity Funding,"25,00,000",N/A
2002,2/29/2016,Nestaway,Consumer Internet,Online Home Rental Marketplace,Bangalore,Ratan Tata,Private Equity Funding,,N/A
2003,2/29/2016,Hopscotch,eCommerce,Baby & Kids Products Online Flash sales platform,Mumbai,Eduardo Saverin,Private Equity Funding,"1,30,00,000",N/A
2004,2/29/2016,PinClick,Consumer Internet,Online real estate listings,Bangalore,Undisclosed investors,Private Equity Funding,,N/A
2005,1/1/2016,Smartcooky,ECommerce,Health Food / Personal Care Marketplace,New Delhi,"Rajan Anandan, Pramod Bhasin, Siddharth Pai, TV Mohandas Pai, Manvinder Singh Banga",Seed Funding,,N/A
2006,1/1/2016,Helpi,Consumer Internet,On Demand Cleaning Services Mobile App,Mumbai,Undisclosed Investors,Seed Funding,,N/A
2007,4/1/2016,DogSpot,ECommerce,Online Pet Store,Gurgaon,Ratan Tata,Seed Funding,,N/A
2008,4/1/2016,Career360,Education,College Education Portal,New Delhi,MeritTrac,Private Equity Funding,,N/A
2009,4/1/2016,B9 Beverages,Food & Beverage,Craft Beer manufacturing company,New Delhi,"Sequoia Capital, Kunal Bahl, Rohit Bansal, Deepinder Goyal, Ashish Dhawan, Mayank Singhal",Private Equity Funding,"60,00,000",N/A
2010,5/1/2016,WIMWI Foods,Food & Beverage,Healthy food manufacturing & sales startup,Ahmedabad,Centre for Innovation Incubation and Entrepreneurship (CIIE),Seed Funding,,N/A
2011,5/1/2016,MyChild App,Education,Child Disorder Information & Education,Bhopal,"Samir Bangara, Anisha Mittal, Amit Gupta, Pallav Nadhani, Lalit Mangal, Arihant Patni, Dr. Ritesh Malik, Deobrat Singh, Saurab Paruthi, Singapore Angel Network.",Seed Funding,"1,00,000",N/A
2012,5/1/2016,Instaproc,ECommerce,B2B Procurement Marketplace for Office Products,Noida,Dinesh Agarwal,Seed Funding,,N/A
2013,5/1/2016,360Ride,Consumer Internet,Ride Sharing platform,Bangalore,Undisclosed,Seed Funding,"1,50,000",N/A
2014,5/1/2016,Alef\\nMobitech,Consumer Internet,Cloud Mobility Solutions,Mumbai,Tata Capital Innovation Fund,Private Equity Funding,"50,00,000",N/A
2015,6/1/2016,Tracxn,BFSI,Startup Funding Deal Discovery & Execution platform,Bangalore,Ratan Tata,Seed Funding,,N/A
2016,6/1/2016,Qdesq,Real Estate,Branded Workspaces Aggregator,Gurgaon,"Dheeraj Jain, Jagdish Kumar, Bharat Gupta, Ankush Saigal, Praveen Saini",Seed Funding,,N/A
2017,6/1/2016,Sensara,Technology,"TV Search, Guide and Remote mobile app",Bangalore,"Lalitesh Katragadda, Ganayantrika Systems",Seed Funding,"7,50,000",N/A
2018,6/1/2016,Zebpay,Consumer Internet,Bitcoin Buying & Selling Mobile App,Ahmedabad,"Arjun Handa, Amit Jindal, Nagendra Chaudhary",Private Equity Funding,"10,00,000",N/A
2019,6/1/2016,PlanMy\\nMedicalTrip,Healthcare,Medical Tourism platform,Pune,"Bhanu Vikram Parsotam, Rohan Desai and Paras Patel",Seed Funding,"1,50,000",N/A
2020,6/1/2016,MyCity4Kids,Education,Children Education & Information platform,Gurgaon,"SIDBI Venture Capital Limited, YourNest Angel Fund",Private Equity Funding,"30,00,000",N/A
2021,6/1/2016,Justdakhila.com,Education,School Student admissions platform,New Delhi,Ankur Gupta,Seed Funding,"7,50,000",N/A
2022,7/1/2016,PitStop,Consumer Internet,Automobile Service Booking App,Bangalore,Myntra/LivSpace Founders,Seed Funding,,N/A
2023,7/1/2016,Bikxie,Consumer Internet,Two Wheeler Taxi Service,Gurgaon,Undisclosed Investors,Seed Funding,,N/A
2024,7/1/2016,Infurnia,Consumer Internet,Online Furniture Customization platform,Bangalore,Idein Ventures,Seed Funding,"1,60,000",N/A
2025,7/1/2016,Myly,Education,Mobile Based Education platform,Jaipur,Newbie Promoter Pvt Ltd,Seed Funding,"1,00,000",N/A
2026,7/1/2016,MakeMyTrip,Consumer Internet,Online Travel/Hotel Booking platform,Gurgaon,Ctrip.com International Ltd,Private Equity Funding,"18,00,00,000",N/A
2027,8/1/2016,Melorra,ECommerce,Online/ Mobile Jewellery Retailer,Bangalore,Lightbox Ventures,Private Equity Funding,"50,00,000",N/A
2028,8/1/2016,ConfirmTKT,Consumer Internet,Train PNR Status Prediction Platform,Bangalore,"Krishna Jhujhunwala, Dr. Apoorv Ranjan Sharma, Anirudh Damani, Anand Ladsariya, Sanjay Mehta & Others",Seed Funding,"2,50,000",N/A
2029,8/1/2016,Gyaanzone,Education,Career Planning and Education Advisory Platform,Mumbai,GBIM Technologies Pvt Ltd,Seed Funding,"$45,000.00",N/A
2030,8/1/2016,FlatFurnish,Consumer Internet,Online Furnishing Rental Platform,Gurgaon,Arun Chandra Mohan,Seed Funding,,N/A
2031,9/1/2016,Lumiere,ECommerce,Organic Food eTailer,Bangalore,Undisclosed investors,Private Equity Funding,,N/A
2032,11/1/2016,Koovs,ECommerce,Online Fashion Apparel Retailer,Gurgaon,"Nahata Family, Waheed Alli",Private Equity Funding,"54,00,000",N/A
2033,11/1/2016,Wishup,Consumer Internet,Mobile app based Concierge Service,New Delhi,"500 Startups, Mato Peric, TracxnLabs",Seed Funding,,N/A
2034,11/1/2016,FreshMenu,Consumer Internet,Online / Mobile Food Ordering platform,Bangalore,"Zodius Capital, Lightspeed Venture Partners",Private Equity Funding,"1,65,00,000",N/A
2035,11/1/2016,SavvyMob,ECommerce,Last Minute Hotel Bookings mobile marketplace,Bangalore,"TV Mohandas Pai, LetsVenture",Seed Funding,"10,00,000",N/A
2036,11/1/2016,Fashionablyin,Consumer Internet,Mobile based Geo-target Fashion Marketplace,Mumbai,Ranjan Mahtani,Seed Funding,,N/A
2037,12/1/2016,Shopclues,ECommerce,ECommerce Marketplace,Gurgaon,"GIC, Tiger Global Management, Nexus Venture Partners",Private Equity Funding,"10,00,00,000",N/A
2038,12/1/2016,Hike Messenger,Consumer Internet,P2P Messaging Service,New Delhi,"Matt Mullenweg, Adam D\\xe2\\x80\\x99Angelo, Aditya Agarwal, Ruchi Sanghvi & Others",Private Equity Funding,,N/A
2039,12/1/2016,iBus Networks,Technology,Next Generation in-building connectivity,Bangalore,"Vallabh Bhanshali, N Squared Management LLC, Jagdish & Sandeep Mehta Family Office",Private Equity Funding,"23,00,000",N/A
2040,12/1/2016,Happy2Refer,Consumer Internet,Mobile based Referral Platform,Mumbai,"Equity Crest, Vinners, Sparknext",Seed Funding,"2,50,000",N/A
2041,1/13/2016,CarTrade,Consumer Internet,Auto Classifieds Portal,Mumbai,"Temasek Holdings, March Capital, Warburg Pincus",Private Equity Funding,"14,50,00,000",N/A
2042,1/13/2016,Rentomo,Consumer Internet,peer-to-peer renting Marketplace,Bangalore,Shiva Ashok & Other unnamed investors,Seed Funding,"1,00,000",N/A
2043,1/13/2016,Roder,Consumer Internet,inter-city cab aggregator,New Delhi,Unicorn India Ventures,Seed Funding,"2,40,000",N/A
2044,1/13/2016,Bucker,Consumer Internet,Food Ordering Mobile App,Hyderabad,"50k Ventures, Munish Jauhar, Pulkit Jain, Rohit Narang",Seed Funding,,N/A
2045,1/13/2016,Care24,Healthcare,Professional Health Services Platform,Mumbai,"SAIF Partners, India Quotient",Private Equity Funding,"40,00,000",N/A
2046,1/13/2016,Obino,Healthcare,Weigh Loss Coaching,Mumbai,RoundGlass Partners,Private Equity Funding,,N/A
2047,1/14/2016,Snapshopr,Consumer Internet,Visual Search & Image Recognition Platform,Bangalore,Amod Malviya,Seed Funding,,N/A
2048,1/14/2016,Buildkar,ECommerce,Construction Material Marketplace,Bangalore,"Mustafa Wajid, Umang Kumar & Others",Seed Funding,,N/A
2049,1/14/2016,Orahi,Consumer Internet,Carpooling Mobile App,Gurgaon,Indian Angel Network,Seed Funding,"5,20,000",N/A
2050,1/14/2016,Zapr,Technology,TV to Mobile audience Platform,Gurgaon,"Flipkart, Saavn, Micromax, Dhiraj Rajaram, Ambiga Dhiraj, Dinesh Agarwal, Samir Bangara, Sanjay Nath, Arihant Patni",Seed Funding,,N/A
2051,1/15/2016,Remidio,Healthcare,Healthcare Product Manufacturer,Bangalore,Cipher-Plexus Capital Advisors & Indian HNIs,Private Equity Funding,,N/A
2052,1/15/2016,Fitso,Consumer Internet,Fitness related Social Networking App & Forum,Gurgaon,"Varun Khurana, Samar Singla, Vinay Bansal,",Seed Funding,"2,00,000",N/A
2053,1/15/2016,evibe.in,Consumer Internet,Party Hall Booking platform,Bangalore,"Hyderabad Angels, Lalit Mangal, Vikas Malpani, Gaurav Bhalotia, LV Prasad",Seed Funding,,N/A
2054,1/15/2016,Zoctr,Consumer Internet,healthcare aggregator platform,Mumbai,Times Group,Seed Funding,,N/A
2055,1/15/2016,Jobick,Consumer Internet,Mobile app based Job Search,Noida,Abhinav Mathur,Seed Funding,,N/A
2056,1/16/2016,Plick,Consumer Internet,Instant Content Transfer Mobile App,Mumbai,Sanjay Mehta,Seed Funding,,N/A
2057,1/18/2016,Voice Friends,Consumer Internet,Dating & Singles Chat Platform,Mumbai,Huzaifa Khorakiwala,Seed Funding,,N/A
2058,1/18/2016,Kartrocket,Consumer Internet,SAAS DIY ECommerce Platform,New Delhi,"Bertelsmann India Investments, Nirvana Digital India Fund, Nirvana Digital Investment Holding, 500 Startups",Private Equity Funding,"60,00,000",N/A
2059,1/19/2016,Swiggy,Consumer Internet,Online/Mobile food ordering platform,Bangalore,"Harmony Partners, RB Investments & existing investors",Private Equity Funding,"3,50,00,000",N/A
2060,1/19/2016,TinyStep,Consumer Internet,Parenting Social Network,Bangalore,Flipkart,Seed Funding,,N/A
2061,1/19/2016,Cashkaro,Consumer Internet,Coupon & Cashback platform,Gurgaon,Ratan Tata,Private Equity Funding,,N/A
2062,1/19/2016,Gameezop,Consumer Internet,Casual Gaming platform,New Delhi,Anand Chandrasekaran & Others,Seed Funding,,N/A
2063,1/19/2016,DailyObjects,ECommerce,Mobile Accessories etailer,New Delhi,"Unilazer Fund, Phanindra Sama, Peyush Bansal",Private Equity Funding,"14,00,000",N/A
2064,1/19/2016,Indus OS,Technology,Local language Mobile OS,Mumbai,"Omidyar Network,",Private Equity Funding,"50,00,000",N/A
2065,1/19/2016,CollegeDunia,Consumer Internet,Educational College Search platform,New Delhi,Umang Kumar,Seed Funding,"4,45,000",N/A
2066,1/19/2016,Villgro,Finance,Social Business Incubator & Fund,Chennai,"Lemelson Foundation, Michael and Susan Dell Foundation",Private Equity Funding,"35,00,000",N/A
2067,1/20/2016,Reddoorz,Consumer Internet,Budget Accomodation Aggregator,New Delhi,500 Startups,Private Equity Funding,,N/A
2068,1/20/2016,IndustryBuying,ECommerce,B2B Industrial Goods Marketplace,New Delhi,Trifecta Capital,Private Equity Funding,"18,00,000",N/A
2069,1/20/2016,Just Buy Live,ECommerce,B2B Marketplace for Distributors,Mumbai,Alpha Capital,Private Equity Funding,"2,00,00,000",N/A
2070,1/20/2016,IMbesharam,ECommerce,Adult Products Etailers,New Delhi / US,Undisclosed US Based Investors,Private Equity Funding,"40,00,000",N/A
2071,1/20/2016,Moodoo,Consumer Internet,Social Meeting organizer App,Mumbai / UK,Sa\\xc3\\xafd Business School Seed Fund.,Seed Funding,"$40,000.00",N/A
2072,1/20/2016,Saral Designs,Healthcare,Women Hygiene Product Manufacturer,Mumbai,"Farooq Adam, Ambi Parameswaran,",Seed Funding,,N/A
2073,1/21/2016,FirstCry,ECommerce,Kids Focused eTailer,Pune,Ratan Tata,Private Equity Funding,,N/A
2074,1/21/2016,Fisdom,Consumer Internet,Personal Finance Mobile App,Bangalore,Rob Chandra,Seed Funding,"5,00,000",N/A
2075,1/21/2016,Easypolicy,Consumer Internet,Online insurance policy aggregator,Noida,Unilazer Ventures,Private Equity Funding,"22,00,000",N/A
2076,1/21/2016,Housing.com,Consumer Internet,Online Real Estate Portal,Mumbai,SoftBank Corp,Private Equity Funding,"1,50,00,000",N/A
2077,1/21/2016,CREO,Technology,Smartphone OS Developer,Bangalore,"Sequoia Capital, Beenext Ventures, India Quotient, Anand Chandrasekaran",Private Equity Funding,"30,00,000",N/A
2078,1/22/2016,ShabdaNagari,Consumer Internet,Hindi Language Social Networking Portal,Kanpur,Kanpur Angels & Others,Seed Funding,"2,00,000",N/A
2079,1/22/2016,Little,Consumer Internet,Deal Discovery App,Bangalore,GIC,Private Equity Funding,,N/A
2080,1/22/2016,SnapBizz,ECommerce,Mobile based Retail Market Ecosystem,Bangalore,"Jungle Ventures, Taurus Value Creation, Konly Venture, Blume Ventures",Private Equity Funding,"72,00,000",N/A
2081,1/22/2016,Qlivery,Consumer Internet,on-demand concierge services,Gurgaon,Chandigarh Angels Funding,Seed Funding,,N/A
2082,1/22/2016,PlexusMD,Consumer Internet,Social Network for Healthcare Professionals,Ahmedabad,"Arihant Patni, Avnish Mehra, Pranay Adhvaryu, Ravi Sampat",Seed Funding,,N/A
2083,1/22/2016,Silvan,Technology,Home Automation & Security Solutions,Bangalore,The Chennai Angels,Seed Funding,"5,15,000",N/A
2084,1/22/2016,EPS,Technology,Electronic Payments Solution Company,Mumbai,APIS Partners,Private Equity Funding,"3,50,00,000",N/A
2085,1/22/2016,Qubole,Technology,Enterprise Cloud Based Data Processing,Bangalore,"Institutional Venture Partners, Norwest Venture Partners, Lightspeed Venture Partners, CRV",Private Equity Funding,"3,00,00,000",N/A
2086,1/22/2016,Gajty,Healthcare,Salons & Spa Chain,Gurgaon,Purvi Ventures,Seed Funding,,N/A
2087,1/25/2016,SIFTR Labs,Consumer Internet,Photography curation & Aggregator platform,Mumbai,Venture Catalysts,Seed Funding,"1,50,000",N/A
2088,1/25/2016,Power2SME,Consumer Internet,SME Online Buying Hub,Gurgaon,"Nandan Nilekani, Accel Partners, Kalaari Capital and Inventus Capital",Private Equity Funding,"2,10,00,000",N/A
2089,1/25/2016,SkyCandle,ECommerce,Home D\\xc3\\xa9cor Product etailer,New Delhi,GPA group,Private Equity Funding,,N/A
2090,1/27/2016,Teabox.com,ECommerce,Specialty Tea ETailer,Siliguri,Ratan Tata,Private Equity Funding,,N/A
2091,1/27/2016,Buildzar,ECommerce,Construction Material ETailer,Gurgaon,Puneet Dalmia,Private Equity Funding,"40,00,000",N/A
2092,1/27/2016,Applicate,Technology,"Sales, Market, Distribution & Data Analytics Platform",Bangalore,Undisclosed investors,Seed Funding,"10,00,000",N/A
2093,1/27/2016,WhatsOnRent,ECommerce,Online Rental Marketplace,Bangalore,Lalit Mangal & Others,Seed Funding,,N/A
2094,1/28/2016,Zebi (yet to launch),Technology,Data Intelligence & Analytics,Hyderabad,Un disclosed investors,Seed Funding,"10,00,000",N/A
2095,1/28/2016,Truce,FMCG,Vegetables & Fruits Supply Chain,Mumbai,"Anupam Mittal, Amit Gupta, Utsav Somani, Neeraj Goenka, Farooq Adam Mukadam",Seed Funding,"3,70,000",N/A
2096,1/28/2016,JustDoc,Consumer Interne,Medical Video Consultation platform,Bangalore,"TV Mohandas Pai, Mohit Saxena, Raghunandan G, Singapore Angel Network, TracxnLabs",Seed Funding,,N/A
2097,1/28/2016,Myeglu,Technology,Connected Smart Home Solutions,Bangalore,Foxconn Technology Group & Others,Seed Funding,,N/A
2098,1/29/2016,BitGiving,Consumer Internet,Crowd Funding Platform,New Delhi,"Harminder Sahni, Krishna Mehra, Sanjay Bakshi",Seed Funding,,N/A
2099,1/29/2016,Qriyo,Consumer Internet,Online Fitness & Educational information Aggregator,Jodhpur,Idein Ventures,Seed Funding,"1,60,000",N/A
2100,1/29/2016,N.O.W,Consumer Internet,Rental Bike Aggregator App,Noida,Maple Capital Advisors,Seed Funding,,N/A
2101,1/29/2016,Aisle,Consumer Internet,Indians focused Matchmaking App,Bangalore,"TermSheet, ah! Ventures",Seed Funding,"1,85,000",N/A
2102,1/29/2016,FreshMenu,Consumer Internet,Fresh Food Delivery platform,Bangalore,"Zodius Technology Fund, Lightspeed Venture Partners",Private Equity Funding,"1,70,00,000",N/A
2103,1/29/2016,Truebil,ECommerce,Online marketplace for cars,Mumbai,"Kalaari Capital, Inventus Capital, Tekton Ventures, Kae Capital",Private Equity Funding,"51,50,000",N/A
2104,1/29/2016,Rare Media,Technology,Mobile & Cloud based App developer,New Delhi,Info Edge (India) Ltd,Private Equity Funding,"11,00,000",N/A
2105,1/29/2016,TinMen,Consumer Internet,Food Delivery Platform,Hyderabad,Lead Angel Network,Seed Funding,,N/A
2106,1/29/2016,CodingLabs,Technology,Coding Skill Showcase & Resume Builder,Hyderabad,Vineet Nalla,Seed Funding,,N/A
2107,1/30/2016,FindUrClass,Consumer Internet,Hobby & Activity Class Aggregator,Mumbai,"Amit Patni, Anirudh Damani, Samir Shah",Seed Funding,,N/A
2108,1/30/2016,DesignBids,Consumer Internet,Interior Design Marketplace,New Delhi,Indian Angel Network,Seed Funding,,N/A
2109,1/12/2015,CollegeDekho,Online Education Information platform,N/A,Jaipur,GirnarSoft,Seed Funding,"10,00,000",N/A
2110,1/12/2015,Black White Orange Brands,Brand Licensing Startup,N/A,Mumbai,YouWeCan Ventures,Seed Funding,,N/A
2111,1/12/2015,Biteclub,Gourmet Food Discovery & Delivery platform,N/A,Gurgaon,growX ventures,Private Equity Funding,,Pre-Series A
2112,1/12/2015,Patel Logistics,Transportation & Logistics Platform,N/A,Mumbai,Frontline Strategy,Private Equity Funding,"56,00,000",N/A
2113,1/12/2015,Wigzo,Enterprise Marketing Automation platform,N/A,New Delhi,"Aarin Capital Partners, TV Mohandas Pai",Seed Funding,"5,00,000",Pre-Series A
2114,1/12/2015,Zapluk,"Health, Wellness & Beauty Services App",N/A,Hyderabad,N/A,Seed Funding,,N/A
2115,1/12/2015,Godof Hospitals,Digital Healthcare,N/A,New Delhi,Pankaj Gupta,Seed Funding,"20,00,000",N/A
2116,2/12/2015,RoomsTonite,Last Minute Hotel Booking App,N/A,Bangalore,"Lashit Sanghvi, Nikhil Vora, Venkat Vardhan,Mohammed Bin Abdul Rehman Al Khalifa, Ralph Berezan, Vissal Mathew, Balamurali Krishna",Seed Funding,"15,00,000",N/A
2117,2/12/2015,Kaaryah,Womens Fashion Wear Portal,N/A,New Delhi,"The Saha Fund, TV Mohandas Pai",Private Equity Funding,,Pre-Series A
2118,3/12/2015,Anakage,Product Learning platform,N/A,Bangalore,CIO Angel Network (CAN),Seed Funding,,N/A
2119,3/12/2015,EasyKhaana,Online Food ordering & Delivery platform,N/A,New Delhi,Undisclosed investors,Seed Funding,"1,00,000",N/A
2120,3/12/2015,Shuttl,App based Bus Pooling Services,N/A,Gurgaon,"Sequoia Capital, Times Internet Ltd & One more Fund",Private Equity Funding,"2,00,00,000",Series B
2121,3/12/2015,Eckovation,Social Learning Platform,N/A,New Delhi,Chandigarh Angel Network (CAN),Seed Funding,,N/A
2122,3/12/2015,Fitcircle,Social Fitness platform,N/A,Mumbai,Beerud Sheth and Ravi Mantha,Seed Funding,,Pre-Series A
2123,4/12/2015,Applop,On Demand Mobile app developer,N/A,Kolkata,GHV Accelerator,Seed Funding,"1,00,000",N/A
2124,4/12/2015,CaRPM,Car Maintenance & Management mobile app,N/A,Gurgaon,GHV Accelerator,Seed Funding,"1,00,000",N/A
2125,4/12/2015,NDTV Wedding portal,Online Wedding Marketplace,N/A,New Delhi,CerraCap,Private Equity Funding,"2,00,00,000",Series A
2126,4/12/2015,Splitkart,Splitting Bills Mobile App,N/A,New Delhi,"Rajesh Sawhney, Anupam Mittal, Dinesh Agarwal, Gaurav Gupta,",Seed Funding,,N/A
2127,7/12/2015,Zenatix,IOT Energy Management Analytics platform,N/A,Gurgaon,Blume Ventures,Private Equity Funding,,Pre-Series A
2128,7/12/2015,Customfurnish,Custom Made furniture e-tailer,N/A,Hyderabad,Agnus Capital,Private Equity Funding,"45,00,000",Series A
2129,7/12/2015,Faasos,QSR Chain,N/A,Pune,"ru-Net, Sequoia Capital, Lightbox Ventures",Private Equity Funding,"3,00,00,000",Series C
2130,7/12/2015,Vlurn,eLearning platform,N/A,Mumbai,Vidyadhar Sarfare,Seed Funding,,N/A
2131,7/12/2015,Leaf Wearables,Smart Safety Wearable Devices,N/A,New Delhi,"Ajeet Khurana Jinesh Shah, Vikram Chachra, Dr. Aniruddha Malpani",Seed Funding,"2,50,000",N/A
2132,7/12/2015,Coolshare,Cab Sharing service Mobile app,N/A,Mumbai,Gopal Aggarwal,Seed Funding,"1,00,000",N/A
2133,8/12/2015,mFicient,Cloud Enterprise Mobility Platform,N/A,New Delhi,Undisclosed investors,Seed Funding,,N/A
2134,8/12/2015,HeyBiz,Online Shopping Assistant Mobile app,N/A,New Delhi,Shopclues,Seed Funding,,Strategic Funding
2135,8/12/2015,Yumist,Home Cooked Food Order & Delivery platform,N/A,Gurgaon,"Unilazer Ventures, Orios Venture Partners, Steven Lurie",Private Equity Funding,"20,00,000",Series A
2136,9/12/2015,Jigsaw Academy,Online School for Analytics learning,N/A,Bangalore,Manipal Global Education Services,Private Equity Funding,"30,00,000",Series A
2137,9/12/2015,JoeHukum,Chat based personal Assistant App,N/A,Gurgaon,"TracxnLabs, Jitendra Gupta, Prashant Tandon",Seed Funding,,N/A
2138,9/12/2015,Voxweb,Picture creation & Social mobile app,N/A,Mumbai,Undisclosed Investor,Seed Funding,"3,50,000",N/A
2139,9/12/2015,Aye Finance,Nonbanking finance company,N/A,New Delhi,"SAIF Partners, Accion",Private Equity Funding,"30,00,000",Series B
2140,9/12/2015,JumboBasket,eCommerce returns etailer,N/A,Chandigarh,Chandigarh Angels Network,Seed Funding,,N/A
2141,10/12/2015,BlackBuck,Online Freight Services Aggregator,N/A,Bangalore,"Tiger Global Management, Yuri Milner, Apoletto, Accel Partners, Flipkart",Private Equity Funding,"2,50,00,000",Series B
2142,10/12/2015,HomeStudio,Online Branded Furniture etailer,N/A,Bangalore,Bren Corporation,Private Equity Funding,"50,00,000",Series A
2143,10/12/2015,PropheSee,Digital Analytics Platform,N/A,New Delhi,"Indian Angel Network, Stanford Angels, Entrepreneurs India",Seed Funding,"5,00,000",N/A
2144,10/12/2015,i2e1,Internet Network Infrastructure Services,N/A,New Delhi,GrowX Ventures,Seed Funding,"5,00,000",N/A
2145,10/12/2015,Holisol Logistics,Supply Chain & Logistics Solutions,N/A,New Delhi,CLSA Capital Partners ARIA IV Funds,Private Equity Funding,"1,00,00,000",N/A
2146,10/12/2015,Stay Simple Resorts,Holiday Resort Chain,N/A,Bangalore,"Mr. Sudhir & Ms. Shalini Sethi, Mr. Praveen Someshwar",Seed Funding,,N/A
2147,10/12/2015,Paynear,Mobile Point of Sale solutions,N/A,Hyderabad,Mitesh Majithia,Private Equity Funding,"25,00,000",Pre-Series A
2148,10/12/2015,Chillr,Peer-to-Peer Money Transfer & Recharge App,N/A,Mumbai,"Sequoia Capital, Blume Ventures, Uniqorn Ventures and other",Private Equity Funding,"7,00,00,000",Series A
2149,11/12/2015,EureQa,Test Automation SAAS platform,N/A,Hyderabad/USA,"Sashi Reddi, Gabriel Investments",Seed Funding,"6,00,000",N/A
2150,11/12/2015,LocalCircles,Citizens Engagement Platform,N/A,Noida,Anand Mahindra,Private Equity Funding,,N/A
2151,11/12/2015,GetFocus,Indoor Navigation & Analytics Solutions,N/A,Mumbai,Undisclosed investors,Seed Funding,,N/A
2152,11/12/2015,UrbanClap,Hyperlocal On-Demand Household Services platform,N/A,Gurgaon,Ratan Tata,Private Equity Funding,,N/A
2153,11/12/2015,OnlineRTI,Online RTI application services,N/A,Bangalore,"LetsVenture, Mohandas Pai",Seed Funding,"1,50,000",N/A
2154,11/12/2015,Powerstores,ECommerce Website Creation SAAS platform,N/A,Goa,Extreme Venture Partners William Bissell,Seed Funding,,N/A
2155,11/12/2015,Weddingz.in,Wedding Venues & Vendors Marketplace,N/A,Mumbai,"Rajan Anandan, Zoya Akhtar, Reema Kagati, Ruchi Narain, Amrish Kumar, Hrishikesh Parandekar",Seed Funding,"10,00,000",N/A
2156,11/12/2015,Intelligent Interfaces,Interface development platform for Government officials,N/A,Bangalore,"Sachin Bansal, Binny Bansal",Seed Funding,,Yet to Launch platform
2157,12/14/2015,Capricoast,Modular Furnishings Marketplace,N/A,Bangalore,"Accel Partners India, RB Investments",Private Equity Funding,"35,00,000",Series A
2158,12/14/2015,JetSetGo,Private Jet Bookings Marketplace,N/A,Bangalore,Puneet Dalmia,Private Equity Funding,,N/A
2159,12/14/2015,Cabsguru,Cab search Comparison & Booking platform,N/A,New Delhi,Prashanth Ranganathan,Seed Funding,"2,00,000",N/A
2160,12/14/2015,Whoop,Performance Optimization Platform for athletes,N/A,Boston,Infosys,Private Equity Funding,"30,00,000",Series A
2161,12/15/2015,BookEventz,Event Venue Booking Platform,N/A,Mumbai,"Mumbai Angels, Singapore Angel Network, Zishaan Hayath",Seed Funding,,N/A
2162,12/15/2015,Deal Street Asia,Digital Media Platform,N/A,Singapore,"Vijay Shekhar Sharma, Singapore Angels Network",Seed Funding,,N/A
2163,12/15/2015,Streamoid,visual search and discovery platform,N/A,Bangalore / Palo Alto,Undisclosed,Seed Funding,"10,00,000",N/A
2164,12/16/2015,Housejoy,Home services marketplace,N/A,Bangalore,"Amazon, Vertex Ventures, Qualcomm, Ru-Net Technology Partners, Matrix Partners",Private Equity Funding,"2,25,00,000",Series B
2165,12/16/2015,Bluebirch,End to End reverse logistics Solution platform,N/A,Bangalore,"Chicago Capital Ventures, Sanjay Mehta, Others",Seed Funding,"20,00,000",N/A
2166,12/16/2015,MeraDoctor,Virtual Health consultation app,N/A,Mumbai,Unilazer,Private Equity Funding,"12,00,000",Pre-Series A
2167,12/16/2015,STAGE 3,Online Renting platform,N/A,New Delhi,"Nisha Sharma, Puneet Dalmia, Balaji Prabhakar",Seed Funding,,N/A
2168,12/17/2015,Rivigo,Logistics Services Provider,N/A,Gurgaon,SAIF Partners and others,Private Equity Funding,"3,00,00,000",Series B (includes Debt financing)
2169,12/17/2015,Springboard,Data Science & UX design Learning platform,N/A,Bangalore,"Allen Blue, John Katzman, Naveen Tewari, Kartik Hosanagar, Kashyap Deorah, 500 Startups, Blue Fog Capital",Seed Funding,"17,00,000",N/A
2170,12/17/2015,Eatfresh,Online marketplace for Chef Meals,N/A,Bangalore,Kalaari Capital,Private Equity Funding,,N/A
2171,12/18/2015,Ampere Vehicles,Electric Bike Manufacturers,N/A,Coimbatore,Kris Gopalakrishnan & Others,Seed Funding,"12,00,000",N/A
2172,12/18/2015,Focus Digit,ECommerce platform solutions,N/A,New Delhi,Turning Ideas,Seed Funding,,N/A
2173,12/18/2015,The News Minute,Online Media Publication,N/A,Bangalore,Quintillion Media,Seed Funding,,N/A
2174,12/18/2015,CBREX,International Hiring Platform,N/A,Mumbai / NY,"Prahlad Rao, Sundara Rajan, Vikram Chachra",Seed Funding,"2,00,000",N/A
2175,12/21/2015,TruckMandi,Logistics Service Provider Marketplace,N/A,New Delhi,"Ritesh Dwivedy, Ramakant Sharma, Mount Nathan Advisors",Private Equity Funding,"20,00,000",Pre-Series A
2176,12/21/2015,Peppertap,Hyperlocal Grocery Delivery Service,N/A,Gurgaon,Innoven Capital,Private Equity Funding,"40,00,000",part of $40M Series B round
2177,12/21/2015,KOOH Sports,Sports Education Platform,N/A,Mumbai,"TCS, HDFC, Faering Capital, Elevate Sports",Private Equity Funding,"20,00,000",Series A
2178,12/22/2015,RentOnGo,"Bike, Appliances Renting marketplace",N/A,Bangalore,"Anand Chandrasekaran, Rajesh Sawhney, Kalpana Tatavarti, Shivanandan Pare",Seed Funding,,N/A
2179,12/22/2015,Industrybuying,Online Marketplace for Industrial Goods,N/A,New Delhi,"Murugappa Group, TVS Group, Vellayan Subbiah, Arathi Krishna, Arun Venkatachalam",Seed Funding,,N/A
2180,12/22/2015,Zapr,Reward points mobile app,N/A,Gurgaon,Dinesh Agarwal,Seed Funding,,N/A
2181,12/22/2015,LatestOne,Mobile accessories online store,N/A,Hyderabad,Palred Technologies Ltd,Private Equity Funding,"30,00,000",Additional investment from parent company
2182,12/22/2015,PlanetGogo,Content Discovery & reward points platform,N/A,Gurgaon,HT Digital Media Holdings Ltd,Seed Funding,,N/A
2183,12/22/2015,Arya.ai,Artificial Intelligence platform,N/A,Mumbai,"YourNest Angel Fund, Venture Nursery",Private Equity Funding,"7,50,000",Series A
2184,12/22/2015,Doctor Insta,Medical Consultation & Doctor appointment booking platform,N/A,Gurgaon,"Rishi Parti, BrahmaX Ventures",Private Equity Funding,"5,00,000",pre-Series A
2185,12/22/2015,MobieFit,Mobile Fitness App,N/A,Goa,Medi Assist,Private Equity Funding,"10,00,000",Strategic Investment
2186,12/23/2015,LafaLafa,"Digital Coupons, Deal & Cashback aggregator app",N/A,Mumbai,Vectr Ventures,Private Equity Funding,,N/A
2187,12/23/2015,Mech Mocha,Mobile Game development & Design platform,N/A,Bangalore,"Blume Ventures, Flipkart",Seed Funding,"10,00,000",N/A
2188,12/23/2015,Shotang.com,B2B eCommerce Marketplace,N/A,Bangalore,"Exfinity Venture Partners, Unitus Impact Livelihoods Fund",Private Equity Funding,"50,00,000",Series A
2189,12/23/2015,CityFurnish,Furniture and appliances rental platform,N/A,Gurgaon,Jitendra Gupta,Seed Funding,,N/A
2190,12/24/2015,Black White Orange,B2B Merchandize platform,N/A,Mumbai,Collaborative Licensing Ventures LLP,Seed Funding,"3,03,000",N/A
2191,12/24/2015,Kolabro,Real Estate focused Tech platform,N/A,Gurgaon,"Umang Kumar, Ruchir Arora & others",Seed Funding,,N/A
2192,12/24/2015,Canvera,Photographer Online search & booking platform,N/A,Bangalore,Info Edge (India) Ltd,Private Equity Funding,"22,00,000",N/A
2193,12/28/2015,Town Essentials,Grocery Delivery platform,N/A,Bangalore,"Sharad Hegde, Girish Reddy, Siddharth Patil, Shrikant Patil",Seed Funding,"10,00,000",N/A
2194,12/28/2015,Bumper,Mobile Car Servicing appointment app,N/A,Bangalore,SAIF Partners,Seed Funding,"5,00,000",N/A
2195,12/29/2015,Hotify,New Curation Mobile App,N/A,Bangalore,Mahavir Pratap Sharma,Seed Funding,"1,50,000",N/A
2196,12/29/2015,MobiKwik,Mobile Wallet,N/A,Gurgaon,"Sequoia Capital, Tree Line Asia, Innoven Capital",Private Equity Funding,"66,00,000",Additional Funding
2197,12/30/2015,Intelligent Interfaces,Interface development platform for Government officials,N/A,Bangalore,Yuvraj Singh,Seed Funding,,Yet to Launch
2198,2/11/2015,Twigly,Online Food Ordering & Delivery platform,N/A,Gurgaon,"Amit Gupta, Sahil Barua, Mukul Singhal, Tracxn Labs",Seed Funding,"2,00,000",N/A
2199,2/11/2015,CityFlo,Bus Aggregation and rental mobile app,N/A,Mumbai,IDG Ventures,Seed Funding,"7,50,000",N/A
2200,3/11/2015,Findyahan,hyperlocal online Services platform,N/A,Noida,Times Group Brand Capital,Private Equity Funding,,Bridge funding
2201,3/11/2015,Sabse,WiFi \xe2\x80\x93 first Cloud communication platform,N/A,Mumbai,Ratan Tata,Private Equity Funding,,N/A
2202,3/11/2015,Pokkt,Alternate Mobile Monetization platform,N/A,Mumbai,"Segnel Venture, Shinji Kimura, Sundar Chanrai, JAFCO Asia, SingTel\\xe2\\x80\\x99s Innov8, Jungle Ventures, K Ganesh",Private Equity Funding,"50,00,000",Series B
2203,3/11/2015,oibanit,Online Food Ordering Marketplace,N/A,Vadodara,"Varun Ahuja, Anubhav Verma",Seed Funding,"1,50,000",N/A
2204,3/11/2015,Stuffed,Quick Service Restaurant & Online Delivery,N/A,Mumbai,Riqueza Capital,Seed Funding,"3,85,000",Funding happened in Sept 2015
2205,3/11/2015,LoanBaba,Online Loans Marketplace,N/A,Mumbai,N/A,Seed Funding,"3,20,000",N/A
2206,3/11/2015,Deyor Rooms,Budget Hotels Aggregator,N/A,New Delhi,Dheeraj Jain & Others,Seed Funding,"5,00,000",N/A
2207,3/11/2015,Bidgely,Efficient Energy Management platform,N/A,USA/India,"Constellation Technology Ventures (Exelon Corporation), E.ON, RWE, Khosla Ventures",Private Equity Funding,"1,66,00,000",Series B
2208,4/11/2015,Shirsa Labs,Digital Intelligent learning platform,N/A,Mumbai,ah! Ventures,Seed Funding,"2,50,000",N/A
2209,4/11/2015,Paytunes,Voice Call incentivization mobile app,N/A,New Delhi,CIO Angel Network,Seed Funding,,N/A
2210,4/11/2015,YourDOST,Online Counselling and psychological support platform,N/A,Gwalior,"Phanindra Sama, Aprameya Radhakrishna, Aneesh Reddy, Neeraj Jawalkar, Sanjay Anandaram, Pavan Ongole, Venk Krishnan",Seed Funding,"4,00,000",N/A
2211,5/11/2015,BookMyBai,Domestic Help Aggregation platform,N/A,Mumbai,Vineel Nalla & Others,Seed Funding,"1,50,000",N/A
2212,5/11/2015,MyIndianStay,Home Stay & room rentals platform,N/A,Goa,Undisclosed investors,Seed Funding,"2,00,000",N/A
2213,5/11/2015,Bobble,Selfie Mobile App,N/A,New Delhi,SAIF Partners & others,Private Equity Funding,,Series A
2214,6/11/2015,RepUp,Online Reputation Management Platform,N/A,Gurgaon,Indian Angel Network,Seed Funding,,N/A
2215,6/11/2015,Satvacart,Online Grocery platform,N/A,Gurgaon,Undisclosed HNIs,Private Equity Funding,"18,00,000",Pre-Series A Bridge
2216,6/11/2015,POPxo.com,Online content platform for women,N/A,New Delhi,"IDG Ventures India, Kalaari Capital, 500 Startups",Private Equity Funding,"20,00,000",Series A
2217,6/11/2015,SparesHub,Online Vehicle Spare Parts etailer,N/A,Pune,"Hyderabad Angels, M&S Partners",Seed Funding,"4,60,000",Pre-Series A
2218,6/11/2015,Explara,Event Ticketing platform,N/A,Pune,"Hyderabad Angels, Singapore Angel Network, Ness Wadia",Private Equity Funding,"4,90,000",Pre-Series A
2219,6/11/2015,Soothe Healthcare,affordable Personal Healthcare Products,N/A,Noida,Saina Nehwal,Seed Funding,,2nd seed funding
2220,6/11/2015,Yuvi Hospitality,Premium dining Lounges & restaurants,N/A,Gurgaon,Chandralekha Construction Pvt. Ltd.,Private Equity Funding,"1,50,00,000",Series A
2221,9/11/2015,AppVirality,Mobile Growth Hacking\\nPlatform,N/A,Hyderabad,"Rajan Anandan, Mike Galgon, Ravi Gururaj, Ashim Mehra, Mohit Saxena, Internet Group, TNN Capital and others",Seed Funding,"5,00,000",Pre-Series A
2222,9/11/2015,iStar Skill Development,Skill Training Startup,N/A,Bangalore,"Michael & Susan Dell Foundation, Unitus Seed Fund",Private Equity Funding,"15,00,000",Series A
2223,9/11/2015,BigStylist.com,Beauty and Wellness Marketplace,N/A,Mumbai,Info Edge,Private Equity Funding,"10,00,000",Pre-Series A
2224,9/11/2015,Zilingo,Marketplace App for Bangkok,N/A,Bangalore/ Bangkok,"Sequoia India, BEENEXT Ventures, Kunal Shah & Sandeep Tandon",Private Equity Funding,"19,00,000",Series A
2225,9/11/2015,Didi,On-demand Maids Service Provider,N/A,Mumbai,"Jozef Bardik, Leo Wang Sangeeth Ram",Seed Funding,"1,50,000",N/A
2226,9/11/2015,Skoov.com,eCommerce Product Search Engine,N/A,Mumbai,undisclosed investor,Seed Funding,"1,50,000",N/A
2227,10/11/2015,Chefs Basket,Ready to cook packaged Foods,N/A,Mumbai,"SAIF Partners, Haresh Chawla",Private Equity Funding,"60,00,000",Series A
2228,11/11/2015,Gingercrush,Product Customization Platform,N/A,Vadodara,TV Mohandas Pai\\xe2\\x80\\x99s family office,Seed Funding,,N/A
2229,11/11/2015,Delight Foods,Branded Food products online sales,N/A,Bangalore,"Lensbridge Capital, Mape Advisory Group, Fireside Ventures",Private Equity Funding,"6,00,000",Series A
2230,11/11/2015,6Degree,Talent platform for Fashion professionals,N/A,Goa/Hyderabad,"Centre For Incubation & Business Acceleration (CIBA), Goa",Seed Funding,,N/A
2231,11/11/2015,RenewBuy,Auto Insurance Online platform,N/A,Gurgaon,Mount Nathan Advisors Pte Ltd,Seed Funding,"5,00,000",N/A
2232,11/11/2015,Grab,Hyperlocal Logistics Service Provider,N/A,Mumbai,Sixth Sense Ventures,Seed Funding,,N/A
2233,12/11/2015,Hitwicket,Cricket Management Mobile Game,N/A,Hyderabad,Chennai Angels,Seed Funding,"2,50,000",N/A
2234,11/13/2015,Flashdoor,On Demand Laundry Service platform,N/A,Bangalore,"Sujeet Kumar, Ankit Nagori, Traxcn Labs",Seed Funding,,N/A
2235,11/16/2015,Cashkaro.com,Ecommerce Discount & Cashback coupons platform,N/A,Gurgaon,Kalaari Capital,Private Equity Funding,"37,00,000",Series A
2236,11/16/2015,Absentia,Virtual Reality Headset creator,N/A,Bangalore,"Astarc Ventures, 50K Ventures & others",Seed Funding,"1,80,000",N/A
2237,11/16/2015,Renowala,Home Improvement Service platform,N/A,Hyderabad,Logtally,Seed Funding,,N/A
2238,11/16/2015,TaskBucks,mobile-only tasks marketplace,N/A,New Delhi,Times Internet,Private Equity Funding,"1,50,00,000",Strategic Investment
2239,11/17/2015,CraftsVilla,Women Ethnic Wear Online Marketplace,N/A,Mumbai,"Sequoia India, Lightspeed Venture Partners, Nexus Venture Partners, Global Founders Capital, Apoletto",Private Equity Funding,"3,40,00,000",Series C
2240,11/17/2015,Julia Computing,Numerical Computing & Data Science Platform,N/A,Bangalore,Gordon and Betty Moore Foundation,Seed Funding,"6,00,000",N/A
2241,11/17/2015,StyleTag,Designer fashion Jewellery Marketplace,N/A,Bangalore,Jitu Virwani,Seed Funding,"75,00,000",N/A
2242,11/17/2015,Smytten,Online Products Discovery Platform,N/A,Gurgaon,"Rimpal Chawla, Anuj Srivastava",Seed Funding,"2,00,000",N/A
2243,11/17/2015,BiBox,Kids Tool kit for Innovation platform,N/A,Bangalore,Ravi Krishnamurthy,Seed Funding,"5,30,000",N/A
2244,11/17/2015,Convegenius,Mobile Learning Solutions,N/A,Noida / Singapore,Enablers platform,Seed Funding,"3,00,000",N/A
2245,11/18/2015,Ola,Car Aggregator & Retail Mobile App,N/A,Bangalore,"Baillie Gifford, Falcon Edge Capital, Tiger Global, SoftBank Group, DST Global, Didi Kuaidi",Private Equity Funding,"50,00,00,000",Series F ( More Details Here)
2246,11/18/2015,Goodbox,conversational commerce mobile app,N/A,Bangalore,Nexus Venture Partners,Private Equity Funding,"25,00,000",Series A
2247,11/18/2015,ScoopWhoop,Viral Content web Platform,N/A,New Delhi,Kalaari Capital,Private Equity Funding,"40,00,000",Series A
2248,11/18/2015,Hipship,Express local delivery platform,N/A,Bangalore,"Inara Capital , Rishi Khiani",Seed Funding,,N/A
2249,11/18/2015,Pickrr,On-Demand Local Logistics provider,N/A,New Delhi,Palaash Ventures,Seed Funding,,N/A
2250,11/18/2015,Truelancer,Curated Freelancer Marketplace,N/A,New Delhi,"Blackstone Valley Group, Raghu Vohra, Aditya Dev Sood, Kamal Bansal",Seed Funding,,N/A
2251,11/19/2015,AHA Taxis,Online Taxi Rental Platform,N/A,Noida,ah! Ventures,Seed Funding,,N/A
2252,11/19/2015,UrbanClap,Mobile Services Marketplace,N/A,Gurgaon,"Bessemer Venture Partner, Accel, SAIF Partners",Private Equity Funding,"2,50,00,000",Series B
2253,11/19/2015,SenseGiz,Smartwatch Maker,N/A,Belgaum,Karnataka Semiconductor Venture Capital firm,Seed Funding,"5,00,000",N/A
2254,11/19/2015,PlaceofOrigin,Online Gourmet Food Marketplace,N/A,Bangalore,"S.D. Shibulal, Kris Gopalakrishnan, Srinath Batni, Professor Tarun Khanna, Ganapathy Venugopal.",Seed Funding,,N/A
2255,11/19/2015,Fourseven,Online Jewellery etailer,N/A,New Delhi,Indian Angel Network,Seed Funding,"4,55,000",N/A
2256,11/20/2015,MindTickle,Sales & Productivity Software,N/A,Pune / US,New Enterprise Associates,Private Equity Funding,"1,25,00,000",Series A
2257,11/20/2015,Shopsense,ecommerce related software product platform,N/A,Mumbai,"Kae Capital, Kunal Bahl, Rohit Bansal",Seed Funding,,Pre-Series A
2258,11/20/2015,Medinfi,Health-Tech platform,N/A,Bangalore,"Ram Kumar Kakani, Pradeep K Jaisingh, Sunil T V, Vijay Ghadge, Hemant Kaul, Gurmeet Chahal & Others",Seed Funding,"3,05,000",N/A
2259,11/20/2015,OUWT,Nightlife Discovery Mobile App,N/A,Mumbai,Undisclosed investors,Seed Funding,"1,50,000",N/A
2260,11/20/2015,HeyPillow,Online Real Estate Marketplace,N/A,Bangalore,Hampton Capital,Private Equity Funding,"30,00,000",Series A
2261,11/21/2015,Healers At Home,"Home Healthcare Services platform,",N/A,New Delhi,"Daljit Singh, Dr. Pramath Raj Sinha, BVR Mohan Reddy",Seed Funding,,N/A
2262,11/21/2015,Caravan Craft,Indian Ethnic Crafts Etailer,N/A,Bangalore,"Unitus Seed Fund, Bijou Kurien, Narayan Ramachandran",Private Equity Funding,"12,00,000",Series A
2263,11/21/2015,Talkoot,Social platform for traders and investors,N/A,Bangalore,Undisclosed investors,Seed Funding,"1,00,000",N/A
2264,11/23/2015,RentoMojo,"Online Furniture, Home Appliances Rental Platform",N/A,Bangalore,"IDG Ventures India, Accel Partners India",Private Equity Funding,"20,00,000",Series A
2265,11/23/2015,Medikoe,Healthcare Services Discovery platform,N/A,Bangalore,Anil Menon,Seed Funding,"1,00,000",N/A
2266,11/24/2015,Stylofie,Health and Beauty Services Marketplace,N/A,Gurgaon,Swastika,Seed Funding,"2,50,000",N/A
2267,11/24/2015,ServX,Automotive Services platform,N/A,New Delhi,Manish Gupta,Seed Funding,,N/A
2268,11/24/2015,Naaptol,Online and TV Shopping Marketplace,N/A,Mumbai,"Mitsui & Co., New Enterprise Associates, Canaan Partners, Silicon Valley Bank",Private Equity Funding,"5,20,00,000",Late Stage
2269,11/24/2015,Crayon Data,Big Data Analytics Platform,N/A,Chennai/ Singapore,Ratan Tata,Private Equity Funding,,N/A
2270,11/25/2015,EarlySalary.com,Mobile App based Loan disbursement platform,N/A,Mumbai,Ashok Agarwal,Seed Funding,"15,00,000",N/A
2271,11/25/2015,Tooler,On Demand Laundry Services App,N/A,New Delhi,"Raghu Khanna, Sameer Gupta",Seed Funding,"1,10,000",N/A
2272,11/25/2015,S Chand,Education Content Provider,N/A,New Delhi,IFC Everstone Group,Private Equity Funding,"2,70,00,000",N/A
2273,11/26/2015,Stelae,Content Management Software Solutions,N/A,Chennai,Earlsfield Capital,Private Equity Funding,,Pre-Series A
2274,11/26/2015,GoQii,Fitness Tracking Management Solutions,N/A,Mumbai,"New Enterprise Associates, Cheetah Mobile",Private Equity Funding,"1,34,00,000",Series B
2275,11/26/2015,Grofers,Hyper-local Grocery Delivery platform,N/A,Gurgaon,"Softbank, Tiger Global, Sequoia Capital, Apoletto Managers",Private Equity Funding,"12,00,00,000",Late Stage
2276,11/26/2015,Pluss,Hyperlocal healthcare product Delivery Service provider,N/A,Gurgaon,"IDG Ventures, M & S partners, Powerhouse Ventures (USA).",Private Equity Funding,"10,00,000",Pre-Series A
2277,11/26/2015,KountMoney,Online Lending Marketplace,N/A,Bangalore,"Tracxn, Ashish Goenka & Others",Seed Funding,,N/A
2278,11/27/2015,StayGlad,On Demand Beauty Services Platform,N/A,Bangalore,"Bessemer Venture Partners, Anil Chopra",Private Equity Funding,,Series A
2279,11/27/2015,JustRide,Self Driven Rental Car Platform,N/A,Mumbai,N/A,Private Equity Funding,"20,00,000",Pre-Series A bridge round
2280,11/27/2015,Fastudent,Education Content etailer,N/A,Noida,Ashish Gupta,Seed Funding,,N/A
2281,11/27/2015,LearnOn,Clud based Learning platform,N/A,Chennai,JMR Infotech India Pvt Ltd,Seed Funding,,N/A
2282,11/27/2015,Talentrack,Talent Exchange & Talent Services Marketplace,N/A,New Delhi,Unigrowth Inc,Seed Funding,,N/A
2283,11/28/2015,M-TAXI,Two-Wheeler Taxi Service,N/A,Gurgaon,"Mandeep Singh, Jairaj Singh",Seed Funding,,N/A
2284,11/30/2015,Baxi,Two-Wheeler Taxi Service,N/A,Gurgaon,"Manish Kheterpal, Alok Mittal, Puneet Dalmia,",Seed Funding,"14,50,000",N/A
2285,11/30/2015,Superhero Brands,character merchandize sales platform,N/A,Mumbai,DSG Consumer Partners,Seed Funding,"5,40,000",N/A
2286,11/30/2015,MoMagic,Mobile Application Developer,N/A,New Delhi,FIH Mobile Ltd,Private Equity Funding,,Strategic Investment
2287,11/30/2015,QikPod,Ecommerce Delivery locker services,N/A,Bangalore,"Flipkart, Accel Partners, Delhivery, Foxconn",Private Equity Funding,"90,00,000",Series A
2288,11/30/2015,Butterfly Interactive,extra curricular activities marketplace app,N/A,New Delhi,Undisclosed investors,Seed Funding,,N/A
2289,11/30/2015,Bro4U,Hyperlocal Online Home services provider,N/A,Bangalore,Sargod Ventures,Seed Funding,,N/A
2290,1/10/2015,Indifi,Easy Business Loans platform,N/A,Gurgaon,"Accel Partners, Elevar Equity, Pramod Bhasin, Rajan Anandan, Gaurav Dalmia, Abhishek Goyal, Gagan Hasteer , Arun Tadanki",Seed Funding,,N/A
2291,1/10/2015,Wydr,Performance based Wholesale Marketplace,N/A,New Delhi,Sandeep Aggarwal,Seed Funding,,N/A
2292,1/10/2015,EasyFix,Professional Services Marketplace,N/A,Gurgaon,Axilor Ventures,Seed Funding,,N/A
2293,1/10/2015,Muvizz,Movie-on-demand platform,N/A,Singapore,"Ashish Todi, Abhinav Patodia, Kumar Shwetabh",Seed Funding,"3,50,000",N/A
2294,1/10/2015,Abhibus,us ticketing and fleet management platform,N/A,Hyderabad,Paytm (One97 communications),Private Equity Funding,,Strategic Investment
2295,1/10/2015,Cleartax,Online Income Tax Filing platform,N/A,New Delhi,Paytm (One97 communications),Private Equity Funding,,N/A
2296,2/10/2015,Shopalyst,Product discovery & recommendation platform,N/A,Bangalore,Kalaari Capital,Private Equity Funding,"20,00,000",Series A
2297,3/10/2015,Chillr,Mobile Payments App,N/A,Mumbai,Sequoia Capital,Private Equity Funding,"60,00,000",Series A
2298,5/10/2015,Nykaa,Beauty & Wellness Products e-tailer,N/A,Mumbai,"Harsh Mariwala, Atul Nishar, Dalip Pathak, Michael Carlos",Private Equity Funding,"95,00,000",Series B
2299,5/10/2015,Voylla,Fashion jewelry and accessories e-tailer,N/A,Jaipur,Peepul Capital,Private Equity Funding,"1,50,00,000",Series B
2300,5/10/2015,IndiaLends,Online Consumer Lending platform,N/A,New Delhi,"DSG consumer Partners, Paragon Partners",Private Equity Funding,"10,00,000",Pre-Series A Bridge round
2301,5/10/2015,Rock N Shop,Premium Apparel shopping portal,N/A,New Delhi,High Networth Individuals (undisclosed),Seed Funding,"1,50,000",N/A
2302,6/10/2015,DocPlexus,Exclusive Platform for Doctors & Healthcare professionals,N/A,Pune,"Uniqorn ventures, ASP Consulting",Seed Funding,"7,00,000",N/A
2303,6/10/2015,WorkIndia,Job Board,N/A,Mumbai,"Satyen Kothari, Keshav Sanghi, Riddhesh Gandhi & Others",Seed Funding,"5,00,000",Pre-Series A
2304,6/10/2015,SportzVillage,Sports Management & Physical Education Business,N/A,Bangalore,Gaja Capital Private Equity Fund,Private Equity Funding,"1,00,00,000",Series B
2305,6/10/2015,SportyBeans,multi-sport program for preschoolers,N/A,Pune,YouWeCan Ventures,Seed Funding,,N/A
2306,6/10/2015,Burger Singh,QSR & Online delivery portal,N/A,Gurgaon,"Ashvin Chadha, Avtar Monga, Udaan Angels, Dheeraj Jain",Seed Funding,"5,00,000",Bridge Round
2307,6/10/2015,Welcome Cure,Online Homeopathy Clinic,N/A,Mumbai,Unnamed Media house and HNIs,Private Equity Funding,"60,00,000",Pre-Series A
2308,7/10/2015,SchoolGuru,E-Learning Service Provider,N/A,Mumbai,High Networth Individuals from India & USA,Private Equity Funding,"30,00,000",Series A
2309,7/10/2015,Naturally Yours,Organic Food etailer,N/A,Mumbai,Sanjay Mehta,Seed Funding,,N/A
2310,7/10/2015,GoJavas,Delivery & Logistics Service provider,N/A,Gurgaon,Snapdeal,Private Equity Funding,"2,00,00,000",Strategic Funding (Series C)
2311,7/10/2015,Scandid,Product Discovery & comparison App,N/A,Pune,Micromax Informatics,Private Equity Funding,,Strategic Funding
2312,7/10/2015,StalkBuyLove,Online Apparels Fashion brand,N/A,New Delhi,"Mato Peric, Peter Kabel & others",Private Equity Funding,,Series A
2313,8/10/2015,ZuperMeal,Home Cooked Food marketplace & Delivery,N/A,Mumbai,"Sanjeev Kapoor, Ravi Saxena & Others",Private Equity Funding,"20,00,000",Series A
2314,8/10/2015,Cube26,Gesture based Mobile Development,N/A,New Delhi,"Tiger Global Management, Flipkart",Private Equity Funding,"77,00,000",Series A
2315,8/10/2015,Mobikon,Hotel Mobile CRM Software platform,N/A,Pune / Singapore,"Life.SREDA, Qualgro",Private Equity Funding,,Series B
2316,8/10/2015,Grabhouse,Rental Accommodation Search platform,N/A,Bangalore,Sequoia and Kalaari Capital.,Private Equity Funding,"1,00,00,000",Series B
2317,8/10/2015,Quifers,Logistics Tech Platform,N/A,Mumbai,"Vikas Agarwal, Vishal Khare, Sanjeev Kakkar, Smile Group",Seed Funding,"3,10,000",N/A
2318,9/10/2015,Stockroom.io,Developer Portfolio Showcase platform,N/A,Hyderabad,Undisclosed Investors,Seed Funding,"$70,000.00",N/A
2319,9/10/2015,Curofy,Doctors Network Mobile App,N/A,New Delhi,RoundGlass Partners,Private Equity Funding,,Pre-Series A
2320,9/10/2015,Cloud Lending,End-to-End Lending platform,N/A,Bangalore / San Mateo,SF Capital Group,Private Equity Funding,"80,00,000",Series A
2321,9/10/2015,Inayo,on-demand healthcare marketplace,N/A,Mumbai,"Kemark Ventures, Amit Ranjan, Zishaan Hayath and Others",Seed Funding,"3,00,000",N/A
2322,9/10/2015,WoNoBo,360-degree view creating platform,N/A,Bangalore,Quikr,Private Equity Funding,,Strategic Funding
2323,9/10/2015,Kulzy,Advertising & Marketing Community Networking platform,N/A,New Delhi,"Seedfund, Bedrock Ventures",Seed Funding,"10,00,000",N/A
2324,9/10/2015,Zeppery,Food Ordering & Delivery App,N/A,New Delhi,Suyash Sharma,Seed Funding,"$77,000.00",N/A
2325,12/10/2015,Zify,Ride Sharing platform,N/A,Hyderabad,Sean O\\xe2\\x80\\x99Sullivan & Others,Seed Funding,"1,90,000",N/A
2326,12/10/2015,Faircent,Online P2P lending marketplace,N/A,Gurgaon,Aarin Capital Partners,Private Equity Funding,,Series A
2327,12/10/2015,Bizongo,B2B marketplace for industrial goods,N/A,Mumbai,Accel Partners,Seed Funding,,N/A
2328,12/10/2015,Gridle,Cloud Based Collaboration platform,N/A,Ahmedabad,LetsVenture,Seed Funding,"1,00,000",N/A
2329,12/10/2015,Tripoto,global community for travellers,N/A,New Delhi,"500 Startups, IDG Ventures & Advantedge fund, Neeraj Arora, Leon Seynave",Private Equity Funding,,Series A
2330,12/10/2015,Mubble,Prepaid Bill manager App,N/A,Bangalore,Accel Partners,Private Equity Funding,,Series A
2331,10/13/2015,Voodoo,Mobile Only Shopping Assistant,N/A,New Delhi,SAIF Partners,Seed Funding,"10,00,000",N/A
2332,10/13/2015,Lookup,Mobile Messaging Assistant App,N/A,Bangalore,"Khosla Impact, Biz Stone, Catamaran Ventures, Global Founders Capital, European investment fund",Private Equity Funding,"25,00,000",Series A
2333,10/14/2015,AskMyGift,Personalized Wish List creator app,N/A,Noida,Turning Ideas,Seed Funding,"$50,000.00",N/A
2334,10/14/2015,Gaana.com,Music Streaming mobile app,N/A,Mumbai,Micromax Informatics Ltd,Private Equity Funding,,Strategic Funding
2335,10/14/2015,Zappfresh,Raw Meat & Ready to eat food etailer,N/A,Gurgaon,Undisclosed Investors,Seed Funding,"$77,000.00",N/A
2336,10/14/2015,GymTrekker,Gym Discovery platform,N/A,Mumbai,"Dewang Neralla,Roopak Taneja, Manisha Gupta",Seed Funding,,N/A
2337,10/15/2015,Bounty App,Online Purchase rewards app,N/A,Bangalore,"Fireside Ventures, Mumbai Angels MAPE Advisory Group.",Seed Funding,,N/A
2338,10/16/2015,Homers.in,Home rental platform,N/A,Gurgaon,"Devesh Rai G, Rajesh Aggarwal, Amitpal Bhutani",Seed Funding,,N/A
2339,10/16/2015,mShipper,Crowdsourced Delivery platform,N/A,New Delhi,Vijai Laxmi,Seed Funding,,N/A
2340,10/16/2015,BolRealty,Real Estate Insights platform,N/A,New Delhi,Manpreet Singh,Seed Funding,,N/A
2341,10/17/2015,S-Cube Futuretech,Structural & Civil Engg Service Automation,N/A,Mumbai,Parampara Capital,Private Equity Funding,"10,00,000",Series A
2342,10/19/2015,LetsVenture,Startup Funding Marketplace,N/A,Bangalore,"Accel Partners, Anupam Mittal & other marquee investors",Private Equity Funding,,Series A
2343,10/19/2015,Citrus Payment,Payments Solution platform,N/A,Mumbai,"Sequoia Capital, Ascent Capital, eContext Asia, Beenos Asia",Private Equity Funding,"2,50,00,000",Series C
2344,10/19/2015,Holidify,Travel Destination Discovery platform,N/A,New Delhi,Aarti Group,Seed Funding,"1,00,000",N/A
2345,10/20/2015,PrimaSeller,Order Fulfillment SAAS platform,N/A,Bangalore,"Dr. Aniruddha Malpani Manish Gupta, M&S Partners & others",Seed Funding,,N/A
2346,10/20/2015,Opinio,Last Mile Delivery Service,N/A,Bangalore,"Delhivery, Sands Capital and Accel Partners",Private Equity Funding,"70,00,000",Series A
2347,10/20/2015,Attune Technologies,Healthcare IT Solutions & services,N/A,Chennai,"Qualcomm Venture, Norwest Venture Partners",Private Equity Funding,"1,00,00,000",Series B
2348,10/20/2015,iChef.in,Gourmet Meals Delivery,N/A,Mumbai,Springboard Ventures,Private Equity Funding,,N/A
2349,10/21/2015,Jiyo Natural,Healthy Meals Food delivery platform,N/A,Bangalore,Indian Angel Network,Seed Funding,,N/A
2350,10/21/2015,AgentDesks,Real Estate Mobile CRM,N/A,New York/ India,"Sierra Ventures, Cota Capital, Vegas Tech Fund",Seed Funding,"29,50,000",N/A
2351,10/21/2015,White Owl Brewery,Micro-Brewery,N/A,Mumbai,"Arihant Patni, RAAY Global Investments",Private Equity Funding,"15,30,000",Series A
2352,10/21/2015,MealHopper,Home Made Food Marketplace,N/A,Gurgaon,"Alok Bajpai, Rajnish Kumar, Amit Dey",Seed Funding,"1,00,000",N/A
2353,10/21/2015,Zenify.in,residential rental management platform,N/A,Bangalore,"Atul Jalan, Shrikanth & Bharath",Seed Funding,"6,40,000",N/A
2354,10/21/2015,Stockal,Personalized Stock Intelligence Platform,N/A,Bangalore,"R Natarajan, Mohan Alexander",Seed Funding,,N/A
2355,10/23/2015,Medd,Personal Diagnostic Mobile App,N/A,Mumbai,Group of Angel investors,Seed Funding,"1,50,000",Bridge Round
2356,10/23/2015,Leaping Caravan,Online food ordering & Delivery service,N/A,Gurgaon,Group of Angel investors,Seed Funding,"1,50,000",N/A
2357,10/23/2015,Frsh,Online food ordering & Delivery service,N/A,Gurgaon,"Mumbai Angels, Mayank Bhangdia, Kae Capital",Private Equity Funding,"10,00,000",Bridge Round
2358,10/23/2015,Qik Stay,Hotel Aggregator & booking platform,N/A,New Delhi,ID Enablers Pvt Ltd,Seed Funding,"2,50,000",N/A
2359,10/26/2015,Parcelled,Online Logistics Platform,N/A,Bangalore,Delhivery,Private Equity Funding,"50,00,000",N/A
2360,10/26/2015,AlmaMapper,Online Student & Campus Social Networking platform,N/A,Ahmedabad,Oswal Techno Ventures LLP,Seed Funding,"4,00,000",N/A
2361,10/26/2015,Flexing It,Professionals & Project Search Marketplace,N/A,New Delhi,undisclosed private investors,Seed Funding,"5,00,000",N/A
2362,10/26/2015,Netmeds.com,Online Pharmacy,N/A,Chennai,"OrbiMed, Pradip Dadha Group",Private Equity Funding,"5,00,00,000",Series A
2363,10/26/2015,Razorpay,Online Payment Gateway,N/A,Jaipur,"Tiger Global Management, Matrix Partners",Private Equity Funding,"90,00,000",Series A
2364,10/27/2015,Jombay,Psychometric Test Online Software,N/A,Pune,Ventureworks India,Private Equity Funding,,N/A
2365,10/27/2015,Happitoo,Location based Nightlife recommendation Platform,N/A,Mumbai,Unnamed investor,Seed Funding,"$77,000.00",N/A
2366,10/27/2015,Care24,Professional Health Services Platform,N/A,Mumbai,India Quotient,Seed Funding,"3,50,000",N/A
2367,10/27/2015,Roadrunnr,Hyperlocal Logistics Service,N/A,Bangalore,"Sequoia Capital, Nexus Venture Partners",Private Equity Funding,"1,00,00,000",Series B
2368,10/27/2015,Simpli5d,Online user engagement platform,N/A,Gurgaon,"Redcliffe Capital, YourNest Angel Fund",Private Equity Funding,,Bridge Funding
2369,10/28/2015,ORIGA Leasing,Asset Financing platform,N/A,Mumbai,"ah! Ventures, 500 Startups & Other HNIs",Seed Funding,"11,00,000",N/A
2370,10/28/2015,Smartivity.in,Virtual Reality activity based learning platform,N/A,New Delhi,S Chand and Co Pvt Ltd,Seed Funding,"2,00,000",N/A
2371,10/28/2015,UrDoorStep,Online Grocery Store,N/A,Bangalore,Jupiter Capital,Private Equity Funding,,Series A
2372,10/29/2015,Tavaga,Investment management platform,N/A,Mumbai,Tracxn Syndicate,Seed Funding,,N/A
2373,10/29/2015,Moglix,Industrial Toons Marketplace,N/A,Noida,"Accel Partner, Jungle Ventures",Private Equity Funding,,pre-Series A
2374,10/29/2015,ZopHop,Public Commute helper App,N/A,Mumbai,"Amit Singhal, PK Gulati & others",Seed Funding,"4,50,000",N/A
2375,10/30/2015,Niki.ai,Artificial Intelligence Ecommerce Chatbot,N/A,Bangalore,Unilazer Ventures,Seed Funding,,N/A
2376,10/30/2015,Instavans,Truck Aggregator & Logistics service,N/A,Bangalore,Suresh Vaswani,Seed Funding,,N/A
2377,10/30/2015,LiftO,Ridesharing Mobile app,N/A,Mumbai,"Rajesh Bhatia, Dheeraj Mehta & Others",Seed Funding,"1,30,000",N/A
2378,10/30/2015,TinyOwl,Food Discovery & Delivery Mobile app,N/A,Mumbai,"Sequoia Capital, Matrix Partners",Private Equity Funding,"75,00,000",Series B
2379,10/30/2015,Toppr.com,Competitive exam learning platform,N/A,Mumbai,InnoVen Capital,Private Equity Funding,"20,00,000",Series C
2380,10/30/2015,Kleeto,Document Digitization platform,N/A,Gurgaon,GREX,Seed Funding,"2,30,000",pre-Series A
2381,10/30/2015,BeaconsTalk,proximity marketing & Mobile Advertising platform,N/A,Mumbai,Puneet Bhatia & others,Seed Funding,"$80,000.00",N/A
2382,10/31/2015,Jugnoo,Autorickshaw Aggregator & Booking platform,N/A,Chandigarh,Paytm,Private Equity Funding,"1,00,00,000",Series B
2383,1/9/2015,TOFlo,FinTech Startup Incubation platform,N/A,Mumbai,Tania Johny Palathinkal,Seed Funding,"1,00,000",N/A
2384,1/9/2015,FXMartIndia,Payment Services platform,N/A,Chandigarh,Flipkart,Private Equity Funding,,Strategic Investment (Majority Stake)
2385,1/9/2015,Stylecracker,Personalized Styling platform,N/A,Mumbai,Group of HNI investors,Private Equity Funding,"10,00,000",Series A
2386,1/9/2015,Luxuryhues,Luxury goods Shopping Platform,N/A,Gurgaon,Reliance Capital,Private Equity Funding,"9,00,000",Series A
2387,2/9/2015,HolaChef,Food Delivery Platform,N/A,Mumbai,Ratan Tata,Private Equity Funding,,Part of Series A raised in June 2015
2388,2/9/2015,Zivame,Online Lingerie Marketplace,N/A,Bangalore,"Zodius Technology Fund, Khazanah Nasional Berhad",Private Equity Funding,"4,00,00,000",Series C
2389,2/9/2015,Capillary Tech,Cloud software solutions,N/A,New Delhi,"Warburg Pincus, Sequoia Capital, Norwest Venture Partners",Private Equity Funding,"4,50,00,000",Series D
2390,3/9/2015,Jobspire,Job Search Platform,N/A,Bangalore,Purvi Capital,Seed Funding,"2,60,000",N/A
2391,3/9/2015,MeraDoctor,Doctor consultancy Mobile App,N/A,Mumbai,India Quotient & other investors,Seed Funding,,N/A
2392,3/9/2015,Vistaar Finance,Small Business Financing (NBFC),N/A,Bangalore,"WestBridge Capital, Omidyar Network, Elevar Equity, Saama Capital, Lok Capital",Private Equity Funding,"4,00,00,000",N/A
2393,3/9/2015,HiJinny,Beauty & Wellness Services Marketplace,N/A,Mumbai,CMYK Health Boutique Pvt Ltd & Other individual investors,Seed Funding,,N/A
2394,4/9/2015,Clapsnslaps,Online Movie Review Platform,N/A,Mumbai,R M Picture Company Pvt. Ltd.,Seed Funding,"1,50,000",N/A
2395,4/9/2015,Blubox,ECommerce Brands\\xe2\\x80\\x99 Full Service Agency,N/A,Mumbai,Ashish Jhalani,Seed Funding,"1,00,000",N/A
2396,4/9/2015,RoomCentral,Cloud-based Hotel Booking Platform,N/A,Bangalore,Karanpal Singh,Seed Funding,"20,00,000",N/A
2397,7/9/2015,YouthKiAwaaz,Community Driven News/Views Platform,N/A,New Delhi,"Raghav Bahl, Ritu Kapur",Seed Funding,"6,00,000",N/A
2398,7/9/2015,Prozo,Study Material Marketplace,N/A,New Delhi,"Nalin Jain, Shomil Pant, Dinesh Kundu & others",Seed Funding,"2,05,000",N/A
2399,7/9/2015,Zomato,Restaurant Ratings & Reviews platform,N/A,Gurgaon,"Temasek, Vy Capital",Private Equity Funding,"6,00,00,000",Late Stage
2400,7/9/2015,Sahayog Dairy,Dairy Based Product Manufacturer,N/A,Bhopal,Acumen Fund,Private Equity Funding,"18,00,000",Series A
2401,8/9/2015,MockBank,Government Test Preparation platform,N/A,Bangalore,Blume Ventures,Seed Funding,"4,00,000",N/A
2402,8/9/2015,ReportBee,Smart Report Cards for Schools,N/A,Chennai,India Educational Investment Fund,Seed Funding,,N/A
2403,8/9/2015,GuruG Learning,Teacher empowerment platform,N/A,Bangalore,India Educational Investment Fund,Seed Funding,,N/A
2404,10/9/2015,OnlineTyari,Multilingual Test Preparation Platform,N/A,Gurgaon,"500 Startups, TV Mohandas Pai, Tandem Capital, Vikram Chachra, Aloke Bajpai",Private Equity Funding,"7,70,000",Series A
2405,10/9/2015,IndustryBuying,Industrial Tools Marketplace,N/A,New Delhi,"Kalaari Capital, SAIF Partners, Beenextan investment fund",Private Equity Funding,"92,00,000",Series B
2406,10/9/2015,The/Nudge Foundation,Non Profit Organization to alleviate poverty,N/A,Bangalore,"Nanadan Nilekani, InMobi, Paytm",Seed Funding,"3,15,000",N/A
2407,11/9/2015,FitMeIn,Gym & Fitness Studios Subscription platform,N/A,New Delhi,Green House Ventures,Seed Funding,"1,00,000",N/A
2408,11/9/2015,Envoged,pre-used luxury item Marketplace,N/A,Mumbai,"Ankush Nijhawan, Manish Dhingra, Gaurav Bhatnagar",Seed Funding,,N/A
2409,11/9/2015,Zapyle,pre-used apparel shopping mobile app,N/A,Bangalore,N/A,Seed Funding,"10,00,000",N/A
2410,11/9/2015,Renomania,Home Design & D\\xc3\\xa9cor platform,N/A,New Delhi,Subodh Gupta,Seed Funding,,N/A
2411,12/9/2015,CredR,Used Vehicles Marketplace,N/A,Mumbai,Eight Road Ventures,Private Equity Funding,"1,50,00,000",Series A
2412,12/9/2015,YatraGenie,Online Bus & Cab ticketing platform,N/A,Hyderabad,Ash Bhardwaj,Private Equity Funding,,Series A
2413,9/14/2015,CanvasFlip,Mobile App testing platform,N/A,Hyderabad,Bessemer Venture Partners,Seed Funding,"12,00,000",N/A
2414,9/14/2015,Shadowfax,Hyperlocal Delivery Services,N/A,Gurgaon,Eight Roads Ventures,Private Equity Funding,"90,00,000",Series A
2415,9/14/2015,UE Life Sciences,Early Cancer Detection Solutions,N/A,US/India,"Aarin Capital, Unitus Seed Fund",Private Equity Funding,"30,00,000",Series A
2416,9/14/2015,Ola Cabs,Cab rental Mobile app,N/A,Bangalore,"Falcon Edge Capital, NY based Hedge Fund, Tiger Global, Softbank",Private Equity Funding,"22,50,00,000",Late Stage
2417,9/15/2015,Coverfox,Online Insurance Distribution Platform,N/A,Mumbai,Cataraman Ventures,Private Equity Funding,"20,00,000",Part of $12M Series B funding
2418,9/15/2015,MoEngage,Mobile Marketing Automation Platform,N/A,Bangalore,"Helion Venture Partners, Exfinity Ventures",Private Equity Funding,"42,50,000",Series A
2419,9/15/2015,Mubble,Prepaid Mobile Bill Manager App,N/A,Bangalore,Nandan Nilekani,Seed Funding,,N/A
2420,9/15/2015,Tea Trails,Chain of Tea Caf\\xc3\\xa9\\xe2\\x80\\x99s,N/A,Mumbai,"Anil Matai, Vikram Tandon, Shyam Sundar R & others",Seed Funding,"10,00,000",N/A
2421,9/15/2015,Room on Call,Branded Budget Hotel Marketplace,N/A,Noida,Payal Syal,Seed Funding,"3,00,000",N/A
2422,9/15/2015,FYNE,Home Fitting & Fixtures Marketplace,N/A,Bangalore,Sandeep Dama & Others,Seed Funding,,Pre-Series A
2423,9/16/2015,ChaiPoint,Food Subscription platform,N/A,Bangalore,Eight Roads Ventures,Private Equity Funding,"1,00,00,000",Series A
2424,9/16/2015,WedmeGood.com,Wedding Planning Platform,N/A,Gurgaon,Indian Angel Network,Seed Funding,"4,10,000",N/A
2425,9/16/2015,XSTOK,B2B Mobile Auction Marketplace,N/A,Mumbai,Oliphans Capital,Seed Funding,"4,50,000",N/A
2426,9/17/2015,UniLog,ECommerce Data Analytics Platform,N/A,Bangalore,Kalaari Capital,Private Equity Funding,,N/A
2427,9/17/2015,Paintcollar,Designer Merchandize Marketplace,N/A,Mumbai,Applyifi,Seed Funding,,Bridge Funding
2428,9/17/2015,YepMe,Private label Fashion eTailer,N/A,Gurgaon,"Khazanah Nasional Berhad, Helion Venture Partners",Private Equity Funding,"7,50,00,000",Series D
2429,9/17/2015,Bueno,Online Food ordering & delivery,N/A,Gurgaon,High Networth Individuals (No details),Seed Funding,"6,00,000",N/A
2430,9/18/2015,Plabro,Real Estate Broker Platform App,N/A,New Delhi,"Sachin Bansal & Binny Bansal, Sol Primero, Outbox Ventures, Sangram Singh",Seed Funding,"3,50,000",N/A
2431,9/18/2015,CureJoy,Online Health & Wellness platform,N/A,Bangalore,"Accel Partners, Subrata Mitra, Larry Braitman, Venk Krishna",Private Equity Funding,"11,50,000",Pre-Series A
2432,9/18/2015,Briston Technomach,Internet of Things platform,N/A,New Delhi,Undisclosed,Seed Funding,"1,50,000",N/A
2433,9/18/2015,LabStreet,Diagnostic Labs aggregator platform,N/A,Gurgaon,Multiple investors,Seed Funding,"1,50,000",N/A
2434,9/19/2015,DailyNinja,Hyperlocal Delivery Platform,N/A,Bangalore,"Aprameya Radhakrishna, Naman Sarawagi, Afsal Salu,",Seed Funding,,N/A
2435,9/21/2015,Portea Medical,Home Medical Care Services,N/A,Bangalore,"Accel Partners, International Finance Corporation (IFC), Qualcomm Ventures, Ventureast",Private Equity Funding,"3,75,00,000",N/A
2436,9/21/2015,Neotrade Analytics,Real-Time stock data platform,N/A,Bangalore,Rainmatter,Seed Funding,"2,35,000",N/A
2437,9/21/2015,DishCo,Food discovery & table booking app,N/A,Mumbai,"Anand Mahindra, Uday Punj, Ashish Hemrajani, Sanjeev Mehra",Seed Funding,,N/A
2438,9/21/2015,LafaLafa,coupons and cashback aggregator app,N/A,Mumbai,500 Startups,Seed Funding,"1,25,000",thru Accelerator
2439,9/21/2015,ConnectAbank,Financial Products lead generation platform,N/A,Mumbai,Prakhar Bumb,Seed Funding,,N/A
2440,9/22/2015,VillFarm,Sustainable Agri-inputs Firm,N/A,Bangalore,"Unitus Seed Fund, Rianta Capital, R Ramaraj, Sunil Edwards",Seed Funding,,N/A
2441,9/22/2015,Bestdealfinance,Financial Services Portal,N/A,Mumbai,"Kalaari Capital, YourNest Angel Fund",Private Equity Funding,"30,00,000",Series A
2442,9/22/2015,GameXS.in,Pre-owned games Marketplace,N/A,New Delhi,Lead Angels,Seed Funding,,N/A
2443,9/22/2015,The Man Company,Content-based Subscription eCommerce platform,N/A,New Delhi,"Karan Bajwa, Amanpreet Bajaj, Manish Vij",Seed Funding,,N/A
2444,9/22/2015,Virtual Logic,"virtual reality, 3d simulation and stereoscopic products",N/A,Bangalore,Swarnim Multiventures,Private Equity Funding,"8,00,000",Pre-Series A
2445,9/22/2015,Furdo,Online Interior Designing platform,N/A,Bangalore,Bhavdeep Reddy,Seed Funding,"4,00,000",N/A
2446,9/22/2015,LogiNext,End-to-end Logistics platform,N/A,Mumbai,Paytm,Private Equity Funding,"1,00,00,000",Series A
2447,9/22/2015,Korra,Private Label Apparel sales,N/A,New Delhi,Asha Jadeja Motwani & Others,Seed Funding,"3,00,000",N/A
2448,9/23/2015,Credihealth,Healthcare Consulting platform,N/A,Gurgaon,Rajat Malhotra,Seed Funding,,N/A
2449,9/23/2015,Amigobulls,Stock Market Portal,N/A,Bangalore,"Sharad Sharma, Vijay Anand, Mohandas Pai. Pallav Nadhani, Singapore Angels Network & others",Seed Funding,,N/A
2450,9/23/2015,SilverPush,Cross-device retargeting platform,N/A,Gurgaon / SFO,M&S Partners,Private Equity Funding,"12,00,000",Series A
2451,9/23/2015,Juggernaut,Digital & Physical Publishing platform,N/A,New Delhi,"William Bissell, Neeraj Aggarwal, Nandan Nilekani",Private Equity Funding,"22,50,000",Series A
2452,9/23/2015,InnerChef,Food Delivery Platform,N/A,New Delhi,"Phanindra Sama, Anupam Mittal, Vijay Shekhar Sharma, Vishal Gondal, Sateesh Andara & others",Private Equity Funding,"17,50,000",pre-Series A
2453,9/24/2015,Quintype,Data Driven Publishing platform,N/A,Bangalore,Raghav Bahl,Private Equity Funding,"33,00,000",N/A
2454,9/24/2015,Capabiliti,Employee OnBoarding & Orientation platform,N/A,Noida,"500 Startups, Smile Multimedia, Kunal Bahl, Rohit Bansal, Girish Matrubootham",Seed Funding,"4,00,000",N/A
2455,9/24/2015,Fourth Partner Energy,Solar Power Solutions company,N/A,Hyderabad,"Infuse Ventures, The Chennai Angels",Private Equity Funding,"20,00,000",Series A
2456,9/24/2015,Licious,Online Meat Ordering platform,N/A,Bangalore,"Kanwaljit Singh, TV Mohandas Pai",Seed Funding,"10,00,000",N/A
2457,9/25/2015,TravelKhana,online meal-booking platform for train travelers,N/A,New Delhi,Astarc Ventures & Others,Seed Funding,,Pre-Series A
2458,9/28/2015,Quickli,hyperlocal delivery platform,N/A,New Delhi,"500 Startups, Mato Peric & Others",Seed Funding,,N/A
2459,9/28/2015,Ola Cabs,Cab Booking app platform,N/A,Bangalore,Didi Kuaidi,Private Equity Funding,"3,00,00,000",late Stage (part of $500M funding rnd)
2460,9/29/2015,Paytm,E-Commerce & M-Commerce platform,N/A,New Delhi,"Alibaba Group, Ant Financial",Private Equity Funding,"68,00,00,000",Late Stage (Alibaba @ 40% equity)
2461,9/29/2015,Inmobi,Mobile Advertising platform,N/A,Bangalore,Tennenbaum Capital Partners & Others,Private Equity Funding,"10,00,00,000",Late Stage
2462,9/29/2015,Peppertap,Hyperlocal Grocery Delivery,N/A,Gurgaon,"Sequoia India, SAIF Partners.",Private Equity Funding,"3,60,00,000",Series B
2463,9/29/2015,Hugefly,Ecommerce Product recommendation platform,N/A,Pune,Mayank Singhal and others,Seed Funding,,N/A
2464,9/29/2015,Brigge,Activity Based Social Network,N/A,Chennai,The Chennai Angels,Seed Funding,,N/A
2465,9/29/2015,Zakoopi,Fashion Discovery platform,N/A,New Delhi,Uniqorn Ventures,Seed Funding,"3,50,000",N/A
2466,9/29/2015,LoanCircle,Consumer lending marketplace,N/A,Bangalore,"Zishaan Hayath, Rahul Khanna & Others",Seed Funding,,N/A
2467,9/30/2015,Infoworks,Big Data Management Platform,N/A,Bangalore / USA,"Nexus Venture Partners, Knoll Ventures and others",Private Equity Funding,"50,00,000",N/A
2468,9/30/2015,RedDoorz,Budget Accommodation Platform,N/A,Noida,Jungle Ventures,Seed Funding,"10,00,000",N/A
2469,9/30/2015,FirstTouch,Local Mobile OS,N/A,Gurgaon,"Kunal Bahl, Rohit Bansal, Pranay Chulet, Naveen Tiwari, Amit Gupta, Mayank Singhal",Seed Funding,,Super angel round
2470,9/30/2015,Eywa Media,Digital Signal processing platform,N/A,Bangalore,"ah! Ventures, Viktor Koenig PE Fund, Mantra Ventures",Seed Funding,"10,00,000",N/A
2471,1/8/2015,Snapdeal,Ecommerce Marketplace,N/A,New Delhi,"Alibaba, Foxconn, Softbank",Private Equity Funding,"50,00,00,000",Late Stage Round 7th (More details)
2472,1/8/2015,Ressy,Restaurant Discount app,N/A,Pune,Mohandas Pai & others,Seed Funding,"4,00,000",N/A
2473,3/8/2015,Cuelearn,Tech-enabled learning,N/A,New Delhi,Alok Mittal,Seed Funding,,N/A
2474,3/8/2015,Connect India,ECommerce Logistics provider,N/A,New Delhi,Aavishkaar,Private Equity Funding,"50,00,000",Series A
2475,3/8/2015,The Home Salon,on-demand home beauty and wellness portal,N/A,Mumbai,VentureNursery,Seed Funding,,N/A
2476,3/8/2015,Jusride,Self Driven Car rental,N/A,Mumbai,"Alok Mittal, Zeeshan Hayat, Niraj Singh, Nikunj Jain, Anirudh Damani, Punit Goyal",Seed Funding,,N/A
2477,3/8/2015,Oyorooms,Budget Hotel accommodation brand,N/A,New Delhi,"SoftBank Group, Greenoaks Capital, Sequoia Capital, Lightspeed India",Private Equity Funding,"10,00,00,000",Series B
2478,3/8/2015,Glowship,Energy & Environment Online Marketplace,N/A,Bangalore,Infuse Ventures,Seed Funding,,N/A
2479,3/8/2015,Wizrocket,User Engagment & Analytics platform,N/A,Mumbai,"Sequoia Capital, Accel Partners",Private Equity Funding,"96,00,000",Series B
2480,4/8/2015,Pickingo,On-Demand Delivery Logistics,N/A,New Delhi,"Orios Venture Partners, Zishaan Hayath",Private Equity Funding,"13,00,000",Series A
2481,5/8/2015,Grex,fund raising platform for startups,N/A,Pune,"Kunal Bajaj, Chandru Badrinarayanan",Seed Funding,"6,50,000",N/A
2482,5/8/2015,LetsTransport,Logistics Tech Platform,N/A,Bangalore,"Rebright Partners, Ankush Nijhawan, Gaurav Bhatnagar, Manish Dhingra",Seed Funding,"13,00,000",N/A
2483,5/8/2015,Zo Rooms,Online budget hotel chain,N/A,New Delhi,"Tiger Global Management, Orios Venture Partners",Private Equity Funding,"3,00,00,000",Series A
2484,5/8/2015,Doormint,Hyperlocal Handyman services,N/A,Mumbai,"Helion Venture Partners, Kalaari Capital",Private Equity Funding,"30,00,000",Series A
2485,5/8/2015,NightStay,hotel booking app,N/A,Noida,"BedRock Ventures, Rajesh Sawhney, Shailesh Singh",Seed Funding,"5,00,000",N/A
2486,5/8/2015,Zocalo,Rental Accomodation finder,N/A,New Delhi,"Sachin Bhatia, Rajesh Sawhney",Seed Funding,,N/A
2487,5/8/2015,Sunday Realty Solutions,Tech Platform for property brokers,N/A,Mumbai,"Ramesh Jogani, Shailesh Viswanathan, Jay Srinivasan",Seed Funding,"7,85,000",N/A
2488,6/8/2015,Klozee,Luxury Apparel rental,N/A,Bangalore,Tracxn Labs,Seed Funding,,N/A
2489,6/8/2015,Appvigil,App security testing platform,N/A,Mumbai,"Ravi Gururaj, Gaurav Sharma, Viswanath Ramachandran, RippleWave",Seed Funding,"5,00,000",pre Series-A
2490,6/8/2015,practo,Doctor Appointment booking app,N/A,Bangalore,"Sofina, Google Capital, Altimeter Capital, Sequoia Capital Global Equities, Yuri Milner, Sequoia Capital, Matrix Partners",Private Equity Funding,"9,00,00,000",Series C
2491,6/8/2015,LoudShout,anonymous bulletin board app,N/A,New Delhi,"Sanjay Sethi, Ravi Jaipuria & others",Seed Funding,,N/A
2492,6/8/2015,Wetravelsolo,Travel community platform,N/A,New Delhi,"CCube Angels, Frontline Strategy",Seed Funding,,N/A
2493,6/8/2015,Ketto,Crowd funding platform,N/A,Mumbai,"Chennai Angels, Calcutta Angels, ah! Ventures, Intellecap Impact Investment Network, Indus Age Partners, Singapore Angel Network, India Internet Fund, LetsVenture",Seed Funding,"7,00,000",N/A
2494,6/8/2015,Ezetap,Mobile based PoS solution,N/A,Bangalore,"Horizons Ventures, Capricorn Investment Group, Social+Capital, Helion Advisors, Berggruen Holdings",Private Equity Funding,"2,50,00,000",Series C
2495,6/8/2015,NDTV ecommerce venture,Car & Bike ecommerce platform,N/A,Mumbai,"Inflexionpoint, Pramod Bhasin, Sixth Sense Ventures, Vindi Banga, Hiro Mashita",Private Equity Funding,,Series A
2496,7/8/2015,Carl\\xe2\\x80\\x99s Jr,Fast food Chain Franchisee,N/A,Gurgaon,YouWeCan Ventures,Seed Funding,"6,30,000",N/A
2497,7/8/2015,EasyRewardz,Loyalty Programs & Reward Points,N/A,Mumbai,"Wealth First, Ashneer Grover, Atul Phadnis",Private Equity Funding,"5,00,000",Pre-Series A
2498,7/8/2015,GIBSS,Energy saving solutions provider,N/A,Mumbai,"responsAbility Investments, Infuse Ventures",Private Equity Funding,,Series A
2499,7/8/2015,StoreMore.in,Self-Storage Spaces,N/A,Noida,Bedrock Ventures,Seed Funding,,N/A
2500,7/8/2015,iOrderFresh,Grocery retail Mobile app,N/A,New Delhi,Best Foodworks,Seed Funding,,N/A
2501,10/8/2015,MyTaxiIndia,Taxi Rental platform,N/A,Gurgaon,"Nihon Kotsu,",Private Equity Funding,"5,00,000",Pre Series-A
2502,10/8/2015,eSadar,ecommerce,N/A,New Delhi,"Neha Vats, Gaurav Vats",Seed Funding,"$80,000.00",N/A
2503,10/8/2015,Actionable Analytics,Machine Learning Platform,N/A,New Delhi/ Houston,"B M Gupta, Vinod Singhal",Seed Funding,,N/A
2504,10/8/2015,MyPoolin,mobile social network,N/A,New Delhi,QPrize from Qualcomm Ventures,Seed Funding,"2,50,000",QPrize Contest Winners
2505,10/8/2015,NearBuy (previously groupon India),Hyper-Local Ecommerce,N/A,New Delhi,Sequoia Capital,Private Equity Funding,"1,60,00,000",Series A
2506,10/8/2015,Inkmonk,Online printing marketplace,N/A,Chennai,"Girish Mathrubootham, Phanindra Sama, Vikram Chachra, Others from LetsVenture",Seed Funding,"2,50,000",N/A
2507,10/8/2015,ToneTag,mobile payment software platform,N/A,Bangalore,Reliance Capital Venture,Private Equity Funding,"10,00,000",Series A
2508,10/8/2015,Grey Orange,Automated Storage & Warehousing Solution,N/A,Gurgaon,Tiger Global Management,Private Equity Funding,"3,00,00,000",Series B
2509,11/8/2015,Livspace,Home Design & D\\xc3\\xa9cor solutions,N/A,Bangalore,"Helion Ventures, Jungle Ventures & Bessemer Venture Partners",Private Equity Funding,"80,00,000",Series A
2510,11/8/2015,WOW! MOMO,Quick Service Restaurant Chain,N/A,Kolkata,Indian Angel Network,Seed Funding,"16,00,000",N/A
2511,11/8/2015,RainCan,Subscription based Online Grocery platform,N/A,Pune,Ajeet Khurana & Others,Seed Funding,"1,00,000",N/A
2512,11/8/2015,Allygrow Technologies,engineering services company,N/A,Mumbai,Zodius Technology Fund,Private Equity Funding,"2,00,00,000",Series A
2513,11/8/2015,Infogain,Business and IT consulting,N/A,New Delhi / US,ChrysCapital,Private Equity Funding,"6,30,00,000",N/A
2514,12/8/2015,OneAssist,Credit Card Fraud protection solutions,N/A,Mumbai,"Sequoia Capital, Lightspeed Ventures",Private Equity Funding,"75,00,000",Series B
2515,12/8/2015,BigBasket,Online & mobile Grocery store,N/A,Bangalore,Bessemer Venture Partners,Private Equity Funding,"5,00,00,000",Series C
2516,12/8/2015,Sheroes,Career Community for Women,N/A,Noida,"Quintillion Media, 500 Startups",Seed Funding,"7,70,000",N/A
2517,12/8/2015,Scripbox,Mutual Fund Investing platform,N/A,Bangalore,"Accel Partners, Deep Kalra, Rajesh Magow, Mohit Gupta, Shamik Sharma",Private Equity Funding,"25,00,000",Series A
2518,8/13/2015,etaout,Ecommerce Marketing Software Platform,N/A,Noida,"Amit Ranjan, Vijay Shekhar Sharma, Kunal Bahl, Girish Mathrubootham & Group of other Angel investors",Seed Funding,"5,00,000",N/A
2519,8/13/2015,IFMR Holdings,Financial Inclusion platform,N/A,Chennai,"Accion, LeapFrog Investments, Lok Capital",Private Equity Funding,"2,50,00,000",Series B
2520,8/13/2015,Massblurb,Digital Marketing automation solution,N/A,Mumbai,"LetsVenture, Mumbai Angels",Seed Funding,,N/A
2521,8/13/2015,Agrostar,Mobile Commerce for Farmers,N/A,Pune,IDG Ventures,Private Equity Funding,"40,00,000",Series A
2522,8/14/2015,VoxWeb,Picture based Social App,N/A,Mumbai,Jitendra Gupta & others,Seed Funding,"1,00,000",N/A
2523,8/14/2015,Trukky,Logistics service platform,N/A,Ahmedabad,"Gujarat based angel investors, MMY co-Founder",Seed Funding,"2,45,000",N/A
2524,8/14/2015,VanityCube,On-Demand Beauty Services,N/A,New Delhi,Group of angel investors,Seed Funding,,N/A
2525,8/17/2015,Edu4Share,Exam Preparation Platform,N/A,New Delhi,Nalin Jain & other angel investors,Seed Funding,"2,20,000",N/A
2526,8/17/2015,YourStory,Startup Focused Online Publisher,N/A,Mumbai,"Ratan Tata, Vani Kola, T V Mohandas Pai, Karthee Madasamay",Seed Funding,,N/A
2527,8/17/2015,Sampurnearth,Waste Management Solutions,N/A,Mumbai,"Intellecap Impact Investment Network, family office fund",Seed Funding,"1,60,000",N/A
2528,8/17/2015,Orobind,App based Fitness coaching,N/A,Bangalore,Existing & New Investors,Private Equity Funding,,pre series A
2529,8/17/2015,Fixy,On demand cleaning & fixing services,N/A,Mumbai,VentureNursery,Seed Funding,,N/A
2530,8/17/2015,MSM Box,Beauty & Lifestyle platform,N/A,New Delhi,Rohit Goel,Seed Funding,,N/A
2531,8/17/2015,ShadowFax,on-demand delivery service,N/A,Gurgaon,"Kunal Bahl, Rohit Bansal, Zishaan Hayath, Prashant Malik",Seed Funding,"3,10,000",N/A
2532,8/17/2015,Gadgets 360,Car & Bike ecommerce platform,N/A,New Delhi,One97 Communications,Private Equity Funding,,Strategic Investment
2533,8/18/2015,Roposo,Fashion Discovery platform,N/A,Gurgaon,Tiger Global,Private Equity Funding,"1,50,00,000",Series B
2534,8/18/2015,IntelligenceNODE,Data Analytics Platform,N/A,Mumbai,"New Enterprise Associates, Orios Venture Partners",Private Equity Funding,"42,00,000",Series A
2535,8/18/2015,HyperVerge,Deep Learning Cloud Algorithms,N/A,Chennai,"NEA, Milliways Ventures, Naya Ventures",Seed Funding,"10,00,000",N/A
2536,8/18/2015,Twyst,Location based engagement & rewards platform,N/A,Gurgaon,"Rohit Bhatia, Sunil Nikhar, Vaibhav Domkundwar, Siddharth Nautiyal",Seed Funding,,N/A
2537,8/18/2015,IDfy,Online Identity Verification Services platform,N/A,Mumbai,"NEA, Blume Ventures & others",Private Equity Funding,,Series A
2538,8/18/2015,Zoojoo.be,Corporate Wellness App,N/A,Bangalore,RoundGlass Partners,Private Equity Funding,"10,00,000",Series A
2539,8/19/2015,Fashionove,Fashion Search & Review Platform,N/A,Kolkata,Umesh Yadav,Seed Funding,,N/A
2540,8/19/2015,TimeSaverz,"Hyperlocal Maintenance, Repair & Cleaning services",N/A,Mumbai,Unilazer Ventures,Private Equity Funding,"24,00,000",N/A
2541,8/19/2015,Envoged,pre-owned Luxury online apparel seller,N/A,Mumbai,"Manish Dhingra, Ankush Nijhawa, Gaurav Bhatnagar",Seed Funding,,N/A
2542,8/19/2015,MebelKart,Online Furniture Marketplace,N/A,Bangalore,AskMe,Private Equity Funding,"2,00,00,000",N/A
2543,8/20/2015,LabsAdvisor,Online Diagnostic Tests Marketplace,N/A,New Delhi,Group of Angel Investors,Seed Funding,"1,56,000",N/A
2544,8/20/2015,Flatpebble,Online marketplace for Photographers,N/A,Hyderabad,Indian Angel Network,Seed Funding,"6,00,000",N/A
2545,8/20/2015,Bluegape.com,Visual Blogging platform,N/A,New Delhi,"ah! Ventures, Times Internet, Rudy Gopalakrishnan",Seed Funding,"6,00,000",N/A
2546,8/21/2015,ePoise,Job Search Platform,N/A,Bangalore,"Orios Venture Partners, Amit Ranjan & others",Seed Funding,"5,00,000",N/A
2547,8/24/2015,Jolly Food Fellow,Food Customer analytics platform,N/A,Ahmedabad,The 1947,Seed Funding,"3,00,000",N/A
2548,8/24/2015,BookMeIn,Professional Service Appointment booking service,N/A,Mumbai,Ajmera Group of Companies,Seed Funding,"4,00,000",N/A
2549,8/24/2015,iZofy,Scientific Horoscope Online Assistance platform,N/A,Kolkata,Prime Capital Markets Ltd,Seed Funding,,N/A
2550,8/24/2015,rBus,Tech enabled AC bus service,N/A,Mumbai,"India Quotient, Anupam Mittal & others",Seed Funding,,N/A
2551,8/25/2015,Qyk App,On-Demand App based Professional service provider,N/A,Bangalore,"GrowX ventures, Tracxn Labs, Powai Lake Ventures, and Sahil Barua",Private Equity Funding,"10,00,000",pre-series A
2552,8/25/2015,EazyDiner,Restaurant Reservation Platform,N/A,Gurgaon,"DSG Consumer Partners, Saama Capital",Private Equity Funding,"30,00,000",Series A
2553,8/25/2015,RevX,Cross-channel CRM platform,N/A,Mumbai,"Norwest Venture Partners, Nexus Venture Partners, Helion Venture Partners, Draper Fisher Jurvetson, Peepul Capital",Private Equity Funding,"40,00,000",Series A
2554,8/25/2015,ICustomMadeIt,Professional Custom creators Marketplace,N/A,Pune,Group of Angel Investors,Seed Funding,"2,50,000",N/A
2555,8/26/2015,PickMyLaundry,on-Demand Washing & Dry-Cleaning,N/A,New Delhi,GHV Accelerator,Seed Funding,"1,00,000",N/A
2556,8/26/2015,Belita,On-Demand Beauty Service,N/A,Mumbai,"India Quotient, LetsVenture investors, Lead Angels",Seed Funding,"4,00,000",N/A
2557,8/26/2015,EzySolare,solar products and services marketplace,N/A,Ahmedabad,Infuse Ventures,Seed Funding,,N/A
2558,8/26/2015,FoodTalkIndia,Online Food Community Platform,N/A,Gurgaon,Undisclosed Investor,Seed Funding,"5,00,000",N/A
2559,8/27/2015,InstaSafe,Private Cloud Networks SAAS platform,N/A,Bangalore,Group of Investors,Seed Funding,,N/A
2560,8/27/2015,Eazy Coach,Education Marketplace,N/A,Kolkata,Ravi Agarwal,Seed Funding,,N/A
2561,8/27/2015,Djubo.com,Cloud Based Hotel Sales Platform,N/A,New Delhi,Ibibo Group,Private Equity Funding,,Strategic Investment
2562,8/28/2015,BetterButter.in,online recipe sharing platform,N/A,New Delhi,"Growx Ventures, Manish Singhal",Seed Funding,,N/A
2563,8/28/2015,Vyomo,Beauty & Lifestyle Mobile Marketplace,N/A,Bangalore,Rocket Internet,Private Equity Funding,"20,00,000",Pre-Series A
2564,8/28/2015,RollMafia,QSR Restaurant Chain,N/A,Pune,Equentia Natural Resources,Seed Funding,"1,60,000",N/A
2565,8/29/2015,iamwire,Digital Media publishing platform,N/A,Gurgaon,"Li Tao, Li Jian, Draphant Consultants, Nitin Garg, Saurabh Jain, Mohit Agarwal",Seed Funding,,N/A
2566,8/31/2015,DropKaffe,Online Coffee Delivery platform,N/A,Bangalore,"Manish Singhal, P39 Capital & Others",Seed Funding,"3,00,000",N/A
2567,8/31/2015,Reverie,Language Localization Cloud platform,N/A,Bangalore,"Aspada Investment Advisors, Qualcomm Ventures",Private Equity Funding,"40,00,000",Series A
2568,8/31/2015,Infinite Analytics,Big Data & predictive Analysis Platform,N/A,Mumbai,"Ratan Tata, Nikhil Vora & others",Private Equity Funding,,Bridge Round
2569,1/7/2015,Parcelled,Online Logistics Platform,N/A,Bangalore,"Delhivery, Tracxn Labs",Seed Funding,,N/A
2570,1/7/2015,Retigence Technologies,Business IT Intelligence Services,N/A,Mumbai,Omnivore Partners,Private Equity Funding,,Series A
2571,1/7/2015,Cloudcherry Analytics,CRM / Analytics platform,N/A,Chennai,"The Chennai Angels, IDG Ventures India",Seed Funding,"10,00,000",N/A
2572,1/7/2015,HandyHome,Hyperlocal Electronics repair Service,N/A,Mumbai,"Bessemer Ventures, Kae Capital",Seed Funding,"6,30,000",N/A
2573,1/7/2015,iDreamCareer,Ed-Tech Platform,N/A,New Delhi,"ah! Ventures, Vivek Joshi, Mohit Satyanand & others",Seed Funding,,N/A
2574,1/7/2015,Ola Cabs,Cab rental Mobile app,N/A,Bangalore,Ratan Tata,Private Equity Funding,,Personal Investment
2575,1/7/2015,NxtGen,IT infrastructure & Data Center services,N/A,Bangalore,"IFC, Axon Partners, Intel Capital",Private Equity Funding,"1,35,00,000",Series A
2576,2/7/2015,BankBazaar,Online Financial Services,N/A,Chennai,"Amazon, Fidelity Growth Partners, Mousse Partners",Private Equity Funding,"6,00,00,000",Series C\\n(More here)
2577,2/7/2015,Gozoomo,Used Car Marketplace,N/A,Bangalore,SAIF Partners,Private Equity Funding,"50,00,000",Series A
2578,2/7/2015,Zenatix,Internet of Things platform,N/A,Gurgaon,"Rajan Anandan, Kunal Bahl, Rohit Bansal, Rahul Khanna",Seed Funding,"1,61,000",N/A
2579,3/7/2015,CultureAlley,Language Learning App,N/A,Jaipur,Tiger Global,Private Equity Funding,"65,00,000",Series A
2580,3/7/2015,Goqii,Mobile Fitness Marketplace,N/A,Mumbai,Vijay Shekhar Sharma,Private Equity Funding,,Pre-Series A
2581,3/7/2015,Gingercrush,Custom Merchandize platform,N/A,Ahmedabad,"Gokul Jaykrishna, Brand Capital",Seed Funding,"10,00,000",N/A
2582,4/7/2015,Elanic,P2P Pre-owned goods marketplace,N/A,Bangalore,"Rebright Partners, Tracxn Labs, Aneesh Reddy",Seed Funding,,N/A
2583,4/7/2015,Stitchwood,Custom Furniture Marketplace,N/A,Mumbai,"Powai Lake Ventures, Ajeet Khurana & others",Seed Funding,"3,95,000",N/A
2584,5/7/2015,Urban Tailor,Online Tailoring Services,N/A,Bangalore,Group of angel investors,Seed Funding,,N/A
2585,6/7/2015,ConfirmtTkt,Rail Ticket Confirmation predictor,N/A,Bangalore,Pravin Agarwala & others,Seed Funding,,N/A
2586,6/7/2015,Paper Boat,Ethnic Beverages manufacturer,N/A,Gurgaon,"Sofina, Hillhouse Capital",Private Equity Funding,"3,00,00,000",Series B
2587,6/7/2015,getNow,Hyperlocal Goods marketplace,N/A,Nagpur,Atulya Mittal,Seed Funding,,N/A
2588,7/7/2015,Wudstay,Budget Accommodation aggregator,N/A,Gurgaon,"Mangroves Capital Partners, Vikas Saxena",Private Equity Funding,"30,00,000",Series A
2589,7/7/2015,Liases Foras,Real Estate Rating & Analysis,N/A,New Delhi,DMG information Asia Pacific,Private Equity Funding,"50,00,000",Series A
2590,7/7/2015,Eatlo,Food Delivery platform,N/A,Bangalore,"Powai Lake Ventures, Globeinvestor, Abhishekh Goyal",Seed Funding,,N/A
2591,7/7/2015,IndiaLends,Financial Tech,N/A,New Delhi,"DSG Consumer Partners, Siddharth Parekh",Private Equity Funding,,Pre-Series A
2592,8/7/2015,Quinto,Food Discovery App,N/A,Pune,Jaydeep Barman,Seed Funding,,N/A
2593,8/7/2015,Saavn,Music Streaming App,N/A,Mumbai,"Tiger Global Management, Bertelsmann India, Steadview Capital, Liberty Media, Mousse Partners, Quilvest",Private Equity Funding,"10,00,00,000",Series C
2594,8/7/2015,Flytxt,Big Data & Analytics platform,N/A,Mumbai / Global,"Sunrise Capital GmBH, Big Data Investments B.V",Private Equity Funding,"1,10,00,000",Series A
2595,8/7/2015,Axtria,Big Data & Analytics platform,N/A,India / US,"Helion Venture Partners,Amarpreet Sawhney, Deshpande Foundation, Fred Khosravi, Richard S. Braddock",Private Equity Funding,"3,00,00,000",Series C
2596,8/7/2015,33Coupons,Coupon Aggregator Platform,N/A,Kanpur,Not Disclosed,Seed Funding,"$20,000.00",N/A
2597,8/7/2015,Ampere,Electric Scooter manufacturer,N/A,Coimbatore,Ratan Tata,Seed Funding,,N/A
2598,8/7/2015,Hopping Chef,Online Food-Tech Platform,N/A,Mumbai,Mirah Hospitality,Seed Funding,"4,70,000",Strategic Investment
2599,8/7/2015,Collectabillia,Celebrity Fashion Brand,N/A,Bangalore,Accel Partners,Private Equity Funding,"75,00,000",Series B
2600,8/7/2015,Lendingkart,Online Finance lending platform,N/A,Ahmedabad,"Saama Capital, Mayfield, Ashvin Chadha, Shailesh Mehta",Private Equity Funding,"1,00,00,000",Series A
2601,8/7/2015,Lybrate,Healthcare Mobile App,N/A,New Delhi,"Tiger Global Management, Ratan Tata, Nexus Venture Partners",Private Equity Funding,"1,02,00,000",Series A
2602,8/7/2015,Zoomcar,Self-driven vehicle rental,N/A,Bangalore,"Sequoia Capital, Empire Angels, NGP",Private Equity Funding,"1,10,00,000",Series B
2603,9/7/2015,News in shorts,News Aggregator mobile app,N/A,Noida,Tiger Global,Private Equity Funding,"$20,000,000.00",Series B
2604,9/7/2015,Bluestone,Online Jewellery Store,N/A,Bangalore,"IvyCap Ventures, Accel Partners, Dragoneer Investment Group",Private Equity Funding,"$16,200,000.00",N/A
2605,9/7/2015,Shopsity,Fashion Info Aggregator App,N/A,Gurgaon," Sandeep Aggarwal, Teruhide Sato",Seed Funding,,N/A
2606,9/7/2015,Notesgen,Online Study Notes Marketplace,N/A,New Delhi,"Rajeev Saraf, Arvind Jha, R. Satya Narayanan",Seed Funding,,N/A
2607,10/7/2015,Infinity Assurance,Warranty Programs Service Administration,N/A,New Delhi,Indian Angel Network,Seed Funding,"$600,000.00",N/A
2608,10/7/2015,Footprints Education,Pre-School Chain,N/A,Gurgaon,"LetsVenture, Kumar Bansal, Kshitij Jain",Seed Funding,"$685,000.00",N/A
2609,10/7/2015,Loylty Rewards,Premium Loyalty Rewards Point Management,N/A,Mumbai,IndianIdeas.com,Private Equity Funding,"$19,350,000.00",Late Stage
2610,7/13/2015,Ameyo,Contact Center Software Platform,N/A,Gurgaon,Forum Synergies PE Fund,Private Equity Funding,"$5,000,000.00",Series A
2611,7/13/2015,Mamagoto,Casual Dining restaurant Chain,N/A,New Delhi,Goldman Sachs,Private Equity Funding,"$10,000,000.00",Series A
2612,7/13/2015,Satvacart,Online Grocery Delivery,N/A,Gurgaon,Palaash Ventures,Seed Funding,,N/A
2613,7/14/2015,MySmartPrice,Online comparison engine,N/A,Hyderabad,"Accel Partners, Helion Venture Partners",Private Equity Funding,"1,00,00,000",Series B
2614,7/14/2015,Zenify,Residential Rental management platform,N/A,Bangalore,Atul Jalan,Seed Funding,,N/A
2615,7/14/2015,Boxmyspace,Physical Storage warehouses,N/A,Mumbai,"Ritesh Veera, Singapore Angel Network, Orios Venture Partners,",Seed Funding,"3,00,000",N/A
2616,7/14/2015,HackerRank,Tech Recruitment platform,N/A,Bangalore,HR Technology fund,Private Equity Funding,"75,00,000",Series C
2617,7/14/2015,WickedRide,Bike Rental Platform,N/A,Bangalore,Undisclosed,Seed Funding,"7,90,000",N/A
2618,7/14/2015,WoWexpress,Tech enabled logistics platform,N/A,Mumbai,Tamarind Family Private Trust,Seed Funding,"5,00,000",N/A
2619,7/15/2015,Oyo Rooms,Budget Hotel Accommodation,N/A,Gurgaon,"Softbank, Sequoia Capital",Private Equity Funding,"10,00,00,000",Series B
2620,7/15/2015,Mobikon,Restaurant customer engagement platform,N/A,Pune,Jungle Ventures,Private Equity Funding,"23,00,000",Series B
2621,7/15/2015,InstaLively.com,Live video streaming app,N/A,New Delhi,"Anupam Mittal, Anand Chandrasekaran, Uday Shankar, Chetan Bhagat",Seed Funding,,N/A
2622,7/15/2015,Roadrunnr,Hyper local logistics platform,N/A,Bangalore,"Sequoia Capital, Nexus Venture Partners, Blume Ventures",Private Equity Funding,"1,10,00,000",Series A
2623,7/16/2015,Ketto,Crowd Funding Platform,N/A,Mumbai,"Pradyumna Dalmia, Sudhir Rao & Others",Seed Funding,"7,00,000",N/A
2624,7/17/2015,QuikWallet,F&B sector Mobile Payment platform,N/A,Mumbai,Snow Leopard Technology Ventures,Private Equity Funding,"16,00,000",Follow on Funding
2625,7/17/2015,Omnikart,Industrial Supplies B2B ecommerce,N/A,Mumbai,"Sumit Gandhi, Manish Gandhi",Seed Funding,"1,00,000",N/A
2626,7/20/2015,Zo Rooms,Online budget hotel chain,N/A,New Delhi,"Tiger Global, Orios Venture Partners.",Private Equity Funding,"1,50,00,000",No confirmation
2627,7/20/2015,Innoviti,Payment Solutions platform,N/A,Bangalore,"Catamaran Ventures, New India Investment Corporation",Private Equity Funding,"48,50,000",Series A
2628,7/21/2015,ZenRadius,Online Hiring Platform,N/A,Bangalore,"Tracxn Labs, Deepak Singh",Seed Funding,,N/A
2629,7/21/2015,Joy by nature,Organic Food ecommerce,N/A,New Delhi,"Mumbai Angels, Vriddhi Fund, Others",Private Equity Funding,"10,00,000",Series A
2630,7/22/2015,Iqlect,Big Data & Analytics platform,N/A,Bangalore,Exfinity Venture Partners,Private Equity Funding,"20,00,000",Series A
2631,7/22/2015,deGustibus,Fine Dining Restaurant Chain,N/A,Mumbai,India Value Fund Advisors,Private Equity Funding,"3,00,00,000",Late Stage
2632,7/23/2015,Nestaway,Luxury Rental Homes,N/A,Bangalore,"Flipkart, Tiger Global",Private Equity Funding,"1,27,50,000",Series A
2633,7/23/2015,Mswipe,Mobile Point of Sale payment solution,N/A,N/A,"Falcon Edge Capital, Meru Capital, Ola, Matrix Partners, DSG Consumer Partners, Axis Bank",Private Equity Funding,"2,50,00,000",Series B
2634,7/23/2015,Myonsto,Online Grocers,N/A,Ahmedabad,Jayant Bokadia,Seed Funding,"3,20,000",N/A
2635,7/23/2015,iCrushiFlush,Casual Dating App,N/A,Mumbai,IDG Ventures India,Seed Funding,,N/A
2636,7/23/2015,MedGenome,Clinical Genomics Provider,N/A,Bangalore,Sequoia Capital,Private Equity Funding,"2,00,00,000",Series B
2637,7/23/2015,HolidayIQ,Travel information portal,N/A,Bangalore,MakeMyTrip,Private Equity Funding,"1,50,00,000",Strategic Investment
2638,7/23/2015,Fitternity,Fitness Marketplace,N/A,Mumbai,Exfinity Venture Partners,Private Equity Funding,"10,00,000",Series A
2639,7/23/2015,Quikr,Online & Mobile classified listings,N/A,Mumbai,"AB Kinnevik, Falcon Edge Capital, Coatue Management",Private Equity Funding,"6,00,00,000",Late Stage
2640,7/23/2015,JetSetGo,Private Jet/ Helicopter Marketplace,N/A,New Delhi,YourWeCan Ventures,Seed Funding,,N/A
2641,7/24/2015,BroEx,Real Estate Broker network App,N/A,Gurgaon,Lightspeed India,Private Equity Funding,"10,00,000",Bridge round
2642,7/25/2015,Shopatplaces,Ethnic/ Traditional Fashion Store,N/A,New Delhi,Indian Angel Network,Seed Funding,,N/A
2643,7/25/2015,CredR,Used Bikes Marketplace,N/A,Mumbai,Fidelity Growth Partners,Private Equity Funding,"1,50,00,000",Series A
2644,7/27/2015,ManageMySpa,Spa & Salon Management Software,N/A,Hyderabad,Accel Partners,Private Equity Funding,"60,00,000",Series A
2645,7/27/2015,Townrush,B2B logistics delivery platform,N/A,Bangalore,Lightspeed Venture Partners,Seed Funding,,N/A
2646,7/27/2015,Locus,Logistics Automation Platform,N/A,Bangalore,"growX ventures, Manish Singhal",Seed Funding,,N/A
2647,7/27/2015,Bevy,Online Hiring Platform,N/A,Bangalore,Varun Agarwal & Others,Seed Funding,,N/A
2648,7/28/2015,Pepperfry,Online home d\\xc3\\xa9cor marketplace,N/A,Mumbai,"Goldman Sachs, Zodius Technology Fund, Bertelsmann India Investments Norwest Venture Partners.",Private Equity Funding,"10,00,00,000",Series D
2649,7/28/2015,Flipkart.com,Online Marketplace,N/A,Bangalore,Steadview Capital and existing investors,Private Equity Funding,"70,00,00,000","Late Stage, 10th Round More here"
2650,7/28/2015,Opinio,Hyperlocal food & grocery store,N/A,Bangalore,"Accel Partners, Traxcn Labs & Others",Seed Funding,"13,00,000",N/A
2651,7/28/2015,Zoctr,Health-Tech platform,N/A,Mumbai,"Sandeep Parwal, Krishan Gupta & Others",Seed Funding,"10,00,000",N/A
2652,7/29/2015,Zimmber,Hyperlocal Handyman Services,N/A,Mumbai,"IDG Ventures India, Omidyar Network, Sherpalo Ventures, Mohandas Pai",Private Equity Funding,"20,00,000",Series A
2653,7/29/2015,trueHb,Medical Tech Instruments,N/A,New Delhi,"Sachin and Binny Bansal, Malvinder and Shivinder Singh, Gurpreet Singh & others",Seed Funding,"24,00,000",N/A
2654,7/29/2015,Zovi.com / Little App,Hyperlocal Deals Marketplace,N/A,Bangalore,"Paytm, SAIF Partners, Tiger Global Management & others",Private Equity Funding,"5,00,00,000",Series A
2655,7/29/2015,Swajal,Innovative Water Solutions,N/A,Gurgaon,Abhishek Gupta,Private Equity Funding,"12,00,000",Series A
2656,7/30/2015,Pipa Bella,Online Jewelry Store,N/A,Mumbai,LionRock Capital,Private Equity Funding,"6,00,000",Pre-Series A
2657,7/30/2015,Pragmatix,Business intelligence & Analytics,N/A,Mumbai,SIDBI Venture Capital Ltd,Private Equity Funding,"24,00,000",Series A
2658,7/30/2015,Droom.in,Used Vehicle Marketplace,N/A,New Delhi,"Lightbox Ventures, Beenos",Private Equity Funding,"1,60,00,000",Series A
2659,7/30/2015,MadRat Games,Educational Board Games,N/A,Bangalore,"Kunal Bahl, Rohit Bansal",Seed Funding,"1,68,000",N/A
2660,7/30/2015,Noodle Play,Chinese food delivery,N/A,Mumbai,"Elliot Stechman, Gautam Sinha, Ambarish Ray",Seed Funding,"1,68,000",N/A
2661,7/30/2015,Wassup,On-Demand Laundry & Dry cleaning App,N/A,Chennai,B S Nagesh,Private Equity Funding,,Pre-Series A
2662,7/30/2015,Cartisan,On-Demand Car services App,N/A,Bangalore,"YouWeCan Ventures, Aprameya Radhakrishna",Seed Funding,,N/A
2663,7/31/2015,LazyLad,Hyperlocal Grocery App,N/A,Gurgaon,"Jai Choi, Kiyohiro Sugashita, Hirokazu",Private Equity Funding,"5,00,000",pre-Series A
2664,7/31/2015,TripFactory,Online Curated Holiday package bookings,N/A,Bangalore,"Aarin Capital Partners,",Private Equity Funding,,Series A
2665,7/31/2015,Prothom,Hasbro Toy Manufacturer,N/A,Pune,Oliphabs Capital,Private Equity Funding,"20,00,000",Series A
2666,7/31/2015,Bona Vita,Travel Tech,N/A,Gurgaon,MakeMyTrip,Private Equity Funding,"50,00,000",Strategic Investment
2667,1/6/2015,Vyomo,Beauty and Wellness Platform,N/A,New Delhi,Aprameya Radhakrishna,Seed Funding,,N/A
2668,1/6/2015,Veeba Foods,Healthy Food Manufacturer,N/A,New Delhi,"DSG Consumer Partners, Saama Capital.",Private Equity Funding,"60,00,000",Series B
2669,1/6/2015,Truebil,Used Car Marketplace,N/A,Mumbai,"Kae Capital, Anupam Mittal",Seed Funding,"5,00,000",N/A
2670,1/6/2015,Meritnation,Online Learning Platform,N/A,New Delhi,InfoEdge,Private Equity Funding,"40,00,000",Series C
2671,1/6/2015,Eattreatonline,Healthy Food Online Community,N/A,New Delhi,Group of 15 Angel Investors,Seed Funding,"3,50,000",N/A
2672,1/6/2015,CredR,Used two-wheeler Marketplace,N/A,Mumbai,GrowthStory,Seed Funding,,N/A
2673,1/6/2015,Glamrs,Online Fashion Video Portal,N/A,Mumbai,"Ventureworks India, Blume Ventures, Batlivala & Karani Securities, Nikunj Jhaveri",Private Equity Funding,"10,00,000",Pre-Series A
2674,1/6/2015,Proviera,Probiotic Technology Products Manufacturer,N/A,Chennai,Infuse Ventures,Private Equity Funding,"5,50,000",N/A
2675,1/6/2015,Arth DesignBuild,Architectural Design & Consulting,N/A,Hyderabad,Srinivas Tirupati,Seed Funding,"5,00,000",N/A
2676,2/6/2015,Saama,Big Data & Analytics Services,N/A,Pune / US,Carrick Capital Partners,Private Equity Funding,"3,50,00,000",Series A
2677,2/6/2015,AllIzHealth,Preventive Healthcare Services,N/A,Pune,Mumbai Angels & Other angel investors,Seed Funding,"3,50,000",N/A
2678,2/6/2015,Karma Healthcare,Tech-enabled Rural Healthcare Services,N/A,Udaipur,Ennovent Impact Investment Holding,Private Equity Funding,,Series A
2679,3/6/2015,Entropy Innovations,Engineering Innovations,N/A,Mumbai,Mark Mobius & 9 Other Angel investors,Seed Funding,,N/A
2680,3/6/2015,Propstack,Real Estate Intelligence Platform,N/A,Mumbai,DMG Information,Private Equity Funding,"30,00,000",Series A
2681,3/6/2015,MyTaxiIndia,Online Car Rental Affiliates,N/A,New Delhi,Green House Ventures,Seed Funding,"1,00,000",N/A
2682,3/6/2015,Arkin Net,Data Center Software platform,N/A,Pune / US,Nexus Venture Partners,Private Equity Funding,"1,50,00,000",Series B
2683,3/6/2015,Little Black Book Delhi,Online City & Lifestyle Guide,N/A,New Delhi,"Rajan Anandan, Niraj Singh, Sachin Bhatia, Singapore Angel Network & Aseem Vadehra",Seed Funding,"1,50,000",N/A
2684,3/6/2015,MyPoolin,P2P Payments platform,N/A,New Delhi,"Sharad Sharma, Rajan Anandan, Sunil Kalra, Amit Ranjan, Rohan Malhotra, Arjun Malhotra, Gautam Gandhi",Seed Funding,,N/A
2685,3/6/2015,iCustomadeit,Bespoke Merchandize Marketplace,N/A,Pune,"Virendra Shahney, Dr Paresh Doshi",Seed Funding,"2,50,000",N/A
2686,3/6/2015,KAARYAH,Women Lifestyle Marketplace,N/A,Gurgaon,Ratan Tata,Seed Funding,,N/A
2687,4/6/2015,Ecom Express,Logistics Solution Provider,N/A,New Delhi,Warburg Pincus,Private Equity Funding,"13,70,00,000",Series C
2688,4/6/2015,Vidooly,Video Intelligence Platform,N/A,Noida,Bessemer Venture Partners,Private Equity Funding,"10,00,000",Pre-Series A
2689,4/6/2015,Zopper,Hyperlocal Shopping App,N/A,Mumbai,"Tiger Global, Nirvana Ventures Advisors",Private Equity Funding,"2,00,00,000",Series C
2690,4/6/2015,Flipkart,eCommerce platform,N/A,Bangalore,Morgan Stanley,Private Equity Funding,"5,00,00,000",Late Stage
2691,5/6/2015,kWatt Solutions,Renewable energy solutions,N/A,Mumbai,N/A,Seed Funding,"5,00,000",N/A
2692,5/6/2015,Medwell Ventures,Healthcare\\nService provider,N/A,Bangalore,"Fidelity Growth Partners, Fidelity Biosciences",Private Equity Funding,"1,00,00,000",Series A
2693,5/6/2015,Jugnoo,Auto Rickshaw Based Services,N/A,Chandigarh,"Snow Leopard, Paytm",Private Equity Funding,"50,00,000",Series A
2694,8/6/2015,PosterGully,Artist / Designer Marketplace,N/A,New Delhi,"Natarajan Iyer,Rajesh Sawhney, & other Angel investors.",Seed Funding,,N/A
2695,8/6/2015,Applied Solar Technologies,Off-grid Solar Power,N/A,Mumbai,"Future Fund,Bessemer Venture, Capricorn Investment and IFC",Private Equity Funding,"4,00,00,000",Series B
2696,9/6/2015,Clovia,Private Label lingerie Ecommerce,N/A,New Delhi,IvyCap Ventures,Private Equity Funding,"50,00,000",Series A
2697,9/6/2015,Swiggy,Online Food Ordering,N/A,Bangalore,"Norwest Venture Partners, SAIF Partners, Accel Partners",Private Equity Funding,"1,65,00,000",Series B
2698,9/6/2015,PayMango,Mobile Commerce Platform,N/A,Gurgaon,Group of Angel Investors,Seed Funding,"2,34,000",N/A
2699,9/6/2015,Printland,Online Printing Services,N/A,New Delhi,SIDBI Venture Capital Ltd,Private Equity Funding,,Series A
2700,9/6/2015,Teritree,Digital Marketing Services,N/A,Bangalore,KCL,Seed Funding,"1,40,000",N/A
2701,10/6/2015,Guiddoo,Travel Guide Mobile App,N/A,Mumbai,"Pawan Borle, SVP Fly Dubai & Others",Seed Funding,,N/A
2702,10/6/2015,Voonik,Fashion Ecommerce store,N/A,Bangalore,"Sequoia Capital, Seedfund",Private Equity Funding,"50,00,000",Series A
2703,11/6/2015,AdStringO,Mobile Compression Software,N/A,Mumbai,"Arihant Patni, Vishal Khare, Viswanath Ramachandran",Seed Funding,"3,50,000",N/A
2704,11/6/2015,Faircent.com,Peer to Peer Lending platform,N/A,Gurgaon,M&S Partners Pte. Ltd,Seed Funding,"2,50,000",Pre-Series A
2705,12/6/2015,La Renon,Global Healthcare products,N/A,Ahmedabad,Sequoia Capital,Private Equity Funding,"1,60,00,000",Series A
2706,6/15/2015,Homelane,Home Furnishing Solutions,N/A,Bangalore,Sequoia Capital,Private Equity Funding,"5,00,00,000",Series B
2707,6/15/2015,iSTAR,Skill Training & Placement Platform,N/A,Bangalore,Unitus Seed Fund,Private Equity Funding,,Series A
2708,6/15/2015,Shippr,Intra-City Logistics service,N/A,Bangalore,i2india Pvt Ltd,Seed Funding,"5,00,000",N/A
2709,6/16/2015,FoodAbhi,online tiffin service aggregator,N/A,Mumbai,Group of angel investors,Seed Funding,,N/A
2710,6/16/2015,Karma Recycling,Electronic Goods recycling service,N/A,Delhi,"Infuse Ventures, Low Carbon Enterprise Fund",Private Equity Funding,,Series A
2711,6/16/2015,CouponRaja,Online Coupon & comparison platform,N/A,Mumbai,"Mahesh Pratapneni, Pallab Chatterjee & others",Seed Funding,"5,00,000",N/A
2712,6/17/2015,Babychakra,Parents & Kids Online platform,N/A,Mumbai,"Mumbai Angels, Patni Family Office, Singapore Angel Network, Karan Maheshwari, Jatin Aneja, Kishor Ganji, Roopa Nath",Seed Funding,,N/A
2713,6/17/2015,Jiffstore,Online Grocery platform,N/A,Bangalore,"Unitus Seed Fund, Times Internet",Seed Funding,,additional funding round
2714,6/17/2015,MyDentist,Dental Clinic chain,N/A,Mumbai,"LGT Group, Asian Healthcare fund, Seedfund",Private Equity Funding,"82,00,000",Series C
2715,6/18/2015,Moovo,On-Demand Logistics Service,N/A,New Delhi,YouWeCan Ventures,Seed Funding,,N/A
2716,6/18/2015,Fracktal Works,3D Printer Manufacturer,N/A,Bangalore,Neoteric Infomatique Limited,Private Equity Funding,"30,00,000",Series A
2717,6/18/2015,Hansa Customer Equity,IT / Customer Engagement Consulting,N/A,Mumbai,ASK Pravi,Private Equity Funding,"50,00,000",Series A
2718,6/18/2015,HealthifyMe,Health & Fitness App,N/A,Bangalore,"Gopal Srinivasan, Sashi Reddy, Amit Gupta, Pallav Nadhani",Private Equity Funding,,Series A
2719,6/18/2015,CAKART.in,Online Education Marketplace,N/A,Bangalore,Sunil Maheshwari & group of investors,Seed Funding,,N/A
2720,6/19/2015,Housejoy,Home services marketplace,N/A,Bangalore,Matrix Partners,Private Equity Funding,"40,00,000",Series A
2721,6/19/2015,FundsIndia.com,Financial Services Platform,N/A,Chennai,"Faering Capital, Foundation Capital, Inventus Capital Partners",Private Equity Funding,"1,10,00,000",Series C
2722,6/20/2015,Cupick,Social Network for Artists,N/A,Bangalore,Group of Angel Investors from US/India,Seed Funding,"1,20,000",N/A
2723,6/20/2015,Tracxn,Startup funding platform,N/A,Bangalore,"Sachin Bansal, Bunny Bansal & other investors",Private Equity Funding,"1,00,00,000",Series A
2724,6/21/2015,Holachef,Food Delivery Platform,N/A,Mumbai,"Kalaari Capital, India Quotient",Private Equity Funding,"31,00,000",Series A
2725,6/22/2015,elong,Data Driven recruitment recommendation,N/A,Bangalore,"Kunal Bahl, Rohit Bansal, Blume Ventures, Phanindra Sama, Raju Reddy",Private Equity Funding,"50,00,000",Series A
2726,6/22/2015,Ixigo,Travel Search Engine,N/A,Gurgaon,Micromax Informatics,Private Equity Funding,,Strategic Investment
2727,6/22/2015,SkillAngels,Brain Games Platform,N/A,Chennai,Sprout Angels LLP,Seed Funding,,N/A
2728,6/22/2015,Vidgyor,Video Advertisement Platform,N/A,Bangalore,AngelPrime,Seed Funding,"5,00,000",N/A
2729,6/22/2015,Banihal,Algorithmic Match Making Platform,N/A,New Delhi / California,Dr David Cheriton,Seed Funding,,N/A
2730,6/23/2015,Goodservice,Mobile Chat based concierge service,N/A,New Delhi,Sequoia Capital,Private Equity Funding,"16,00,000",Series A
2731,6/23/2015,Treebo,Online Budget Hotel Booking Service,N/A,Bangalore,"Matrix Partners India, SAIF Partners",Private Equity Funding,"60,00,000",Series A
2732,6/23/2015,EduKart,Online education marketplace,N/A,New Delhi,"Holostik Group, YouWeCan Ventures, 500 Startups, Vijay Shekhar Sharma, Manish Kheterpal, Amit Patni",Private Equity Funding,"10,00,000",Series A
2733,6/23/2015,Healthians.com,Preventive healthcare services,N/A,Hyderabad,YouWeCan Ventures,Seed Funding,,N/A
2734,6/24/2015,LabInApp,Science Learning App,N/A,Bangalore,Unitus Seed Fund,Seed Funding,,N/A
2735,6/24/2015,Syona Cosmetics,Beauty and Wellness platform,N/A,Chennai,Chennai Angels,Seed Funding,,N/A
2736,6/24/2015,Sigrid Education,Online Education Platform,N/A,Noida,Oliphans Capital,Seed Funding,,N/A
2737,6/24/2015,Indix,SaaS product intelligence platform,N/A,N/A,"Nokia Growth Partners, Nexus Venture Partners, Avalon Ventures",Private Equity Funding,"1,50,00,000",Series C
2738,6/24/2015,The Porter,Logistics Tech,N/A,Mumbai,"Sequoia Capital, Kae Capital, Anupam Mittal, Sandeep Tandon",Private Equity Funding,"55,00,000",Series A
2739,6/24/2015,Retention.ai,App Analytics platform,N/A,Bangalore,"Mercury Fund, Anshu Sharma, Pratyush Prasanna, Robert Winters & others",Seed Funding,"5,00,000",N/A
2740,6/25/2015,Fusion Microfinance,Micro Finance Platform,N/A,New Delhi,"Development finance institution Belgian Investment Company, Oikocredit",Private Equity Funding,"86,00,000",Series C
2741,6/25/2015,Zinka,Freight logistics platform,N/A,Bangalore,"Accel Partners, Flipkart",Private Equity Funding,"60,00,000",Series A
2742,6/26/2015,CreditMantri,Credit Management Services,N/A,Chennai,"IDG Ventures India, Elevar Equity, Accion Venture Lab",Private Equity Funding,"25,00,000",Series A
2743,6/26/2015,GetMyPeon,Hyperlocal Handyman Services,N/A,Mumbai,Undisclosed investors,Seed Funding,"2,50,000",N/A
2744,6/29/2015,UrbanClap,Hyperlocal services marketplace,N/A,New Delhi,"SAIF Partners, Accel Partners",Private Equity Funding,"1,00,00,000",Series A
2745,6/29/2015,StayGlad,Beauty services Mobile Marketplace,N/A,Bangalore,"Tracxn Labs, Sahil Barua",Seed Funding,,N/A
2746,6/29/2015,AdWyze,Marketing / Advertising Automation platform,N/A,Bangalore,Mape Advisory,Seed Funding,"10,00,000",N/A
2747,6/29/2015,Zimmber,Hyperlocal Handyman Services,N/A,Mumbai,"Naveen Tiwari, Mohit Saxena, Amit Gupta, Piyush Shah, Manish Dugar",Seed Funding,"4,00,000",N/A
2748,6/30/2015,Buttercups,Online Lingerie platform,N/A,Bangalore,"Kanwaljit Singh, Angie Mahtaney, Manoj Varghese",Seed Funding,,N/A
2749,6/30/2015,RailYatri,Railways Information Mobile app,N/A,Bangalore,"Helion Ventures, Omidiyar Network, Blume Ventures and Ujama",Private Equity Funding,,Pre-Series A
2750,6/30/2015,aagaar.com,Hyperlocal grocery delivery,N/A,Gurgaon,Group of Investors,Seed Funding,,N/A
2751,6/30/2015,Flatchat,Flat rental Mobile App,N/A,Bangalore,Commonfloor,Private Equity Funding,"25,00,000",Strategic Funding
2752,6/30/2015,MyCFO,Wealth Management Platform,N/A,Mumbai,Sameer Koticha,Private Equity Funding,"15,00,000",Series A
2753,1/5/2015,Foodpanda,Online Food Delivery,N/A,Gurgaon,"Goldman Sachs, Rocket Internet",Private Equity Funding,"10,00,00,000",Series D
2754,1/5/2015,Termsheet,Fund Raising Platform,N/A,Chennai,"Anand Vijay, Nipun Dureja, Satyajit Heeralal, Keith Rodricks, Gaurav Lochan, Azmul Haque, Nikhil Bagri",Seed Funding,"1,00,000",N/A
2755,4/5/2015,Applicate,Workforce Management Software,N/A,Bangalore,"Rishi Vasudev, Amit Gupta, Rajiv Nayan",Seed Funding,"5,50,000",N/A
2756,4/5/2015,World Art Community,Online Art Marketplace,N/A,Gurgaon,Viraj Tyagi & others,Seed Funding,"2,00,000",N/A
2757,4/5/2015,SpoonJoy,Online Food Delivery,N/A,Bangalore,SAIF Partners,Seed Funding,"10,00,000",N/A
2758,5/5/2015,Seed Schools,Affordable Education,N/A,Hyderabad,Acumen Fund,Seed Funding,"6,50,000",N/A
2759,5/5/2015,Ignis Careers,Career Development,N/A,Hyderabad,Acumen Fund,Seed Funding,"2,50,000",N/A
2760,5/5/2015,Square Yards,Real Estate Advisory,N/A,Gurgaon,Undisclosed Investors,Private Equity Funding,"60,00,000",pre-Series A
2761,5/5/2015,Fintellix,Banking Analytics Platform,N/A,Bangalore,"IDG Ventures, Sequoia Capital",Private Equity Funding,"1,50,00,000",Series C
2762,5/5/2015,Customer360,Customer Engagement Platform,N/A,Mumbai,Vishwas Patel,Seed Funding,,N/A
2763,6/5/2015,Delhivery,Ecommerce Logistics,N/A,Gurgaon,"Tiger Global Management, Multiples Alternate Asset Management, Nexus Venture Partners, Times Internet",Private Equity Funding,"8,50,00,000",Series D
2764,6/5/2015,Swiggy,Online Food Delivery,N/A,Bangalore,Norwest Venture Partners,Private Equity Funding,"1,50,00,000",Series B
2765,7/5/2015,Uniphore,Speech Recognition Solutions,N/A,Chennai,"IDG Ventures, Kris Gopalakrishnan",Private Equity Funding,,Series A
2766,7/5/2015,Box8,Online Food Delivery,N/A,Mumbai,Mayfield Ventures,Private Equity Funding,"35,00,000",Series A
2767,7/5/2015,Toppr,Online Education Platform,N/A,Mumbai,"Fidelity Growth Partners India, SAIF Partners, Helion Ventures",Private Equity Funding,"1,00,00,000",Series B
2768,7/5/2015,Vedantu,Online Education Platform,N/A,Bangalore,"Accel Partners, Tiger Global Management",Private Equity Funding,"50,00,000",Series A
2769,8/5/2015,BuyHatke,Online Product Comparison,N/A,Bangalore,"S.Gopalakrishnan, Beenos",Seed Funding,"10,00,000",N/A
2770,8/5/2015,KleverKid,Online Education Platform,N/A,New Delhi,Aarin Capital Partners,Seed Funding,,N/A
2771,8/5/2015,Uniken,Online Security Platform,N/A,Pune,Exfinity Ventures,Private Equity Funding,"20,00,000",Bridge Round Pre-Series B
2772,8/5/2015,GrandOpinion,Online Medical Diagnostic,N/A,New Delhi,Florida based Angel investor,Seed Funding,"1,50,000",N/A
2773,8/5/2015,HealthifyMe,Health & Fitness App,N/A,Bangalore,Micromax Informatics,Private Equity Funding,,Strategic Investment
2774,12/5/2015,ZapStitch,Cloud Data Integration Platform,N/A,Bangalore,"Helion Venture Partners, Orios Venture Partners",Private Equity Funding,"20,00,000",Pre-Series A
2775,12/5/2015,Wassup,Mobile Laundry Cleaning Service,N/A,Chennai,"Arun Chandra Mohan, Praveen Sinha",Private Equity Funding,"20,00,000",Pre-Series A
2776,12/5/2015,Mobiefit,Mobile Fitness App,N/A,Goa,Prototyze,Seed Funding,,N/A
2777,12/5/2015,Plancess,Online Education Platform,N/A,Mumbai,"Rajendra Gogri, Chandrakant Gogri",Seed Funding,"20,00,000",N/A
2778,12/5/2015,WorkHorse,Service-On-Demand Mobile App,N/A,Mumbai,Undisclosed Investors,Seed Funding,,N/A
2779,5/13/2015,Innovaccer,Intelligent Data Analytics,N/A,Noida,"Rajan Anandan, Teru Sato, Aneesh Reddy, Venkatesh Valluri",Seed Funding,,N/A
2780,5/13/2015,MyCuteOffice,Online Office Rental,N/A,Mumbai,Lead Angels,Seed Funding,,N/A
2781,5/14/2015,IndianRoots.com,Lifestyle Ecommerce Portal,N/A,Gurgaon,KJS Group,Private Equity Funding,"50,00,000",Series B
2782,5/14/2015,RedPolka,Online Fashion Aggregator,N/A,Mumbai,Undisclosed Investors,Seed Funding,"2,50,000",N/A
2783,5/15/2015,Venturesity,Online Job skills Showcase,N/A,Bangalore,"Phanindra Sama, Jay Sethuram, Hemant Kanakia, Ravi Trivedi",Seed Funding,"2,70,000",N/A
2784,5/18/2015,TheBetterIndia.com,Online News Media,N/A,Bangalore,Mohandas Pai,Seed Funding,,Pre-Series Bridge
2785,5/18/2015,Awaaz De,Enterprise Communication Platform,N/A,Ahmedabad,Samir Shah,Seed Funding,,N/A
2786,5/19/2015,Chaayos,Offline Tea Chain,N/A,New Delhi,Tiger Global Management,Private Equity Funding,"10,00,000",Series A
2787,5/19/2015,Akosha,Business Messaging App,N/A,New Delhi,Sequoia Capital,Private Equity Funding,"1,60,00,000",Series B
2788,5/19/2015,Cooey,Health Mobile App,N/A,Bangalore,Subhash Goyal,Seed Funding,"4,70,000",N/A
2789,5/19/2015,MeetUniv,Online Ed-Tech Platform,N/A,Noida,Peesh Venture Capital,Seed Funding,"10,00,000",N/A
2790,5/19/2015,Inspirock,Online Travel Planning,N/A,N/A,MakeMyTrip Innovation Fund,Private Equity Funding,,N/A
2791,5/19/2015,Crown-it,Hyperlocal Mobile Marketplace,N/A,Gurgaon,"Accel Partners, Helion Venture Partners",Private Equity Funding,"55,00,000",Series A
2792,5/19/2015,Trucksfirst,Trucking Logistic Operations,N/A,Gurgaon,SAIF partners,Private Equity Funding,"1,00,00,000",Series A
2793,5/20/2015,Lookup,B2C Messaging App,N/A,Bangalore,Biz Stone,Private Equity Funding,"30,00,000",Series A
2794,5/21/2015,SunTerrace,Rooftop Solar Plants,N/A,New Delhi,Sunergy Investors,Private Equity Funding,,N/A
2795,5/22/2015,Nudgespot,Customer Engagement Platform,N/A,Bangalore,"Kae Capital, Anoop Goyal, Mike Shah, VA Sastry",Seed Funding,"6,25,000",N/A
2796,5/22/2015,CarDekho,Online Car Portal,N/A,Jaipur,HDFC Bank,Private Equity Funding,,1% stake
2797,5/22/2015,EveningFlavors,Online Table Reservation,N/A,Bangalore,Sandiep Shrivatsava,Seed Funding,"5,00,000",N/A
2798,5/25/2015,Razorpay,Online Payment Gateway,N/A,Bangalore,Punit Soni,Seed Funding,,N/A
2799,5/25/2015,ZenParent,Parents focused Web Content,N/A,Bangalore,i2india Ventures,Seed Funding,"5,00,000",N/A
2800,5/25/2015,Newgen Payments,Payments Solution Provider,N/A,New Delhi,Jan Manten,Seed Funding,,N/A
2801,5/26/2015,UrbanPro,On-demand Service marketplace,N/A,Bangalore,Nirvana Venture Advisors,Private Equity Funding,"20,00,000",Series A
2802,5/26/2015,Goodbox,On-Demand Business messaging,N/A,Bangalore,Manipal Group,Seed Funding,"2,00,000",N/A
2803,5/26/2015,Renderlogy,Online Home D\\xc3\\xa9cor,N/A,Hyderabad,Astarc Ventures,Private Equity Funding,"10,00,000",Series A
2804,5/27/2015,Postman,API Workflow platform,N/A,Bangalore,Nexus Venture Partners,Seed Funding,"10,00,000",Series A
2805,5/27/2015,Casa2inns,Affordable Hotel Booking Online,N/A,New Delhi,"Accel Partners, Kalaari Capital",Private Equity Funding,"50,00,000",Series A
2806,5/27/2015,FleetRover,Logistics Intelligence,N/A,Goa,"Tim Chen, Sanjay Venkat",Seed Funding,"1,80,000",N/A
2807,5/28/2015,TheKarrier,Last Mile Logistics,N/A,Bangalore,"Sol Primero, Outbox Ventures, Nikunj Jain",Seed Funding,"2,40,000",N/A
2808,5/28/2015,Zoomcar,Self-driven Car rental,N/A,Bangalore,Sequoia Capital,Private Equity Funding,"50,00,000",Series B Interim Funding
2809,5/28/2015,Truweight,Weight Management Service,N/A,Hyderabad,Kalaari Capital,Private Equity Funding,,Series A
2810,5/30/2015,Ather Energy,Electric Scooter Manufacturer,N/A,Bangalore,Tiger Global,Private Equity Funding,"1,20,00,000",Series A
2811,3/4/2015,Swiggy,Online Food Delivery,N/A,Bangalore,"Accel Partners, SAIF Partners",Private Equity Funding,"20,00,000",Series A
2812,4/4/2015,Bluegape,Web Content Publishing,N/A,Gurgaon,"Rudy Gopalakrishnan, ah! Ventures",Seed Funding,"2,00,000",N/A
2813,4/4/2015,KeepTrax,Location Based App,N/A,Dallas / Hyderabad,,Seed Funding,"10,00,000",N/A
2814,6/4/2015,InstaLively,Video Streaming,N/A,New Delhi,"Rajesh Sawheny , Rajan Anandan, Amit Ranjan, Niraj Singh, AECAL, MeraEvents.",Seed Funding,"1,20,000",N/A
2815,7/4/2015,Pricejugaad,Price Comparison,N/A,Hyderabad,"Amit Tyagi, Sandeep Acharya & others",Seed Funding,"1,65,000",N/A
2816,7/4/2015,Quikr,Online Classifieds,N/A,Mumbai,"Tiger Global, Investment AB Kinnevik, Steadview Capital",Private Equity Funding,"15,00,00,000",Series G (Check prev funding details here)
2817,7/4/2015,PressPlay,Travel Entertainment,N/A,New Delhi,"Sequoia Capital, Jason Hirschhorn, Jarett Posner, and Amit Bhatiani",Seed Funding,"22,00,000",N/A
2818,7/4/2015,LogiNext,Logistics Tech,N/A,Mumbai,"Ajit Surana, Sanjay Mehta",Seed Funding,,N/A
2819,8/4/2015,FirstCry.com,eCommerce,N/A,Pune,"Silicon Valley Ventures, NEA Ventures, Valiant Capital, IDG Ventures India, SAIF Partners, Vertex Ventures",Private Equity Funding,"1,00,00,000","Series D ( In Feb it was announced they raised 26M, but it is 36M, so added here)"
2820,8/4/2015,MobiKwik,Digital / Mobile Wallet,N/A,Gurgaon,"Tree Line Asia, Cisco Investments, American Express, Sequoia Capital",Private Equity Funding,"2,50,00,000",Series B
2821,8/4/2015,Olacabs,Cab Aggregator,N/A,Bangalore,"DST Global, Steadview Capital, Tiger Global, Accel Partners & Others",Private Equity Funding,"40,00,00,000",Series E (Updated from 315M to 400M after Press Release)
2822,9/4/2015,Gadgetwood,Device Repair Svcs,N/A,New Delhi,"Ajai Chowdhry, Ashvin Chadha, Yogesh Bansal,\\nNitin Singhal & Others",Seed Funding,"2,00,000",N/A
2823,9/4/2015,Bonhomia,Premium Beverages,N/A,New Delhi,"Kanwaljit Singh, Shripad Nadkarni, Sarvesh Shahra & Others",Seed Funding,"20,00,000",N/A
2824,9/4/2015,Changer Mints,Digital / Mobile Wallet,N/A,Kolkata,Hyderabad based investor,Seed Funding,"1,65,000",N/A
2825,9/4/2015,Urban Ladder,Online Furnishing\\neCommerce,N/A,Bangalore,"Sequoia Capital, TR Capital, Steadview Capital, SAIF Partners, Kalaari Capital",Private Equity Funding,"5,00,00,000",Series C
2826,9/4/2015,Purple Squirrel,Ed-Tech,N/A,Mumbai,"Matrix Partners India, India Quotient",Private Equity Funding,,Series B
2827,10/4/2015,Whatfix,Interactive How-To Guides,N/A,Bangalore,"Helion Venture Partner, Powerhouse Ventures, GSF and Other angel investors",Seed Funding,"9,00,000",N/A
2828,10/4/2015,iMMi Life,Mobile Health Tech,N/A,Chennai,Unitus Seed Fund,Seed Funding,,N/A
2829,11/4/2015,Zomato,Restaurant Reviews,N/A,Gurgaon,Info Edge (India),Private Equity Funding,"2,50,00,000",Late Stage
2830,4/13/2015,ZopNow,Online Grocer,N/A,Bangalore,"Dragoneer Investment, Accel Partners, Qualcomm Ventures, Times Internet",Private Equity Funding,"1,00,00,000",Series B
2831,4/13/2015,Nayi Disha,Ed-Tech,N/A,New Delhi,"Ajay Relan,",Seed Funding,"3,00,000",N/A
2832,4/13/2015,The Porter,Logistics Tech,N/A,Mumbai,Kae Capital,Seed Funding,"5,00,000",N/A
2833,4/13/2015,Commeasure,Online Hotel Booking,N/A,Noida,Jungle Ventures,Seed Funding,"10,00,000",N/A
2834,4/13/2015,Capricoast,Online Kitchen Furniture,N/A,Bangalore,Accel Partners India,Seed Funding,"12,50,000",N/A
2835,4/14/2015,LocalOye,Hyper-local Online Services,N/A,Mumbai,"Tiger Global Management, Lightspeed Venture Partners",Private Equity Funding,"50,00,000",Series A
2836,4/15/2015,Grofers,Hyper-Local Online/Mobile Grocery,N/A,Gurgaon,"Tiger Global, Sequoia Capital",Private Equity Funding,"3,50,00,000",Series B
2837,4/15/2015,PepperTap,Hyper-Local Online/Mobile Grocery,N/A,Gurgaon,"SAIF Partners, Sequoia Capital",Private Equity Funding,"1,00,00,000",Series A
2838,4/15/2015,PolicyBazaar,Online Policy Aggregator,N/A,Gurgaon,"PremjiInvest, Tiger Global, Ribbit Capital",Private Equity Funding,"4,00,00,000",Series D
2839,4/16/2015,UrbanClap,Hyperlocal Mobile Services Marketplace,N/A,New Delhi,"SAIF Partners, Accel Partners, Kunal Bahl, Rohit Bansal",Seed Funding,"16,00,000",N/A
2840,4/16/2015,Taskbob,OnDemand\\nMobile Handyman Services,N/A,Mumbai,"Orios Venture Partners, Mayfield India",Seed Funding,"12,00,000",N/A
2841,4/17/2015,Robosoft,Mobile App Development,N/A,Udupi,"Ascent Capital, Kalaari Capital",Private Equity Funding,"1,20,00,000",Series B
2842,4/18/2015,Doormint,On-Demand Handyman Services,N/A,Mumbai,Powai Lake Ventures,Seed Funding,,N/A
2843,4/20/2015,Vyomo,Beauty & Wellness Mobile App,N/A,Gurgaon,YouWeCan Ventures,Seed Funding,,N/A
2844,4/20/2015,Pastiwala,Material Collection & Recycling,N/A,Vadodara,Agnus Capital,Private Equity Funding,"40,00,000",Series A
2845,4/20/2015,1mg (Healthkartplus),Online Pharmacy & Drug DB,N/A,Gurgaon,"Deep Kalra, Sequoia Capital, Omidyar Network, Intel Capital & Kae Capital",Private Equity Funding,"60,00,000",Series A
2846,4/20/2015,Freshdesk,Online / Mobile Customer Support,N/A,Chennai,"Tiger Global, Google Capital & Accel Partners",Private Equity Funding,"5,00,00,000",Series E
2847,4/20/2015,Sulekha.com,Online Classifieds & Listings,N/A,Chennai,GIC ventures,Private Equity Funding,"2,80,00,000",Series C
2848,4/22/2015,FindYahan,Hyperlocal services marketplace,N/A,New Delhi,The Phoenix Fund,Private Equity Funding,,Series A
2849,4/22/2015,Eat.Shop.Love,Fashion ECommerce,N/A,Bangalore,Undisclosed Investor,Private Equity Funding,"35,00,000",Series A
2850,4/22/2015,Avanti Learning,Private Coaching Centers,N/A,New Delhi,"Michael & Susan Dell Foundation, Pearson Learning Fund",Private Equity Funding,"15,00,000",Series A
2851,4/23/2015,Simplilearn,Online Certification Courses,N/A,Bangalore,"Mayfield Ventures, Kalaari Capital, Helion Ventures",Private Equity Funding,"1,50,00,000",Series C
2852,4/23/2015,Craftstvilla,Ethnic Product eCommerce,N/A,Mumbai,"Sequoia Capital, Nexus venture Partners, Lightspeed Ventures, GFC",Private Equity Funding,"1,80,00,000",Series B
2853,4/23/2015,HeadOut,Last Minute Travel Deals mobile marketplace,N/A,Bangalore / SFO,"Version One Ventures, 500 Startups, Nexus Venture Partners and Arena Ventures",Seed Funding,"18,00,000",N/A
2854,4/23/2015,happay,usiness expense management,N/A,Bangalore,AngelPrime,Seed Funding,"5,00,000",N/A
2855,4/23/2015,Jugnoo,Auto Rickshaw based Logistics,N/A,Chandigarh,"Rakesh Mathur, Vikas Taneja & others",Seed Funding,"10,00,000",N/A
2856,4/23/2015,EazyDiner,Restaurant reservation app,N/A,New Delhi,"Deepak Shahdadpuri, Gulpreet Kohli",Seed Funding,,N/A
2857,4/23/2015,Phone Warrior,Spam Call block App,N/A,New Delhi,Lightspeed Ventures,Seed Funding,,Pre-Series A
2858,4/24/2015,Coverfox,Online Insurance Aggregator,N/A,Mumbai,"Accel US, Accel India, SAIF Partners.",Private Equity Funding,"1,20,00,000",Series B
2859,4/27/2015,Torqus,Restaurant Management Platform,N/A,Pune,S S Mukherji & Others,Seed Funding,"3,50,000",N/A
2860,4/27/2015,Grab,Food Logistics & Delivery,N/A,Mumbai,"Oliphans Capital, Haresh Chawla",Seed Funding,"10,00,000",N/A
2861,4/27/2015,LogicRoots,Interactive Educational Games,N/A,Jaipur,"Ah! Ventures, Calcutta Angels, 91SpringBoard",Seed Funding,"4,00,000",N/A
2862,4/27/2015,GIBBS,Clean Tech,N/A,New Delhi,Infuse Ventures fund,Private Equity Funding,,Series B
2863,4/28/2015,Babajobs,Grey collar Job Board,N/A,Bangalore,SEEK Ltd & affiliates,Private Equity Funding,"1,00,00,000",Series B
2864,4/28/2015,Urban Ladder,Online Furniture ecommerce,N/A,Bangalore,"Anand Rajaraman, Venky Harinarayan",Private Equity Funding,,Series D
2865,4/28/2015,Jay Robotix,Robotic Program learning,N/A,Hyderabad,Cross Border Angels & others,Seed Funding,"2,50,000",N/A
2866,4/28/2015,Naaptol.com,Tele-Shopping / eCommerce,N/A,Mumbai,Mitsui & Co & existing investors,Private Equity Funding,"2,15,00,000",Series C
2867,4/29/2015,ReGlobe,Used Gadgets Buy / Refurbishing,N/A,Gurgaon,"Bessemer Ventures, Blume Ventures",Seed Funding,"10,00,000",N/A
2868,4/29/2015,Icertis,Cloud Enterprise Software,N/A,Pune / US,"Greycroft Partners, Fidelity Growth Partners",Private Equity Funding,"60,00,000",Series A
2869,4/29/2015,Tracxn,Startup Analytics platform,N/A,Bangalore,SAIF Partners,Private Equity Funding,"35,00,000",Series A
2870,4/29/2015,Dazo,Mobile Food Ordering app,N/A,Bangalore,"Sumit Jain, Aprameya Radhakrishna, Alok Goel, Rajan Anandan, Amit Agrawal, Vinay Goel, Gaurav Munjal, Ashish Dev Kapur",Seed Funding,,N/A
2871,4/29/2015,Tradelab,Financial Markets Software,N/A,Bangalore,Rainmatter,Seed Funding,"4,00,000",N/A
2872,4/29/2015,PiQube,Hiring Analytics platform,N/A,Chennai,The HR Fund,Seed Funding,"5,00,000",N/A
2873,4/29/2015,Travel Triangle,Online Travel Marketplace,N/A,Noida,"Bessemer Venture Partners, SAIF Partners",Private Equity Funding,"80,00,000",Series B
2874,2/3/2015,TrulyMadly.com,nan,N/A,N/A,"Helion Venture Partners, Kae Capital",Private Equity Funding,"55,00,000",Series A
2875,2/3/2015,InstaLively,nan,N/A,N/A,Group of Angel Investors,Seed Funding,"1,20,000",N/A
2876,3/3/2015,Vserv,nan,N/A,N/A,"Maverick Capital, IDG Ventures India",Private Equity Funding,"1,50,00,000",N/A
2877,3/3/2015,Intruo.com,nan,N/A,N/A,"Ashutosh Lawania, Alok Goel & others",Seed Funding,,N/A
2878,5/3/2015,Niffler,nan,N/A,N/A,SAIF Partners,Seed Funding,"10,00,000",N/A
2879,5/3/2015,CustomFurnish.com,nan,N/A,N/A,"Madhukar Gangadi, Satish Reddy, Srini Raju, Srini Koppolu & SIDBI",Private Equity Funding,"25,00,000",N/A
2880,6/3/2015,MapMyGenome,nan,N/A,N/A,Rajan Anandan & other angel investors,Private Equity Funding,"12,00,000",N/A
2881,9/3/2015,Crowdfire (formerly Justunfollow),nan,N/A,N/A,Kalaari Capital,Private Equity Funding,"25,00,000",N/A
2882,9/3/2015,Bite Club,nan,N/A,N/A,"Powai Lake Ventures, Aneesh Reddy, Ashish Kashyap, Alok Mittal",Seed Funding,"5,00,000",N/A
2883,10/3/2015,Localbanya,nan,N/A,N/A,Shrem Strategies,Private Equity Funding,,Series B
2884,11/3/2015,Appedo,nan,N/A,N/A,Undisclosed Investors,Seed Funding,"10,00,000",N/A
2885,11/3/2015,Fitraq.com,nan,N/A,N/A,Tarun Arora,Seed Funding,"1,50,000",N/A
2886,11/3/2015,ChargeBee,nan,N/A,N/A,"Tiger Global, Accel Partners",Private Equity Funding,"50,00,000",Series B
2887,11/3/2015,Groupon India,nan,N/A,N/A,Sequoia Capital,Private Equity Funding,"2,00,00,000",N/A
2888,12/3/2015,Process 9,nan,N/A,N/A,"IAN Ventures, Alok Sharma, Kris Gopalakrishnan, Saurabh Srivastava, Ajai Chowdhry",Seed Funding,,N/A
2889,12/3/2015,MoonFrog Labs,nan,N/A,N/A,"Tiger Global, Sequoia Capital.",Private Equity Funding,"1,50,00,000",Series A
2890,3/13/2015,Foodpanda,nan,N/A,N/A,Rocket Internet AG & others,Private Equity Funding,"11,00,00,000",Series C
2891,3/13/2015,Paytm,nan,N/A,N/A,Ratan Tata,Private Equity Funding,,More details
2892,3/13/2015,DiabetOmics,nan,N/A,N/A,"VentureEast, Varaprasad Reddy",Private Equity Funding,"50,00,000",Series C
2893,3/13/2015,Qyk,nan,N/A,N/A,"Powai Lake Ventures, Zishan Hayath, Abhishek Goyal, Sahil Barua",Seed Funding,,N/A
2894,3/14/2015,Daily Rounds,nan,N/A,N/A,"Kae Capital, GSF, Teruhide Sato",Seed Funding,"5,00,000",N/A
2895,3/14/2015,Orobind,nan,N/A,N/A,"Zishaan Hayath, Lalit Mangal, Harpreet Singh Grover",Seed Funding,"2,00,000",N/A
2896,3/14/2015,Routofy,nan,N/A,N/A,"Kunal Bahl, Rohit Bansal",Seed Funding,,N/A
2897,3/16/2015,Digital Gorkha,nan,N/A,N/A,Ramesh kavediya,Seed Funding,"1,66,000",N/A
2898,3/16/2015,NestAway,nan,N/A,N/A,"IDG Ventures, Naveen Tewari",Seed Funding,"13,00,000",N/A
2899,3/16/2015,The Better India,nan,N/A,N/A,I-cube-N,Seed Funding,"1,66,000",N/A
2900,3/16/2015,Meru Cabs,nan,N/A,N/A,Value Fund Advisors,Private Equity Funding,"5,00,00,000",N/A
2901,3/17/2015,GolfLAN,nan,N/A,N/A,YourNest Angel Fund,Seed Funding,,N/A
2902,3/18/2015,Drivestream,nan,N/A,N/A,Wipro,Private Equity Funding,"50,00,000",N/A
2903,3/18/2015,wWhere,nan,N/A,N/A,Group of Angel Investors,Seed Funding,"2,00,000",N/A
2904,3/18/2015,GoJavas,nan,N/A,N/A,Snapdeal,Private Equity Funding,,"Minority stake, Strategic"
2905,3/19/2015,Tripoto,nan,N/A,N/A,"IDG Ventures, Outbox Ventures",Private Equity Funding,"20,00,000",Pre-Series A
2906,3/19/2015,Graphic India,nan,N/A,N/A,"CA Media LP, Start Media.",Seed Funding,"28,00,000",N/A
2907,3/20/2015,Harness Handitouch,nan,N/A,N/A,Armat Group,Private Equity Funding,,Series A
2908,3/20/2015,Lets Corp,nan,N/A,N/A,Wu Chay Chin,Seed Funding,"30,00,000",N/A
2909,3/20/2015,CollateBox,nan,N/A,N/A,LetsVenture,Seed Funding,"1,80,000",N/A
2910,3/20/2015,Mahindra First Choice,nan,N/A,N/A,Valiant Capital,Private Equity Funding,"1,50,00,000",Series B
2911,3/21/2015,Round One,nan,N/A,N/A,"HT Media, Arun Duggal",Seed Funding,,N/A
2912,3/23/2015,RazorPay,nan,N/A,N/A,Y Combinator,Seed Funding,"1,20,000",N/A
2913,3/23/2015,Mosambee,nan,N/A,N/A,RVCF and SIDBI,Private Equity Funding,,Series B
2914,3/24/2015,Furlenco,nan,N/A,N/A,LightBox Ventures,Private Equity Funding,"60,00,000",Series A
2915,3/24/2015,Cubito,nan,N/A,N/A,Sol Primero,Seed Funding,"1,60,000",N/A
2916,3/25/2015,Teabox,nan,N/A,N/A,"JAFCO Asia, Keystone Group, Dragoneer Investment, Accel Partners",Private Equity Funding,"60,00,000",Series A
2917,3/25/2015,Artoo,nan,N/A,N/A,"Accion Venture Labs, Rianta Capital",Private Equity Funding,"5,00,000",Series A
2918,3/25/2015,Fxkart.com,nan,N/A,N/A,"Dr Mushtaq Shah, Dr Faraz Naqvi",Seed Funding,"20,00,000",N/A
2919,3/25/2015,Rozgar Mela,nan,N/A,N/A,"Impact Investment Holding, Upaya Social Ventures",Seed Funding,,N/A
2920,3/25/2015,OYO Rooms,nan,N/A,N/A,"Greenoaks capital, Sequoia Capital, LightSpeed Ventures",Private Equity Funding,"2,50,00,000",Series A
2921,3/26/2015,Roposo.com,nan,N/A,N/A,"Tiger Global Management, Indian Quotient, Binny Bansal",Private Equity Funding,"50,00,000",Series A
2922,3/26/2015,Teewe,nan,N/A,N/A,"Sequoia Capital, India Quotient",Seed Funding,"17,50,000",N/A
2923,3/26/2015,ePoise,nan,N/A,N/A,Undisclosed,Seed Funding,,N/A
2924,3/27/2015,Urjas,nan,N/A,N/A,Solidarity Venture Capital & others,Seed Funding,"1,00,000",N/A
2925,3/27/2015,Chargein,nan,N/A,N/A,Pittie Group,Seed Funding,"1,00,000",N/A
2926,3/28/2015,Yogurt Labs,nan,N/A,N/A,"Nick Adams, Kiran Bhat, Family Pot Investments LLP",Seed Funding,"1,15,000",N/A
2927,3/28/2015,LimeRoad.com,nan,N/A,N/A,"Tiger Global, Matrix Partners, Lightspeed Venture Partners",Private Equity Funding,"3,00,00,000",N/A
2928,3/28/2015,Team Indus,nan,N/A,N/A,"Nandan Nilekani, Rajiv Mody, Ajai Chowdhary",Private Equity Funding,"15,00,000",Pre-Series A
2929,3/30/2015,Arohan Financial Services,nan,N/A,N/A,Tano Capital,Private Equity Funding,"1,00,00,000",N/A
2930,3/30/2015,BillDesk,nan,N/A,N/A,TA Associates,Private Equity Funding,"7,50,00,000",Incremental Capital
2931,3/31/2015,Triphobo,nan,N/A,N/A,"Mayfield Ventures, Kalaari Capital",Private Equity Funding,"30,00,000",Series B (More Here)
2932,3/31/2015,Aryaka,nan,N/A,N/A,"Trinity Ventures, InterWest Partners, Mohr Davidow Ventures, Presidio Ventures",Private Equity Funding,"1,60,00,000",Series D
2933,3/31/2015,Appsdaily,nan,N/A,N/A,"Zodius Capital, Ru-Net, Kalaari Capital, Qualcomm Ventures",Private Equity Funding,"1,60,00,000",Series C
2934,2/2/2015,Faaya,nan,N/A,N/A,Group of Angel Investors,Seed Funding,"$16,600.00",At the 10 minute million event
2935,2/2/2015,InstaBounce,nan,N/A,N/A,Group of Angel Investors,Seed Funding,"$16,600.00",At the 10 minute million event
2936,2/2/2015,Chloroplast Foods,nan,N/A,N/A,Group of Angel Investors,Seed Funding,"$16,600.00",At the 10 minute million event
2937,2/2/2015,Dealwithus,nan,N/A,N/A,Group of Angel Investors,Seed Funding,"$16,600.00",At the 10 minute million event
2938,2/2/2015,CleverSharks,nan,N/A,N/A,Group of Angel Investors,Seed Funding,"$16,600.00",At the 10 minute million event
2939,2/2/2015,Leaf,nan,N/A,N/A,Group of Angel Investors,Seed Funding,"$16,600.00",At the 10 minute million event
2940,2/2/2015,SmartPocket,nan,N/A,N/A,"Sol Primero, Rajiv Mehta",Seed Funding,"2,50,000",For mobile app
2941,2/2/2015,Yumist,nan,N/A,N/A,Orios Venture Partner,Private Equity Funding,"10,00,000",N/A
2942,2/2/2015,NowFloats,nan,N/A,N/A,Omidyar Network,Private Equity Funding,,Series A
2943,2/2/2015,FirstCry,nan,N/A,N/A,Valiant Capital Partners,Private Equity Funding,"2,60,00,000",Series D
2944,2/2/2015,HolaChef,nan,N/A,N/A,India Quotient,Seed Funding,"3,25,000",N/A
2945,3/2/2015,Frsh.co.in,nan,N/A,N/A,"India Quotient, Kae Capital",Seed Funding,"5,18,000",N/A
2946,3/2/2015,Manthan,nan,N/A,N/A,"Temasek, Norwest Venture Partners",Private Equity Funding,"6,00,00,000",Series D
2947,5/2/2015,Kobster.com,nan,N/A,N/A,Splice Advisors,Seed Funding,,N/A
2948,5/2/2015,Culture Machine,nan,N/A,N/A,"Tiger Global, Times Internet, Zodius Capital",Private Equity Funding,"1,80,00,000",Series B
2949,5/2/2015,Paytm,nan,N/A,N/A,Ant Financial Services (Alipay),Private Equity Funding,,Strategic Investment (25% stake)
2950,5/2/2015,Aisle.co,nan,N/A,N/A,"Anand Vijay, Shashank Mehrotra & Others",Seed Funding,"1,00,000",N/A
2951,6/2/2015,FreeCharge,nan,N/A,N/A,"Valiant Capital, Tybourne Capital, Sequoia Capital, RuNet and Sofina",Private Equity Funding,"8,00,00,000",Series C
2952,6/2/2015,NewsHunt,nan,N/A,N/A,"Falcon Edge Capital, Matrix Partners India, Sequoia Capital India and Omidyar Network",Private Equity Funding,"4,00,00,000",Series C
2953,9/2/2015,MyNoticePeriod,nan,N/A,N/A,IDG Ventures,Private Equity Funding,"30,00,000",Series A
2954,9/2/2015,CarDekho.com,nan,N/A,N/A,Ratan Tata,Private Equity Funding,,N/A
2955,9/2/2015,Faaso\\xe2\\x80\\x99s,nan,N/A,N/A,Lightbox Ventures,Private Equity Funding,"2,00,00,000",Series B
2956,10/2/2015,CarTrade.com,nan,N/A,N/A,Chip Perry,Private Equity Funding,,N/A
2957,10/2/2015,StoreKing,nan,N/A,N/A,Mangrove Capital Partners,Private Equity Funding,,N/A
2958,11/2/2015,Capital Float,nan,N/A,N/A,"SAIF Partners, Sequoia Capital, Aspada",Private Equity Funding,"1,30,00,000",Series A
2959,11/2/2015,Nimble Wireless,nan,N/A,N/A,AngelPrime,Seed Funding,"30,00,000",N/A
2960,11/2/2015,Townscript,nan,N/A,N/A,Group of Angel Investors,Seed Funding,,N/A
2961,11/2/2015,FindYahan,nan,N/A,N/A,"Karan Bajwa, Parvesh Bareja , Sunjay Kapur, Amanpreet Bajaj",Seed Funding,,N/A
2962,12/2/2015,Stayzilla,nan,N/A,N/A,"Nexus Venture Partners, Matrix Partners",Private Equity Funding,"2,00,00,000",Series B
2963,12/2/2015,Practo,nan,N/A,N/A,"Sequoia Capital, Matrix Partners",Private Equity Funding,"3,00,00,000",Series B
2964,2/13/2015,CimplyFive,nan,N/A,N/A,"Suresh Senapaty, TV Mohandas Pai",Seed Funding,,N/A
2965,2/13/2015,20Dresses,nan,N/A,N/A,"Srinivas Aluri, Srinivas Modukury, BS Nagesh",Seed Funding,"10,00,000",N/A
2966,2/13/2015,Itzcash,nan,N/A,N/A,Ashok Goel (promoter),Private Equity Funding,"1,65,00,000",Promoter Commitment
2967,2/16/2015,NewsInShorts,nan,N/A,N/A,"Tiger Global, Rebright Partners, Sachin and Binny Bansal",Private Equity Funding,"41,50,000",Series A
2968,2/16/2015,iTraveller.com,nan,N/A,N/A,ah! Ventures,Private Equity Funding,"10,00,000",Series A
2969,2/17/2015,NextGen,nan,N/A,N/A,Mumbai Angels & Group of other investors,Seed Funding,,N/A
2970,2/18/2015,Wooplr.com,nan,N/A,N/A,Helion Venture Partners,Private Equity Funding,"50,00,000",Series A
2971,5/19/2015,Springleap,nan,N/A,N/A,Cross Border Angels,Seed Funding,"8,00,000",N/A
2972,2/20/2015,Klip.in,nan,N/A,N/A,"Calcutta Angels, Venture Nursery Angels Mumbai Angels",Seed Funding,"5,00,000",N/A
2973,2/20/2015,Renderlogy,nan,N/A,N/A,Brick Eagle,Private Equity Funding,"16,00,000",Series A
2974,2/21/2015,Appbase,nan,N/A,N/A,"DA-IICT, Techstars, Carnegie Mellon University, Startup Brasil program",Seed Funding,"2,90,000",Grant + Seed funding
2975,2/23/2015,HomeLane,nan,N/A,N/A,"Sequoia Capital, Ranjan Pai, Mohandas Pai & others",Private Equity Funding,"45,00,000",Series A
2976,2/23/2015,Trip38,nan,N/A,N/A,"InterGlobe Technology Quotient, Lantern Capital",Private Equity Funding,"10,00,000",Series A
2977,2/23/2015,Smartairtrip.com,nan,N/A,N/A,Undisclosed,Private Equity Funding,"1,00,00,000",Series A
2978,2/23/2015,NoBroker,nan,N/A,N/A,"SAIF Partners, Fulcrum Ventures",Private Equity Funding,"30,00,000",Series A
2979,2/24/2015,Caravan Craft Retail,nan,N/A,N/A,"Unitus Seed Fund\\nNarayan Ramachandran, Bijou Kurien",Seed Funding,"5,00,000",N/A
2980,2/25/2015,SquadRun,nan,N/A,N/A,"Amit Ranjan, Deepinder Goyal, Zishaan Hayath, Powai Lake Ventures",Seed Funding,,N/A
2981,2/25/2015,Clonect Solutions,nan,N/A,N/A,"V Balakrishnan, T V Mohandas Pai, BC Prabhakar",Seed Funding,"2,50,000",N/A
2982,2/25/2015,TaxSutra,nan,N/A,N/A,"V Balakrishnan, T V Mohandas Pai",Seed Funding,"1,60,000",N/A
2983,2/25/2015,PepperTap,nan,N/A,N/A,Sequoia Capital,Seed Funding,,N/A
2984,2/25/2015,Sattviko,nan,N/A,N/A,"Sumit Jain, Rajat Jain, Sanjay Bhasin",Seed Funding,"3,20,000",N/A
2985,2/25/2015,IndustryBuying,nan,N/A,N/A,SAIF Partners,Private Equity Funding,"20,00,000",Series A
2986,2/26/2015,FreshWorld,nan,N/A,N/A,"Kris Gopalakrishnan, Nagaraja Prakasam",Seed Funding,,N/A
2987,2/26/2015,TinyOwl,nan,N/A,N/A,"Matrix Partners, Sequoia Capital, Nexus Venture Partners",Private Equity Funding,"1,60,00,000",Series B
2988,2/27/2015,Momoe,nan,N/A,N/A,"IDG Ventures India, Jungle Ventures, India Quotient.",Seed Funding,"12,00,000",N/A
2989,2/27/2015,Grofers,nan,N/A,N/A,"Tiger Global Management, Sequoia Capital India",Private Equity Funding,"1,00,00,000",Series A
2990,2/1/2015,LensKart,nan,N/A,N/A,"TPG Growth, TR Capital, IDG Ventures",Private Equity Funding,"21,50,000",N/A
2991,2/1/2015,VioletStreet,nan,N/A,N/A,"Venkat Vallabhneni, Sudhakar Reddy, Srinivasa Rao Paturi",Seed Funding,"3,15,000",N/A
2992,5/1/2015,Lookup,nan,N/A,N/A,"DeNA Co., Japan & Teruhide Sato (in Addition to MKS Switzerland & Kris GopalKrishnan)",Seed Funding,"3,80,000",N/A
2993,5/1/2015,#Fame,nan,N/A,N/A,TO THE NEW Ventures,Private Equity Funding,"1,00,00,000",N/A
2994,5/1/2015,Gympik,nan,N/A,N/A,"Tom Clausen, Rohan Ajila, Haldyn Glass",Seed Funding,"1,35,000",N/A
2995,6/1/2015,Near.in,nan,N/A,N/A,"Anupam Mittal, Manish Vij, Prashant Tandon, Gaurav Agarwal, Akash Agarwal, Himanshu Aggarwal, Kevin Parikh",Seed Funding,"2,85,000",N/A
2996,6/1/2015,Purplle.com,nan,N/A,N/A,IvyCap Ventures,Private Equity Funding,,N/A
2997,6/1/2015,NumberMall,nan,N/A,N/A,SRI Capital,Private Equity Funding,"1,00,00,000",N/A
2998,6/1/2015,Tookitaki,nan,N/A,N/A,"Jungle Ventures, Redbright Partners, Blume Ventures",Private Equity Funding,"10,00,000",N/A
2999,6/1/2015,Frankly,nan,N/A,N/A,Matrix Partners,Seed Funding,"6,00,000",N/A
3000,7/1/2015,Faircent,nan,N/A,N/A,"Devesh Sachdev, Ashish Tiwari",Seed Funding,,Valuation at $4M
3001,7/1/2015,Nurturey,nan,N/A,N/A,Seedrs Crowd funding platform,Crowd funding,"1,25,000",N/A
3002,7/1/2015,Bewakoof,nan,N/A,N/A,"Rohit Bansal, Kunal Bahl, Nikhil Vora",Seed Funding,,N/A
3003,7/1/2015,Stridalyzer,nan,N/A,N/A,Kickstarter,Crowd Funding,"$30,768.00",N/A
3004,7/1/2015,Commonfloor,nan,N/A,N/A,Google Capital,Private Equity Funding,"50,00,000",3rd Round
3005,9/1/2015,Sokrati,nan,N/A,N/A,"IvyCap Ventures, Inventus Capital",Private Equity Funding,,Series B
3006,9/1/2015,YepMe,nan,N/A,N/A,"JS Capital, Helion Venture Partners, Capricorn Investment Group",Private Equity Funding,"1,30,00,000",Series A
3007,9/1/2015,TapCibo,nan,N/A,N/A,Alok Goel,Seed Funding,,N/A
3008,12/1/2015,Verayu,nan,N/A,N/A,"GWB Group, Blume Ventures",Private Equity Funding,,N/A
3009,12/1/2015,MyDreamStore,nan,N/A,N/A,Undisclosed Investors,Seed Funding,"2,90,000",N/A
3010,1/13/2015,AppVirality,nan,N/A,N/A,"Rajan Anandan, Mike Galgon, Ashim Mehra, Mohit Saxena, Ravi Gururaj, TNN Capital & IIG",Seed Funding,,N/A
3011,1/14/2015,RateGain,nan,N/A,N/A,TA Associates,Private Equity Funding,"5,00,00,000",N/A
3012,1/14/2015,Wishberry,nan,N/A,N/A,"Rajan Anandan, Shankar Mahadevan, Deep Kalra & Others",Seed Funding,"6,50,000",N/A
3013,1/16/2015,eKincare,nan,N/A,N/A,Adroitent Pvt. Ltd.,Seed Funding,"1,61,000",N/A
3014,1/18/2015,ShopClues,nan,N/A,N/A,Tiger Global & Other investors,Private Equity Funding,"10,00,00,000",More Details
3015,1/19/2015,Refiral,nan,N/A,N/A,Cogent E Services,Seed Funding,"3,30,000",N/A
3016,1/19/2015,Ping Digital,nan,N/A,N/A,Consortium of Angel Investors,Seed Funding,,N/A
3017,1/19/2015,HealthyWorld.in,nan,N/A,N/A,Group of Angel Investors,Seed Funding,"2,00,000",N/A
3018,1/19/2015,Hostel Dunia,nan,N/A,N/A,Hyderabad Angels (at Startup Heroes event),Seed Funding,"$16,000.00",N/A
3019,1/19/2015,Play your sport,nan,N/A,N/A,Hyderabad Angels (at Startup Heroes event),Seed Funding,"$16,000.00",N/A
3020,1/19/2015,Yo Grad,nan,N/A,N/A,Hyderabad Angels (at Startup Heroes event),Seed Funding,"$16,000.00",N/A
3021,1/19/2015,Enabli,nan,N/A,N/A,Hyderabad Angels (at Startup Heroes event),Seed Funding,"$16,000.00",N/A
3022,1/19/2015,CBS,nan,N/A,N/A,Hyderabad Angels (at Startup Heroes event),Seed Funding,"$16,000.00",N/A
3023,1/20/2015,Hopscotch,nan,N/A,N/A,Eduardo Saverin & Velos Capital,Private Equity Funding,"1,10,00,000",N/A
3024,1/20/2015,Amagi Media Labs,nan,N/A,N/A,Premji Invest & Mayfield Fund,Private Equity Funding,,N/A
3025,1/20/2015,HealthyWorld.in,nan,N/A,N/A,Group of Angel Investors,Seed Funding,"2,00,000",N/A
3026,1/21/2015,Simplilearn,nan,N/A,N/A,"Mayfield India, Kalaari Capital, Helion Ventures",Private Equity Funding,"1,47,50,000",N/A
3027,1/21/2015,MyDreamStore,nan,N/A,N/A,Undisclosed Investors,Seed Funding,"3,25,000",N/A
3028,5/21/2015,Knit,nan,N/A,N/A,"Rohit Jain, Amit Rambhia & Others",Seed Funding,,N/A
3029,5/21/2015,Villgro,nan,N/A,N/A,Michael & Susan Dell Foundation,Seed Funding,"32,50,000",To fund edu startups
3030,1/22/2015,Corporate360,nan,N/A,N/A,Group of Angel Investors,Seed Funding,"2,00,000",N/A
3031,1/22/2015,Freshmonk,nan,N/A,N/A,"August Capital Partners, Michael Blakey",Seed Funding,,N/A
3032,1/22/2015,Englishleap.com,nan,N/A,N/A,ANALEC,Private Equity Funding,,Majority Stake
3033,1/22/2015,Antuit,nan,N/A,N/A,"Goldman Sachs, Zodius Capital",Private Equity Funding,"5,60,00,000",N/A
3034,1/22/2015,Caratlane.com,nan,N/A,N/A,Tiger Global,Private Equity Funding,"3,10,00,000",Series D
3035,1/24/2015,Aasaanjobs,nan,N/A,N/A,"Inventus Capital Partners, IDG Ventures",Seed Funding,"15,00,000",N/A
3036,1/24/2015,Impartus,nan,N/A,N/A,Kaizen Private Equity,Private Equity Funding,,Series A
3037,1/25/2015,Thrill App,nan,N/A,N/A,People Group (Shaadi.com),Private Equity Funding,"10,00,000",Strategic Funding
3038,1/27/2015,CarDekho.com,nan,N/A,N/A,"Hillhouse Capital, Tybourne Capital",Private Equity Funding,"5,00,00,000",Series B
3039,1/28/2015,Grabhouse.com,nan,N/A,N/A,"Kalaari Capital, Sequoia Capital",Private Equity Funding,"25,00,000",Series A
3040,1/29/2015,Printvenue,nan,N/A,N/A,Asia Pacific Internet Group,Private Equity Funding,"45,00,000",N/A
3041,1/29/2015,Graphene,nan,N/A,N/A,KARSEMVEN Fund,Private Equity Funding,"8,25,000",Govt backed VC Fund
3042,1/30/2015,Mad Street Den,nan,N/A,N/A,"Exfinity Fund, GrowX Ventures.",Private Equity Funding,"15,00,000",N/A
3043,1/30/2015,Simplotel,nan,N/A,N/A,MakeMyTrip,Private Equity Funding,,"Strategic Funding, Minority stake"
3044,1/31/2015,couponmachine.in,nan,N/A,N/A,UK based Group of Angel Investors,Seed Funding,"1,40,000",N/A
